Date,Campus,Bus,Driver,Route,Scheduled Time,Entry Time,Exit Time,First Unload Time,Time Difference between Entry Time and Scheduled Time,Time Difference between First Unload Time and Scheduled Time,NumberUnloadedAtCampus
8/12/2025 12:00:00 AM,Anderson Elementary,800,Williams M,AND01 AM,7:35:00 AM,7:19:54 AM,,7:19:54 AM,,,
8/12/2025 12:00:00 AM,Anderson Elementary,801,Anderson C,AND02 AM,7:35:00 AM,7:10:39 AM,,7:10:39 AM,,,
8/12/2025 12:00:00 AM,Anderson Elementary,802,Davis R,AND03 AM,7:35:00 AM,7:18:17 AM,,7:18:17 AM,,,
8/12/2025 12:00:00 AM,Anderson Elementary,803,Brown K,AND04 AM,7:35:00 AM,7:23:10 AM,,7:23:10 AM,,,
8/12/2025 12:00:00 AM,Anderson Elementary,804,Johnson T,AND05 AM,7:35:00 AM,7:18:17 AM,,7:18:17 AM,,,
8/12/2025 12:00:00 AM,Bammel Elementary,810,Miller S,BAM01 AM,7:35:00 AM,7:13:34 AM,,7:13:34 AM,,,
8/12/2025 12:00:00 AM,Bammel Elementary,811,Taylor B,BAM02 AM,7:35:00 AM,7:29:55 AM,,7:29:55 AM,,,
8/12/2025 12:00:00 AM,Bammel Elementary,812,Anderson C,BAM03 AM,7:35:00 AM,7:13:55 AM,,7:13:55 AM,,,
8/12/2025 12:00:00 AM,Bammel Elementary,813,Miller S,BAM04 AM,7:35:00 AM,7:16:00 AM,,7:16:00 AM,,,
8/12/2025 12:00:00 AM,Bammel Elementary,814,Anderson C,BAM05 AM,7:35:00 AM,7:26:23 AM,,7:26:23 AM,,,
8/12/2025 12:00:00 AM,Cooper Elementary,820,Williams M,COO01 AM,7:35:00 AM,7:50:53 AM,,7:50:53 AM,,,
8/12/2025 12:00:00 AM,Cooper Elementary,821,Williams M,COO02 AM,7:35:00 AM,7:44:49 AM,,7:44:49 AM,,,
8/12/2025 12:00:00 AM,Cooper Elementary,822,Anderson C,COO03 AM,7:35:00 AM,7:24:45 AM,,7:24:45 AM,,,
8/12/2025 12:00:00 AM,Cooper Elementary,823,Johnson T,COO04 AM,7:35:00 AM,7:23:37 AM,,7:23:37 AM,,,
8/12/2025 12:00:00 AM,Cooper Elementary,824,Anderson C,COO05 AM,7:35:00 AM,7:15:13 AM,,7:15:13 AM,,,
8/12/2025 12:00:00 AM,Heritage Elementary,830,Moore A,HER01 AM,7:35:00 AM,7:17:29 AM,,7:17:29 AM,,,
8/12/2025 12:00:00 AM,Heritage Elementary,831,Williams M,HER02 AM,7:35:00 AM,7:24:34 AM,,7:24:34 AM,,,
8/12/2025 12:00:00 AM,Heritage Elementary,832,Anderson C,HER03 AM,7:35:00 AM,7:10:34 AM,,7:10:34 AM,,,
8/12/2025 12:00:00 AM,Heritage Elementary,833,Moore A,HER04 AM,7:35:00 AM,,,7:26:16 AM,,,
8/12/2025 12:00:00 AM,Heritage Elementary,834,Taylor B,HER05 AM,7:35:00 AM,7:21:13 AM,,7:21:13 AM,,,
8/12/2025 12:00:00 AM,Jenkins Elementary,840,Anderson C,JEN01 AM,7:35:00 AM,7:44:10 AM,,7:44:10 AM,,,
8/12/2025 12:00:00 AM,Jenkins Elementary,841,Williams M,JEN02 AM,7:35:00 AM,7:45:15 AM,,7:45:15 AM,,,
8/12/2025 12:00:00 AM,Jenkins Elementary,842,Miller S,JEN03 AM,7:35:00 AM,7:20:15 AM,,7:20:15 AM,,,
8/12/2025 12:00:00 AM,Jenkins Elementary,843,Taylor B,JEN04 AM,7:35:00 AM,7:12:06 AM,,7:12:06 AM,,,
8/12/2025 12:00:00 AM,Jenkins Elementary,844,Miller S,JEN05 AM,7:35:00 AM,7:13:45 AM,,7:13:45 AM,,,
8/12/2025 12:00:00 AM,Lewis Elementary,850,Brown K,LEW01 AM,7:35:00 AM,7:27:47 AM,,7:27:47 AM,,,
8/12/2025 12:00:00 AM,Lewis Elementary,851,Taylor B,LEW02 AM,7:35:00 AM,7:29:05 AM,,7:29:05 AM,,,
8/12/2025 12:00:00 AM,Lewis Elementary,852,Taylor B,LEW03 AM,7:35:00 AM,,,7:15:56 AM,,,
8/12/2025 12:00:00 AM,Lewis Elementary,853,Anderson C,LEW04 AM,7:35:00 AM,7:26:02 AM,,7:26:02 AM,,,
8/12/2025 12:00:00 AM,Lewis Elementary,854,Anderson C,LEW05 AM,7:35:00 AM,7:42:39 AM,,7:42:39 AM,,,
8/12/2025 12:00:00 AM,Marshall Elementary,860,Wilson J,MAR01 AM,7:35:00 AM,7:42:51 AM,,7:42:51 AM,,,
8/12/2025 12:00:00 AM,Marshall Elementary,861,Taylor B,MAR02 AM,7:35:00 AM,7:16:22 AM,,7:16:22 AM,,,
8/12/2025 12:00:00 AM,Marshall Elementary,862,Miller S,MAR03 AM,7:35:00 AM,7:14:25 AM,,7:14:25 AM,,,
8/12/2025 12:00:00 AM,Marshall Elementary,863,Miller S,MAR04 AM,7:35:00 AM,7:11:27 AM,,7:11:27 AM,,,
8/12/2025 12:00:00 AM,Marshall Elementary,864,Miller S,MAR05 AM,7:35:00 AM,7:17:00 AM,,7:17:00 AM,,,
8/12/2025 12:00:00 AM,Reynolds Elementary,870,Williams M,REY01 AM,7:35:00 AM,7:50:21 AM,,7:50:21 AM,,,
8/12/2025 12:00:00 AM,Reynolds Elementary,871,Miller S,REY02 AM,7:35:00 AM,7:24:26 AM,,7:24:26 AM,,,
8/12/2025 12:00:00 AM,Reynolds Elementary,872,Johnson T,REY03 AM,7:35:00 AM,7:24:27 AM,,7:24:27 AM,,,
8/12/2025 12:00:00 AM,Reynolds Elementary,873,Brown K,REY04 AM,7:35:00 AM,7:21:32 AM,,7:21:32 AM,,,
8/12/2025 12:00:00 AM,Reynolds Elementary,874,Johnson T,REY05 AM,7:35:00 AM,7:15:39 AM,,7:15:39 AM,,,
8/12/2025 12:00:00 AM,Westfield Middle School,880,Moore A,WES01 AM,8:05:00 AM,,,7:38:49 AM,,,
8/12/2025 12:00:00 AM,Westfield Middle School,881,Johnson T,WES02 AM,8:05:00 AM,7:57:29 AM,,7:57:29 AM,,,
8/12/2025 12:00:00 AM,Westfield Middle School,882,Anderson C,WES03 AM,8:05:00 AM,7:43:28 AM,,7:43:28 AM,,,
8/12/2025 12:00:00 AM,Westfield Middle School,883,Davis R,WES04 AM,8:05:00 AM,7:58:45 AM,,7:58:45 AM,,,
8/12/2025 12:00:00 AM,Lakewood Middle School,890,Brown K,LAK01 AM,8:05:00 AM,7:58:26 AM,,7:58:26 AM,,,
8/12/2025 12:00:00 AM,Lakewood Middle School,891,Johnson T,LAK02 AM,8:05:00 AM,7:42:24 AM,,7:42:24 AM,,,
8/12/2025 12:00:00 AM,Lakewood Middle School,892,Anderson C,LAK03 AM,8:05:00 AM,7:53:31 AM,,7:53:31 AM,,,
8/12/2025 12:00:00 AM,Lakewood Middle School,893,Brown K,LAK04 AM,8:05:00 AM,7:56:39 AM,,7:56:39 AM,,,
8/12/2025 12:00:00 AM,Riverside Middle School,900,Taylor B,RIV01 AM,8:05:00 AM,7:52:24 AM,,7:52:24 AM,,,
8/12/2025 12:00:00 AM,Riverside Middle School,901,Williams M,RIV02 AM,8:05:00 AM,7:43:03 AM,,7:43:03 AM,,,
8/12/2025 12:00:00 AM,Riverside Middle School,902,Johnson T,RIV03 AM,8:05:00 AM,7:53:08 AM,,7:53:08 AM,,,
8/12/2025 12:00:00 AM,Riverside Middle School,903,Thomas D,RIV04 AM,8:05:00 AM,7:57:49 AM,,7:57:49 AM,,,
8/12/2025 12:00:00 AM,Metro High School,910,Davis R,MET01 AM,8:55:00 AM,8:30:15 AM,,8:30:15 AM,,,
8/12/2025 12:00:00 AM,Metro High School,911,Anderson C,MET02 AM,8:55:00 AM,8:39:04 AM,,8:39:04 AM,,,
8/12/2025 12:00:00 AM,Metro High School,912,Taylor B,MET03 AM,8:55:00 AM,8:37:11 AM,,8:37:11 AM,,,
8/12/2025 12:00:00 AM,Northgate High School,920,Thomas D,NOR01 AM,8:55:00 AM,8:43:53 AM,,8:43:53 AM,,,
8/12/2025 12:00:00 AM,Northgate High School,921,Johnson T,NOR02 AM,8:55:00 AM,8:40:11 AM,,8:40:11 AM,,,
8/12/2025 12:00:00 AM,Northgate High School,922,Johnson T,NOR03 AM,8:55:00 AM,8:44:05 AM,,8:44:05 AM,,,
8/13/2025 12:00:00 AM,Anderson Elementary,800,Johnson T,AND01 AM,7:35:00 AM,7:23:25 AM,,7:23:25 AM,,,
8/13/2025 12:00:00 AM,Anderson Elementary,801,Anderson C,AND02 AM,7:35:00 AM,7:16:17 AM,,7:16:17 AM,,,
8/13/2025 12:00:00 AM,Anderson Elementary,802,Davis R,AND03 AM,7:35:00 AM,7:22:46 AM,,7:22:46 AM,,,
8/13/2025 12:00:00 AM,Anderson Elementary,803,Brown K,AND04 AM,7:35:00 AM,7:13:08 AM,,7:13:08 AM,,,
8/13/2025 12:00:00 AM,Anderson Elementary,804,Johnson T,AND05 AM,7:35:00 AM,7:15:30 AM,,7:15:30 AM,,,
8/13/2025 12:00:00 AM,Bammel Elementary,810,Williams M,BAM01 AM,7:35:00 AM,7:29:09 AM,,7:29:09 AM,,,
8/13/2025 12:00:00 AM,Bammel Elementary,811,Thomas D,BAM02 AM,7:35:00 AM,7:39:49 AM,,7:39:49 AM,,,
8/13/2025 12:00:00 AM,Bammel Elementary,812,Thomas D,BAM03 AM,7:35:00 AM,7:37:48 AM,,7:37:48 AM,,,
8/13/2025 12:00:00 AM,Bammel Elementary,813,Johnson T,BAM04 AM,7:35:00 AM,7:11:30 AM,,7:11:30 AM,,,
8/13/2025 12:00:00 AM,Bammel Elementary,814,Miller S,BAM05 AM,7:35:00 AM,7:46:37 AM,,7:46:37 AM,,,
8/13/2025 12:00:00 AM,Cooper Elementary,820,Brown K,COO01 AM,7:35:00 AM,7:25:50 AM,,7:25:50 AM,,,
8/13/2025 12:00:00 AM,Cooper Elementary,821,Anderson C,COO02 AM,7:35:00 AM,7:16:05 AM,,7:16:05 AM,,,
8/13/2025 12:00:00 AM,Cooper Elementary,822,Johnson T,COO03 AM,7:35:00 AM,7:46:52 AM,,7:46:52 AM,,,
8/13/2025 12:00:00 AM,Cooper Elementary,823,Thomas D,COO04 AM,7:35:00 AM,7:15:05 AM,,7:15:05 AM,,,
8/13/2025 12:00:00 AM,Cooper Elementary,824,Taylor B,COO05 AM,7:35:00 AM,7:18:52 AM,,7:18:52 AM,,,
8/13/2025 12:00:00 AM,Heritage Elementary,830,Anderson C,HER01 AM,7:35:00 AM,7:30:42 AM,,7:30:42 AM,,,
8/13/2025 12:00:00 AM,Heritage Elementary,831,Taylor B,HER02 AM,7:35:00 AM,7:24:17 AM,,7:24:17 AM,,,
8/13/2025 12:00:00 AM,Heritage Elementary,832,Davis R,HER03 AM,7:35:00 AM,,,7:22:05 AM,,,
8/13/2025 12:00:00 AM,Heritage Elementary,833,Miller S,HER04 AM,7:35:00 AM,7:22:26 AM,,7:22:26 AM,,,
8/13/2025 12:00:00 AM,Heritage Elementary,834,Brown K,HER05 AM,7:35:00 AM,7:22:49 AM,,7:22:49 AM,,,
8/13/2025 12:00:00 AM,Jenkins Elementary,840,Miller S,JEN01 AM,7:35:00 AM,7:45:42 AM,,7:45:42 AM,,,
8/13/2025 12:00:00 AM,Jenkins Elementary,841,Taylor B,JEN02 AM,7:35:00 AM,7:49:12 AM,,7:49:12 AM,,,
8/13/2025 12:00:00 AM,Jenkins Elementary,842,Moore A,JEN03 AM,7:35:00 AM,7:10:09 AM,,7:10:09 AM,,,
8/13/2025 12:00:00 AM,Jenkins Elementary,843,Anderson C,JEN04 AM,7:35:00 AM,7:36:46 AM,,7:36:46 AM,,,
8/13/2025 12:00:00 AM,Jenkins Elementary,844,Williams M,JEN05 AM,7:35:00 AM,7:49:43 AM,,7:49:43 AM,,,
8/13/2025 12:00:00 AM,Lewis Elementary,850,Davis R,LEW01 AM,7:35:00 AM,7:21:14 AM,,7:21:14 AM,,,
8/13/2025 12:00:00 AM,Lewis Elementary,851,Miller S,LEW02 AM,7:35:00 AM,7:36:20 AM,,7:36:20 AM,,,
8/13/2025 12:00:00 AM,Lewis Elementary,852,Brown K,LEW03 AM,7:35:00 AM,7:28:39 AM,,7:28:39 AM,,,
8/13/2025 12:00:00 AM,Lewis Elementary,853,Miller S,LEW04 AM,7:35:00 AM,7:16:57 AM,,7:16:57 AM,,,
8/13/2025 12:00:00 AM,Lewis Elementary,854,Miller S,LEW05 AM,7:35:00 AM,7:21:12 AM,,7:21:12 AM,,,
8/13/2025 12:00:00 AM,Marshall Elementary,860,Moore A,MAR01 AM,7:35:00 AM,7:12:55 AM,,7:12:55 AM,,,
8/13/2025 12:00:00 AM,Marshall Elementary,861,Davis R,MAR02 AM,7:35:00 AM,7:19:14 AM,,7:19:14 AM,,,
8/13/2025 12:00:00 AM,Marshall Elementary,862,Williams M,MAR03 AM,7:35:00 AM,7:46:02 AM,,7:46:02 AM,,,
8/13/2025 12:00:00 AM,Marshall Elementary,863,Moore A,MAR04 AM,7:35:00 AM,7:26:50 AM,,7:26:50 AM,,,
8/13/2025 12:00:00 AM,Marshall Elementary,864,Miller S,MAR05 AM,7:35:00 AM,7:41:51 AM,,7:41:51 AM,,,
8/13/2025 12:00:00 AM,Reynolds Elementary,870,Anderson C,REY01 AM,7:35:00 AM,7:18:00 AM,,7:18:00 AM,,,
8/13/2025 12:00:00 AM,Reynolds Elementary,871,Wilson J,REY02 AM,7:35:00 AM,,,7:25:20 AM,,,
8/13/2025 12:00:00 AM,Reynolds Elementary,872,Miller S,REY03 AM,7:35:00 AM,7:27:08 AM,,7:27:08 AM,,,
8/13/2025 12:00:00 AM,Reynolds Elementary,873,Moore A,REY04 AM,7:35:00 AM,7:13:26 AM,,7:13:26 AM,,,
8/13/2025 12:00:00 AM,Reynolds Elementary,874,Johnson T,REY05 AM,7:35:00 AM,7:24:28 AM,,7:24:28 AM,,,
8/13/2025 12:00:00 AM,Westfield Middle School,880,Moore A,WES01 AM,8:05:00 AM,7:57:54 AM,,7:57:54 AM,,,
8/13/2025 12:00:00 AM,Westfield Middle School,881,Wilson J,WES02 AM,8:05:00 AM,7:56:50 AM,,7:56:50 AM,,,
8/13/2025 12:00:00 AM,Westfield Middle School,882,Brown K,WES03 AM,8:05:00 AM,8:15:00 AM,,8:15:00 AM,,,
8/13/2025 12:00:00 AM,Westfield Middle School,883,Johnson T,WES04 AM,8:05:00 AM,7:53:37 AM,,7:53:37 AM,,,
8/13/2025 12:00:00 AM,Lakewood Middle School,890,Taylor B,LAK01 AM,8:05:00 AM,7:44:37 AM,,7:44:37 AM,,,
8/13/2025 12:00:00 AM,Lakewood Middle School,891,Taylor B,LAK02 AM,8:05:00 AM,8:00:03 AM,,8:00:03 AM,,,
8/13/2025 12:00:00 AM,Lakewood Middle School,892,Williams M,LAK03 AM,8:05:00 AM,7:56:04 AM,,7:56:04 AM,,,
8/13/2025 12:00:00 AM,Lakewood Middle School,893,Miller S,LAK04 AM,8:05:00 AM,7:41:27 AM,,7:41:27 AM,,,
8/13/2025 12:00:00 AM,Riverside Middle School,900,Davis R,RIV01 AM,8:05:00 AM,7:46:25 AM,,7:46:25 AM,,,
8/13/2025 12:00:00 AM,Riverside Middle School,901,Taylor B,RIV02 AM,8:05:00 AM,7:58:05 AM,,7:58:05 AM,,,
8/13/2025 12:00:00 AM,Riverside Middle School,902,Williams M,RIV03 AM,8:05:00 AM,7:47:55 AM,,7:47:55 AM,,,
8/13/2025 12:00:00 AM,Riverside Middle School,903,Taylor B,RIV04 AM,8:05:00 AM,7:57:22 AM,,7:57:22 AM,,,
8/13/2025 12:00:00 AM,Metro High School,910,Thomas D,MET01 AM,8:55:00 AM,,,8:30:01 AM,,,
8/13/2025 12:00:00 AM,Metro High School,911,Johnson T,MET02 AM,8:55:00 AM,8:46:36 AM,,8:46:36 AM,,,
8/13/2025 12:00:00 AM,Metro High School,912,Moore A,MET03 AM,8:55:00 AM,8:45:23 AM,,8:45:23 AM,,,
8/13/2025 12:00:00 AM,Northgate High School,920,Thomas D,NOR01 AM,8:55:00 AM,8:48:17 AM,,8:48:17 AM,,,
8/13/2025 12:00:00 AM,Northgate High School,921,Wilson J,NOR02 AM,8:55:00 AM,8:41:43 AM,,8:41:43 AM,,,
8/13/2025 12:00:00 AM,Northgate High School,922,Johnson T,NOR03 AM,8:55:00 AM,8:44:49 AM,,8:44:49 AM,,,
8/14/2025 12:00:00 AM,Anderson Elementary,800,Moore A,AND01 AM,7:35:00 AM,7:23:32 AM,,7:23:32 AM,,,
8/14/2025 12:00:00 AM,Anderson Elementary,801,Williams M,AND02 AM,7:35:00 AM,7:12:27 AM,,7:12:27 AM,,,
8/14/2025 12:00:00 AM,Anderson Elementary,802,Wilson J,AND03 AM,7:35:00 AM,7:27:15 AM,,7:27:15 AM,,,
8/14/2025 12:00:00 AM,Anderson Elementary,803,Brown K,AND04 AM,7:35:00 AM,7:10:07 AM,,7:10:07 AM,,,
8/14/2025 12:00:00 AM,Anderson Elementary,804,Williams M,AND05 AM,7:35:00 AM,7:24:11 AM,,7:24:11 AM,,,
8/14/2025 12:00:00 AM,Bammel Elementary,810,Thomas D,BAM01 AM,7:35:00 AM,7:12:41 AM,,7:12:41 AM,,,
8/14/2025 12:00:00 AM,Bammel Elementary,811,Taylor B,BAM02 AM,7:35:00 AM,7:22:37 AM,,7:22:37 AM,,,
8/14/2025 12:00:00 AM,Bammel Elementary,812,Williams M,BAM03 AM,7:35:00 AM,7:14:24 AM,,7:14:24 AM,,,
8/14/2025 12:00:00 AM,Bammel Elementary,813,Davis R,BAM04 AM,7:35:00 AM,7:15:32 AM,,7:15:32 AM,,,
8/14/2025 12:00:00 AM,Bammel Elementary,814,Davis R,BAM05 AM,7:35:00 AM,7:16:33 AM,,7:16:33 AM,,,
8/14/2025 12:00:00 AM,Cooper Elementary,820,Thomas D,COO01 AM,7:35:00 AM,7:10:41 AM,,7:10:41 AM,,,
8/14/2025 12:00:00 AM,Cooper Elementary,821,Brown K,COO02 AM,7:35:00 AM,7:12:42 AM,,7:12:42 AM,,,
8/14/2025 12:00:00 AM,Cooper Elementary,822,Williams M,COO03 AM,7:35:00 AM,7:18:41 AM,,7:18:41 AM,,,
8/14/2025 12:00:00 AM,Cooper Elementary,823,Moore A,COO04 AM,7:35:00 AM,7:30:23 AM,,7:30:23 AM,,,
8/14/2025 12:00:00 AM,Cooper Elementary,824,Williams M,COO05 AM,7:35:00 AM,7:27:32 AM,,7:27:32 AM,,,
8/14/2025 12:00:00 AM,Heritage Elementary,830,Brown K,HER01 AM,7:35:00 AM,7:11:51 AM,,7:11:51 AM,,,
8/14/2025 12:00:00 AM,Heritage Elementary,831,Miller S,HER02 AM,7:35:00 AM,7:16:14 AM,,7:16:14 AM,,,
8/14/2025 12:00:00 AM,Heritage Elementary,832,Taylor B,HER03 AM,7:35:00 AM,7:18:32 AM,,7:18:32 AM,,,
8/14/2025 12:00:00 AM,Heritage Elementary,833,Taylor B,HER04 AM,7:35:00 AM,7:13:59 AM,,7:13:59 AM,,,
8/14/2025 12:00:00 AM,Heritage Elementary,834,Anderson C,HER05 AM,7:35:00 AM,7:17:05 AM,,7:17:05 AM,,,
8/14/2025 12:00:00 AM,Jenkins Elementary,840,Anderson C,JEN01 AM,7:35:00 AM,7:18:05 AM,,7:18:05 AM,,,
8/14/2025 12:00:00 AM,Jenkins Elementary,841,Johnson T,JEN02 AM,7:35:00 AM,7:15:44 AM,,7:15:44 AM,,,
8/14/2025 12:00:00 AM,Jenkins Elementary,842,Thomas D,JEN03 AM,7:35:00 AM,7:27:49 AM,,7:27:49 AM,,,
8/14/2025 12:00:00 AM,Jenkins Elementary,843,Williams M,JEN04 AM,7:35:00 AM,7:43:38 AM,,7:43:38 AM,,,
8/14/2025 12:00:00 AM,Jenkins Elementary,844,Davis R,JEN05 AM,7:35:00 AM,7:25:42 AM,,7:25:42 AM,,,
8/14/2025 12:00:00 AM,Lewis Elementary,850,Johnson T,LEW01 AM,7:35:00 AM,7:15:02 AM,,7:15:02 AM,,,
8/14/2025 12:00:00 AM,Lewis Elementary,851,Williams M,LEW02 AM,7:35:00 AM,7:47:48 AM,,7:47:48 AM,,,
8/14/2025 12:00:00 AM,Lewis Elementary,852,Taylor B,LEW03 AM,7:35:00 AM,7:26:04 AM,,7:26:04 AM,,,
8/14/2025 12:00:00 AM,Lewis Elementary,853,Miller S,LEW04 AM,7:35:00 AM,7:13:30 AM,,7:13:30 AM,,,
8/14/2025 12:00:00 AM,Lewis Elementary,854,Wilson J,LEW05 AM,7:35:00 AM,7:18:47 AM,,7:18:47 AM,,,
8/14/2025 12:00:00 AM,Marshall Elementary,860,Williams M,MAR01 AM,7:35:00 AM,7:28:27 AM,,7:28:27 AM,,,
8/14/2025 12:00:00 AM,Marshall Elementary,861,Taylor B,MAR02 AM,7:35:00 AM,7:17:10 AM,,7:17:10 AM,,,
8/14/2025 12:00:00 AM,Marshall Elementary,862,Johnson T,MAR03 AM,7:35:00 AM,7:10:25 AM,,7:10:25 AM,,,
8/14/2025 12:00:00 AM,Marshall Elementary,863,Williams M,MAR04 AM,7:35:00 AM,7:10:23 AM,,7:10:23 AM,,,
8/14/2025 12:00:00 AM,Marshall Elementary,864,Williams M,MAR05 AM,7:35:00 AM,7:14:23 AM,,7:14:23 AM,,,
8/14/2025 12:00:00 AM,Reynolds Elementary,870,Anderson C,REY01 AM,7:35:00 AM,7:22:45 AM,,7:22:45 AM,,,
8/14/2025 12:00:00 AM,Reynolds Elementary,871,Brown K,REY02 AM,7:35:00 AM,7:43:05 AM,,7:43:05 AM,,,
8/14/2025 12:00:00 AM,Reynolds Elementary,872,Brown K,REY03 AM,7:35:00 AM,7:10:11 AM,,7:10:11 AM,,,
8/14/2025 12:00:00 AM,Reynolds Elementary,873,Wilson J,REY04 AM,7:35:00 AM,7:19:29 AM,,7:19:29 AM,,,
8/14/2025 12:00:00 AM,Reynolds Elementary,874,Moore A,REY05 AM,7:35:00 AM,7:12:04 AM,,7:12:04 AM,,,
8/14/2025 12:00:00 AM,Westfield Middle School,880,Anderson C,WES01 AM,8:05:00 AM,7:55:49 AM,,7:55:49 AM,,,
8/14/2025 12:00:00 AM,Westfield Middle School,881,Brown K,WES02 AM,8:05:00 AM,7:53:22 AM,,7:53:22 AM,,,
8/14/2025 12:00:00 AM,Westfield Middle School,882,Brown K,WES03 AM,8:05:00 AM,7:41:34 AM,,7:41:34 AM,,,
8/14/2025 12:00:00 AM,Westfield Middle School,883,Thomas D,WES04 AM,8:05:00 AM,8:00:05 AM,,8:00:05 AM,,,
8/14/2025 12:00:00 AM,Lakewood Middle School,890,Anderson C,LAK01 AM,8:05:00 AM,7:51:30 AM,,7:51:30 AM,,,
8/14/2025 12:00:00 AM,Lakewood Middle School,891,Taylor B,LAK02 AM,8:05:00 AM,7:41:09 AM,,7:41:09 AM,,,
8/14/2025 12:00:00 AM,Lakewood Middle School,892,Anderson C,LAK03 AM,8:05:00 AM,7:53:29 AM,,7:53:29 AM,,,
8/14/2025 12:00:00 AM,Lakewood Middle School,893,Davis R,LAK04 AM,8:05:00 AM,8:20:10 AM,,8:20:10 AM,,,
8/14/2025 12:00:00 AM,Riverside Middle School,900,Miller S,RIV01 AM,8:05:00 AM,7:58:25 AM,,7:58:25 AM,,,
8/14/2025 12:00:00 AM,Riverside Middle School,901,Taylor B,RIV02 AM,8:05:00 AM,8:00:54 AM,,8:00:54 AM,,,
8/14/2025 12:00:00 AM,Riverside Middle School,902,Johnson T,RIV03 AM,8:05:00 AM,7:54:23 AM,,7:54:23 AM,,,
8/14/2025 12:00:00 AM,Riverside Middle School,903,Thomas D,RIV04 AM,8:05:00 AM,7:57:25 AM,,7:57:25 AM,,,
8/14/2025 12:00:00 AM,Metro High School,910,Anderson C,MET01 AM,8:55:00 AM,8:49:08 AM,,8:49:08 AM,,,
8/14/2025 12:00:00 AM,Metro High School,911,Thomas D,MET02 AM,8:55:00 AM,8:38:39 AM,,8:38:39 AM,,,
8/14/2025 12:00:00 AM,Metro High School,912,Taylor B,MET03 AM,8:55:00 AM,9:01:21 AM,,9:01:21 AM,,,
8/14/2025 12:00:00 AM,Northgate High School,920,Taylor B,NOR01 AM,8:55:00 AM,8:30:50 AM,,8:30:50 AM,,,
8/14/2025 12:00:00 AM,Northgate High School,921,Thomas D,NOR02 AM,8:55:00 AM,8:38:09 AM,,8:38:09 AM,,,
8/14/2025 12:00:00 AM,Northgate High School,922,Moore A,NOR03 AM,8:55:00 AM,8:44:26 AM,,8:44:26 AM,,,
8/15/2025 12:00:00 AM,Anderson Elementary,800,Davis R,AND01 AM,7:35:00 AM,7:15:33 AM,,7:15:33 AM,,,
8/15/2025 12:00:00 AM,Anderson Elementary,801,Taylor B,AND02 AM,7:35:00 AM,7:23:17 AM,,7:23:17 AM,,,
8/15/2025 12:00:00 AM,Anderson Elementary,802,Taylor B,AND03 AM,7:35:00 AM,7:22:18 AM,,7:22:18 AM,,,
8/15/2025 12:00:00 AM,Anderson Elementary,803,Johnson T,AND04 AM,7:35:00 AM,7:28:22 AM,,7:28:22 AM,,,
8/15/2025 12:00:00 AM,Anderson Elementary,804,Miller S,AND05 AM,7:35:00 AM,7:11:47 AM,,7:11:47 AM,,,
8/15/2025 12:00:00 AM,Bammel Elementary,810,Moore A,BAM01 AM,7:35:00 AM,7:15:06 AM,,7:15:06 AM,,,
8/15/2025 12:00:00 AM,Bammel Elementary,811,Davis R,BAM02 AM,7:35:00 AM,7:21:20 AM,,7:21:20 AM,,,
8/15/2025 12:00:00 AM,Bammel Elementary,812,Brown K,BAM03 AM,7:35:00 AM,7:25:59 AM,,7:25:59 AM,,,
8/15/2025 12:00:00 AM,Bammel Elementary,813,Miller S,BAM04 AM,7:35:00 AM,7:27:59 AM,,7:27:59 AM,,,
8/15/2025 12:00:00 AM,Bammel Elementary,814,Anderson C,BAM05 AM,7:35:00 AM,7:24:51 AM,,7:24:51 AM,,,
8/15/2025 12:00:00 AM,Cooper Elementary,820,Miller S,COO01 AM,7:35:00 AM,7:24:11 AM,,7:24:11 AM,,,
8/15/2025 12:00:00 AM,Cooper Elementary,821,Brown K,COO02 AM,7:35:00 AM,7:23:00 AM,,7:23:00 AM,,,
8/15/2025 12:00:00 AM,Cooper Elementary,822,Miller S,COO03 AM,7:35:00 AM,7:23:03 AM,,7:23:03 AM,,,
8/15/2025 12:00:00 AM,Cooper Elementary,823,Williams M,COO04 AM,7:35:00 AM,7:21:23 AM,,7:21:23 AM,,,
8/15/2025 12:00:00 AM,Cooper Elementary,824,Anderson C,COO05 AM,7:35:00 AM,7:48:34 AM,,7:48:34 AM,,,
8/15/2025 12:00:00 AM,Heritage Elementary,830,Anderson C,HER01 AM,7:35:00 AM,7:28:58 AM,,7:28:58 AM,,,
8/15/2025 12:00:00 AM,Heritage Elementary,831,Wilson J,HER02 AM,7:35:00 AM,7:16:07 AM,,7:16:07 AM,,,
8/15/2025 12:00:00 AM,Heritage Elementary,832,Anderson C,HER03 AM,7:35:00 AM,7:12:03 AM,,7:12:03 AM,,,
8/15/2025 12:00:00 AM,Heritage Elementary,833,Williams M,HER04 AM,7:35:00 AM,7:19:44 AM,,7:19:44 AM,,,
8/15/2025 12:00:00 AM,Heritage Elementary,834,Brown K,HER05 AM,7:35:00 AM,7:10:26 AM,,7:10:26 AM,,,
8/15/2025 12:00:00 AM,Jenkins Elementary,840,Wilson J,JEN01 AM,7:35:00 AM,7:13:25 AM,,7:13:25 AM,,,
8/15/2025 12:00:00 AM,Jenkins Elementary,841,Anderson C,JEN02 AM,7:35:00 AM,7:23:15 AM,,7:23:15 AM,,,
8/15/2025 12:00:00 AM,Jenkins Elementary,842,Johnson T,JEN03 AM,7:35:00 AM,7:28:06 AM,,7:28:06 AM,,,
8/15/2025 12:00:00 AM,Jenkins Elementary,843,Davis R,JEN04 AM,7:35:00 AM,7:29:08 AM,,7:29:08 AM,,,
8/15/2025 12:00:00 AM,Jenkins Elementary,844,Wilson J,JEN05 AM,7:35:00 AM,7:26:42 AM,,7:26:42 AM,,,
8/15/2025 12:00:00 AM,Lewis Elementary,850,Moore A,LEW01 AM,7:35:00 AM,7:29:22 AM,,7:29:22 AM,,,
8/15/2025 12:00:00 AM,Lewis Elementary,851,Brown K,LEW02 AM,7:35:00 AM,7:15:15 AM,,7:15:15 AM,,,
8/15/2025 12:00:00 AM,Lewis Elementary,852,Anderson C,LEW03 AM,7:35:00 AM,7:18:15 AM,,7:18:15 AM,,,
8/15/2025 12:00:00 AM,Lewis Elementary,853,Davis R,LEW04 AM,7:35:00 AM,7:18:43 AM,,7:18:43 AM,,,
8/15/2025 12:00:00 AM,Lewis Elementary,854,Davis R,LEW05 AM,7:35:00 AM,7:41:19 AM,,7:41:19 AM,,,
8/15/2025 12:00:00 AM,Marshall Elementary,860,Davis R,MAR01 AM,7:35:00 AM,7:24:25 AM,,7:24:25 AM,,,
8/15/2025 12:00:00 AM,Marshall Elementary,861,Miller S,MAR02 AM,7:35:00 AM,7:15:29 AM,,7:15:29 AM,,,
8/15/2025 12:00:00 AM,Marshall Elementary,862,Thomas D,MAR03 AM,7:35:00 AM,,,7:49:59 AM,,,
8/15/2025 12:00:00 AM,Marshall Elementary,863,Davis R,MAR04 AM,7:35:00 AM,7:23:31 AM,,7:23:31 AM,,,
8/15/2025 12:00:00 AM,Marshall Elementary,864,Brown K,MAR05 AM,7:35:00 AM,7:41:10 AM,,7:41:10 AM,,,
8/15/2025 12:00:00 AM,Reynolds Elementary,870,Williams M,REY01 AM,7:35:00 AM,7:46:03 AM,,7:46:03 AM,,,
8/15/2025 12:00:00 AM,Reynolds Elementary,871,Anderson C,REY02 AM,7:35:00 AM,7:29:39 AM,,7:29:39 AM,,,
8/15/2025 12:00:00 AM,Reynolds Elementary,872,Johnson T,REY03 AM,7:35:00 AM,7:22:34 AM,,7:22:34 AM,,,
8/15/2025 12:00:00 AM,Reynolds Elementary,873,Williams M,REY04 AM,7:35:00 AM,7:23:12 AM,,7:23:12 AM,,,
8/15/2025 12:00:00 AM,Reynolds Elementary,874,Thomas D,REY05 AM,7:35:00 AM,7:23:19 AM,,7:23:19 AM,,,
8/15/2025 12:00:00 AM,Westfield Middle School,880,Moore A,WES01 AM,8:05:00 AM,,,7:58:05 AM,,,
8/15/2025 12:00:00 AM,Westfield Middle School,881,Williams M,WES02 AM,8:05:00 AM,8:20:02 AM,,8:20:02 AM,,,
8/15/2025 12:00:00 AM,Westfield Middle School,882,Johnson T,WES03 AM,8:05:00 AM,7:50:01 AM,,7:50:01 AM,,,
8/15/2025 12:00:00 AM,Westfield Middle School,883,Brown K,WES04 AM,8:05:00 AM,7:42:53 AM,,7:42:53 AM,,,
8/15/2025 12:00:00 AM,Lakewood Middle School,890,Wilson J,LAK01 AM,8:05:00 AM,7:47:14 AM,,7:47:14 AM,,,
8/15/2025 12:00:00 AM,Lakewood Middle School,891,Miller S,LAK02 AM,8:05:00 AM,7:46:31 AM,,7:46:31 AM,,,
8/15/2025 12:00:00 AM,Lakewood Middle School,892,Thomas D,LAK03 AM,8:05:00 AM,7:53:45 AM,,7:53:45 AM,,,
8/15/2025 12:00:00 AM,Lakewood Middle School,893,Williams M,LAK04 AM,8:05:00 AM,7:51:28 AM,,7:51:28 AM,,,
8/15/2025 12:00:00 AM,Riverside Middle School,900,Moore A,RIV01 AM,8:05:00 AM,7:58:22 AM,,7:58:22 AM,,,
8/15/2025 12:00:00 AM,Riverside Middle School,901,Williams M,RIV02 AM,8:05:00 AM,7:43:57 AM,,7:43:57 AM,,,
8/15/2025 12:00:00 AM,Riverside Middle School,902,Miller S,RIV03 AM,8:05:00 AM,7:58:10 AM,,7:58:10 AM,,,
8/15/2025 12:00:00 AM,Riverside Middle School,903,Taylor B,RIV04 AM,8:05:00 AM,7:54:29 AM,,7:54:29 AM,,,
8/15/2025 12:00:00 AM,Metro High School,910,Wilson J,MET01 AM,8:55:00 AM,8:30:38 AM,,8:30:38 AM,,,
8/15/2025 12:00:00 AM,Metro High School,911,Miller S,MET02 AM,8:55:00 AM,8:30:31 AM,,8:30:31 AM,,,
8/15/2025 12:00:00 AM,Metro High School,912,Thomas D,MET03 AM,8:55:00 AM,8:58:43 AM,,8:58:43 AM,,,
8/15/2025 12:00:00 AM,Northgate High School,920,Williams M,NOR01 AM,8:55:00 AM,8:37:43 AM,,8:37:43 AM,,,
8/15/2025 12:00:00 AM,Northgate High School,921,Taylor B,NOR02 AM,8:55:00 AM,9:03:37 AM,,9:03:37 AM,,,
8/15/2025 12:00:00 AM,Northgate High School,922,Anderson C,NOR03 AM,8:55:00 AM,8:48:06 AM,,8:48:06 AM,,,
8/18/2025 12:00:00 AM,Anderson Elementary,800,Wilson J,AND01 AM,7:35:00 AM,,,7:42:14 AM,,,
8/18/2025 12:00:00 AM,Anderson Elementary,801,Taylor B,AND02 AM,7:35:00 AM,7:16:49 AM,,7:16:49 AM,,,
8/18/2025 12:00:00 AM,Anderson Elementary,802,Williams M,AND03 AM,7:35:00 AM,7:26:22 AM,,7:26:22 AM,,,
8/18/2025 12:00:00 AM,Anderson Elementary,803,Taylor B,AND04 AM,7:35:00 AM,7:21:02 AM,,7:21:02 AM,,,
8/18/2025 12:00:00 AM,Anderson Elementary,804,Davis R,AND05 AM,7:35:00 AM,7:13:10 AM,,7:13:10 AM,,,
8/18/2025 12:00:00 AM,Bammel Elementary,810,Johnson T,BAM01 AM,7:35:00 AM,7:24:28 AM,,7:24:28 AM,,,
8/18/2025 12:00:00 AM,Bammel Elementary,811,Williams M,BAM02 AM,7:35:00 AM,7:44:11 AM,,7:44:11 AM,,,
8/18/2025 12:00:00 AM,Bammel Elementary,812,Moore A,BAM03 AM,7:35:00 AM,7:12:07 AM,,7:12:07 AM,,,
8/18/2025 12:00:00 AM,Bammel Elementary,813,Williams M,BAM04 AM,7:35:00 AM,7:20:07 AM,,7:20:07 AM,,,
8/18/2025 12:00:00 AM,Bammel Elementary,814,Thomas D,BAM05 AM,7:35:00 AM,7:25:31 AM,,7:25:31 AM,,,
8/18/2025 12:00:00 AM,Cooper Elementary,820,Johnson T,COO01 AM,7:35:00 AM,7:30:31 AM,,7:30:31 AM,,,
8/18/2025 12:00:00 AM,Cooper Elementary,821,Taylor B,COO02 AM,7:35:00 AM,,,7:27:18 AM,,,
8/18/2025 12:00:00 AM,Cooper Elementary,822,Taylor B,COO03 AM,7:35:00 AM,7:27:36 AM,,7:27:36 AM,,,
8/18/2025 12:00:00 AM,Cooper Elementary,823,Davis R,COO04 AM,7:35:00 AM,7:37:47 AM,,7:37:47 AM,,,
8/18/2025 12:00:00 AM,Cooper Elementary,824,Williams M,COO05 AM,7:35:00 AM,7:23:13 AM,,7:23:13 AM,,,
8/18/2025 12:00:00 AM,Heritage Elementary,830,Brown K,HER01 AM,7:35:00 AM,7:24:51 AM,,7:24:51 AM,,,
8/18/2025 12:00:00 AM,Heritage Elementary,831,Thomas D,HER02 AM,7:35:00 AM,7:14:57 AM,,7:14:57 AM,,,
8/18/2025 12:00:00 AM,Heritage Elementary,832,Brown K,HER03 AM,7:35:00 AM,7:26:15 AM,,7:26:15 AM,,,
8/18/2025 12:00:00 AM,Heritage Elementary,833,Miller S,HER04 AM,7:35:00 AM,7:18:28 AM,,7:18:28 AM,,,
8/18/2025 12:00:00 AM,Heritage Elementary,834,Taylor B,HER05 AM,7:35:00 AM,7:30:55 AM,,7:30:55 AM,,,
8/18/2025 12:00:00 AM,Jenkins Elementary,840,Anderson C,JEN01 AM,7:35:00 AM,7:17:52 AM,,7:17:52 AM,,,
8/18/2025 12:00:00 AM,Jenkins Elementary,841,Taylor B,JEN02 AM,7:35:00 AM,7:29:02 AM,,7:29:02 AM,,,
8/18/2025 12:00:00 AM,Jenkins Elementary,842,Brown K,JEN03 AM,7:35:00 AM,7:40:10 AM,,7:40:10 AM,,,
8/18/2025 12:00:00 AM,Jenkins Elementary,843,Moore A,JEN04 AM,7:35:00 AM,7:23:27 AM,,7:23:27 AM,,,
8/18/2025 12:00:00 AM,Jenkins Elementary,844,Taylor B,JEN05 AM,7:35:00 AM,7:20:52 AM,,7:20:52 AM,,,
8/18/2025 12:00:00 AM,Lewis Elementary,850,Wilson J,LEW01 AM,7:35:00 AM,7:21:08 AM,,7:21:08 AM,,,
8/18/2025 12:00:00 AM,Lewis Elementary,851,Brown K,LEW02 AM,7:35:00 AM,7:24:40 AM,,7:24:40 AM,,,
8/18/2025 12:00:00 AM,Lewis Elementary,852,Williams M,LEW03 AM,7:35:00 AM,7:18:22 AM,,7:18:22 AM,,,
8/18/2025 12:00:00 AM,Lewis Elementary,853,Thomas D,LEW04 AM,7:35:00 AM,7:21:49 AM,,7:21:49 AM,,,
8/18/2025 12:00:00 AM,Lewis Elementary,854,Davis R,LEW05 AM,7:35:00 AM,7:21:41 AM,,7:21:41 AM,,,
8/18/2025 12:00:00 AM,Marshall Elementary,860,Johnson T,MAR01 AM,7:35:00 AM,7:50:20 AM,,7:50:20 AM,,,
8/18/2025 12:00:00 AM,Marshall Elementary,861,Thomas D,MAR02 AM,7:35:00 AM,,,7:20:50 AM,,,
8/18/2025 12:00:00 AM,Marshall Elementary,862,Moore A,MAR03 AM,7:35:00 AM,7:13:34 AM,,7:13:34 AM,,,
8/18/2025 12:00:00 AM,Marshall Elementary,863,Wilson J,MAR04 AM,7:35:00 AM,7:10:48 AM,,7:10:48 AM,,,
8/18/2025 12:00:00 AM,Marshall Elementary,864,Moore A,MAR05 AM,7:35:00 AM,7:11:38 AM,,7:11:38 AM,,,
8/18/2025 12:00:00 AM,Reynolds Elementary,870,Anderson C,REY01 AM,7:35:00 AM,7:22:10 AM,,7:22:10 AM,,,
8/18/2025 12:00:00 AM,Reynolds Elementary,871,Anderson C,REY02 AM,7:35:00 AM,7:12:40 AM,,7:12:40 AM,,,
8/18/2025 12:00:00 AM,Reynolds Elementary,872,Miller S,REY03 AM,7:35:00 AM,7:12:43 AM,,7:12:43 AM,,,
8/18/2025 12:00:00 AM,Reynolds Elementary,873,Taylor B,REY04 AM,7:35:00 AM,7:26:11 AM,,7:26:11 AM,,,
8/18/2025 12:00:00 AM,Reynolds Elementary,874,Davis R,REY05 AM,7:35:00 AM,7:20:17 AM,,7:20:17 AM,,,
8/18/2025 12:00:00 AM,Westfield Middle School,880,Anderson C,WES01 AM,8:05:00 AM,8:12:04 AM,,8:12:04 AM,,,
8/18/2025 12:00:00 AM,Westfield Middle School,881,Davis R,WES02 AM,8:05:00 AM,7:51:47 AM,,7:51:47 AM,,,
8/18/2025 12:00:00 AM,Westfield Middle School,882,Davis R,WES03 AM,8:05:00 AM,7:47:01 AM,,7:47:01 AM,,,
8/18/2025 12:00:00 AM,Westfield Middle School,883,Miller S,WES04 AM,8:05:00 AM,7:44:15 AM,,7:44:15 AM,,,
8/18/2025 12:00:00 AM,Lakewood Middle School,890,Wilson J,LAK01 AM,8:05:00 AM,7:58:37 AM,,7:58:37 AM,,,
8/18/2025 12:00:00 AM,Lakewood Middle School,891,Brown K,LAK02 AM,8:05:00 AM,7:52:54 AM,,7:52:54 AM,,,
8/18/2025 12:00:00 AM,Lakewood Middle School,892,Davis R,LAK03 AM,8:05:00 AM,7:42:06 AM,,7:42:06 AM,,,
8/18/2025 12:00:00 AM,Lakewood Middle School,893,Miller S,LAK04 AM,8:05:00 AM,7:57:05 AM,,7:57:05 AM,,,
8/18/2025 12:00:00 AM,Riverside Middle School,900,Williams M,RIV01 AM,8:05:00 AM,7:49:25 AM,,7:49:25 AM,,,
8/18/2025 12:00:00 AM,Riverside Middle School,901,Anderson C,RIV02 AM,8:05:00 AM,7:46:06 AM,,7:46:06 AM,,,
8/18/2025 12:00:00 AM,Riverside Middle School,902,Williams M,RIV03 AM,8:05:00 AM,7:52:58 AM,,7:52:58 AM,,,
8/18/2025 12:00:00 AM,Riverside Middle School,903,Wilson J,RIV04 AM,8:05:00 AM,7:46:03 AM,,7:46:03 AM,,,
8/18/2025 12:00:00 AM,Metro High School,910,Wilson J,MET01 AM,8:55:00 AM,8:45:17 AM,,8:45:17 AM,,,
8/18/2025 12:00:00 AM,Metro High School,911,Anderson C,MET02 AM,8:55:00 AM,8:48:17 AM,,8:48:17 AM,,,
8/18/2025 12:00:00 AM,Metro High School,912,Johnson T,MET03 AM,8:55:00 AM,9:08:45 AM,,9:08:45 AM,,,
8/18/2025 12:00:00 AM,Northgate High School,920,Johnson T,NOR01 AM,8:55:00 AM,8:43:01 AM,,8:43:01 AM,,,
8/18/2025 12:00:00 AM,Northgate High School,921,Brown K,NOR02 AM,8:55:00 AM,8:43:17 AM,,8:43:17 AM,,,
8/18/2025 12:00:00 AM,Northgate High School,922,Brown K,NOR03 AM,8:55:00 AM,8:32:20 AM,,8:32:20 AM,,,
8/19/2025 12:00:00 AM,Anderson Elementary,800,Brown K,AND01 AM,7:35:00 AM,7:24:53 AM,,7:24:53 AM,,,
8/19/2025 12:00:00 AM,Anderson Elementary,801,Davis R,AND02 AM,7:35:00 AM,7:15:00 AM,,7:15:00 AM,,,
8/19/2025 12:00:00 AM,Anderson Elementary,802,Johnson T,AND03 AM,7:35:00 AM,7:26:49 AM,,7:26:49 AM,,,
8/19/2025 12:00:00 AM,Anderson Elementary,803,Williams M,AND04 AM,7:35:00 AM,7:20:08 AM,,7:20:08 AM,,,
8/19/2025 12:00:00 AM,Anderson Elementary,804,Thomas D,AND05 AM,7:35:00 AM,7:23:42 AM,,7:23:42 AM,,,
8/19/2025 12:00:00 AM,Bammel Elementary,810,Thomas D,BAM01 AM,7:35:00 AM,7:12:02 AM,,7:12:02 AM,,,
8/19/2025 12:00:00 AM,Bammel Elementary,811,Taylor B,BAM02 AM,7:35:00 AM,7:28:15 AM,,7:28:15 AM,,,
8/19/2025 12:00:00 AM,Bammel Elementary,812,Johnson T,BAM03 AM,7:35:00 AM,7:23:44 AM,,7:23:44 AM,,,
8/19/2025 12:00:00 AM,Bammel Elementary,813,Moore A,BAM04 AM,7:35:00 AM,7:18:22 AM,,7:18:22 AM,,,
8/19/2025 12:00:00 AM,Bammel Elementary,814,Taylor B,BAM05 AM,7:35:00 AM,,,7:29:06 AM,,,
8/19/2025 12:00:00 AM,Cooper Elementary,820,Williams M,COO01 AM,7:35:00 AM,7:11:57 AM,,7:11:57 AM,,,
8/19/2025 12:00:00 AM,Cooper Elementary,821,Williams M,COO02 AM,7:35:00 AM,7:24:26 AM,,7:24:26 AM,,,
8/19/2025 12:00:00 AM,Cooper Elementary,822,Anderson C,COO03 AM,7:35:00 AM,7:26:03 AM,,7:26:03 AM,,,
8/19/2025 12:00:00 AM,Cooper Elementary,823,Johnson T,COO04 AM,7:35:00 AM,7:10:18 AM,,7:10:18 AM,,,
8/19/2025 12:00:00 AM,Cooper Elementary,824,Anderson C,COO05 AM,7:35:00 AM,7:19:56 AM,,7:19:56 AM,,,
8/19/2025 12:00:00 AM,Heritage Elementary,830,Johnson T,HER01 AM,7:35:00 AM,7:27:05 AM,,7:27:05 AM,,,
8/19/2025 12:00:00 AM,Heritage Elementary,831,Anderson C,HER02 AM,7:35:00 AM,7:13:43 AM,,7:13:43 AM,,,
8/19/2025 12:00:00 AM,Heritage Elementary,832,Thomas D,HER03 AM,7:35:00 AM,7:12:43 AM,,7:12:43 AM,,,
8/19/2025 12:00:00 AM,Heritage Elementary,833,Davis R,HER04 AM,7:35:00 AM,7:17:05 AM,,7:17:05 AM,,,
8/19/2025 12:00:00 AM,Heritage Elementary,834,Williams M,HER05 AM,7:35:00 AM,7:13:25 AM,,7:13:25 AM,,,
8/19/2025 12:00:00 AM,Jenkins Elementary,840,Moore A,JEN01 AM,7:35:00 AM,7:26:09 AM,,7:26:09 AM,,,
8/19/2025 12:00:00 AM,Jenkins Elementary,841,Miller S,JEN02 AM,7:35:00 AM,7:50:22 AM,,7:50:22 AM,,,
8/19/2025 12:00:00 AM,Jenkins Elementary,842,Moore A,JEN03 AM,7:35:00 AM,7:11:43 AM,,7:11:43 AM,,,
8/19/2025 12:00:00 AM,Jenkins Elementary,843,Miller S,JEN04 AM,7:35:00 AM,7:36:21 AM,,7:36:21 AM,,,
8/19/2025 12:00:00 AM,Jenkins Elementary,844,Davis R,JEN05 AM,7:35:00 AM,7:16:49 AM,,7:16:49 AM,,,
8/19/2025 12:00:00 AM,Lewis Elementary,850,Moore A,LEW01 AM,7:35:00 AM,7:14:55 AM,,7:14:55 AM,,,
8/19/2025 12:00:00 AM,Lewis Elementary,851,Anderson C,LEW02 AM,7:35:00 AM,7:36:11 AM,,7:36:11 AM,,,
8/19/2025 12:00:00 AM,Lewis Elementary,852,Davis R,LEW03 AM,7:35:00 AM,7:16:32 AM,,7:16:32 AM,,,
8/19/2025 12:00:00 AM,Lewis Elementary,853,Taylor B,LEW04 AM,7:35:00 AM,7:19:22 AM,,7:19:22 AM,,,
8/19/2025 12:00:00 AM,Lewis Elementary,854,Thomas D,LEW05 AM,7:35:00 AM,7:39:54 AM,,7:39:54 AM,,,
8/19/2025 12:00:00 AM,Marshall Elementary,860,Brown K,MAR01 AM,7:35:00 AM,,,7:11:38 AM,,,
8/19/2025 12:00:00 AM,Marshall Elementary,861,Moore A,MAR02 AM,7:35:00 AM,7:43:16 AM,,7:43:16 AM,,,
8/19/2025 12:00:00 AM,Marshall Elementary,862,Wilson J,MAR03 AM,7:35:00 AM,7:11:38 AM,,7:11:38 AM,,,
8/19/2025 12:00:00 AM,Marshall Elementary,863,Miller S,MAR04 AM,7:35:00 AM,7:14:48 AM,,7:14:48 AM,,,
8/19/2025 12:00:00 AM,Marshall Elementary,864,Brown K,MAR05 AM,7:35:00 AM,7:10:31 AM,,7:10:31 AM,,,
8/19/2025 12:00:00 AM,Reynolds Elementary,870,Davis R,REY01 AM,7:35:00 AM,7:23:43 AM,,7:23:43 AM,,,
8/19/2025 12:00:00 AM,Reynolds Elementary,871,Anderson C,REY02 AM,7:35:00 AM,7:27:30 AM,,7:27:30 AM,,,
8/19/2025 12:00:00 AM,Reynolds Elementary,872,Wilson J,REY03 AM,7:35:00 AM,7:21:26 AM,,7:21:26 AM,,,
8/19/2025 12:00:00 AM,Reynolds Elementary,873,Thomas D,REY04 AM,7:35:00 AM,7:11:04 AM,,7:11:04 AM,,,
8/19/2025 12:00:00 AM,Reynolds Elementary,874,Brown K,REY05 AM,7:35:00 AM,7:24:21 AM,,7:24:21 AM,,,
8/19/2025 12:00:00 AM,Westfield Middle School,880,Williams M,WES01 AM,8:05:00 AM,7:40:11 AM,,7:40:11 AM,,,
8/19/2025 12:00:00 AM,Westfield Middle School,881,Brown K,WES02 AM,8:05:00 AM,7:58:08 AM,,7:58:08 AM,,,
8/19/2025 12:00:00 AM,Westfield Middle School,882,Wilson J,WES03 AM,8:05:00 AM,8:20:20 AM,,8:20:20 AM,,,
8/19/2025 12:00:00 AM,Westfield Middle School,883,Wilson J,WES04 AM,8:05:00 AM,7:57:24 AM,,7:57:24 AM,,,
8/19/2025 12:00:00 AM,Lakewood Middle School,890,Anderson C,LAK01 AM,8:05:00 AM,7:50:27 AM,,7:50:27 AM,,,
8/19/2025 12:00:00 AM,Lakewood Middle School,891,Moore A,LAK02 AM,8:05:00 AM,7:53:46 AM,,7:53:46 AM,,,
8/19/2025 12:00:00 AM,Lakewood Middle School,892,Miller S,LAK03 AM,8:05:00 AM,7:41:03 AM,,7:41:03 AM,,,
8/19/2025 12:00:00 AM,Lakewood Middle School,893,Moore A,LAK04 AM,8:05:00 AM,7:52:30 AM,,7:52:30 AM,,,
8/19/2025 12:00:00 AM,Riverside Middle School,900,Anderson C,RIV01 AM,8:05:00 AM,7:41:44 AM,,7:41:44 AM,,,
8/19/2025 12:00:00 AM,Riverside Middle School,901,Davis R,RIV02 AM,8:05:00 AM,7:52:53 AM,,7:52:53 AM,,,
8/19/2025 12:00:00 AM,Riverside Middle School,902,Davis R,RIV03 AM,8:05:00 AM,7:45:21 AM,,7:45:21 AM,,,
8/19/2025 12:00:00 AM,Riverside Middle School,903,Williams M,RIV04 AM,8:05:00 AM,7:58:46 AM,,7:58:46 AM,,,
8/19/2025 12:00:00 AM,Metro High School,910,Brown K,MET01 AM,8:55:00 AM,9:09:18 AM,,9:09:18 AM,,,
8/19/2025 12:00:00 AM,Metro High School,911,Brown K,MET02 AM,8:55:00 AM,8:45:21 AM,,8:45:21 AM,,,
8/19/2025 12:00:00 AM,Metro High School,912,Williams M,MET03 AM,8:55:00 AM,8:36:17 AM,,8:36:17 AM,,,
8/19/2025 12:00:00 AM,Northgate High School,920,Brown K,NOR01 AM,8:55:00 AM,8:32:30 AM,,8:32:30 AM,,,
8/19/2025 12:00:00 AM,Northgate High School,921,Taylor B,NOR02 AM,8:55:00 AM,8:37:28 AM,,8:37:28 AM,,,
8/19/2025 12:00:00 AM,Northgate High School,922,Thomas D,NOR03 AM,8:55:00 AM,8:40:33 AM,,8:40:33 AM,,,
8/20/2025 12:00:00 AM,Anderson Elementary,800,Anderson C,AND01 AM,7:35:00 AM,,,7:44:32 AM,,,
8/20/2025 12:00:00 AM,Anderson Elementary,801,Taylor B,AND02 AM,7:35:00 AM,7:20:17 AM,,7:20:17 AM,,,
8/20/2025 12:00:00 AM,Anderson Elementary,802,Thomas D,AND03 AM,7:35:00 AM,7:15:28 AM,,7:15:28 AM,,,
8/20/2025 12:00:00 AM,Anderson Elementary,803,Johnson T,AND04 AM,7:35:00 AM,7:11:39 AM,,7:11:39 AM,,,
8/20/2025 12:00:00 AM,Anderson Elementary,804,Johnson T,AND05 AM,7:35:00 AM,7:16:21 AM,,7:16:21 AM,,,
8/20/2025 12:00:00 AM,Bammel Elementary,810,Davis R,BAM01 AM,7:35:00 AM,7:19:53 AM,,7:19:53 AM,,,
8/20/2025 12:00:00 AM,Bammel Elementary,811,Brown K,BAM02 AM,7:35:00 AM,7:47:46 AM,,7:47:46 AM,,,
8/20/2025 12:00:00 AM,Bammel Elementary,812,Davis R,BAM03 AM,7:35:00 AM,7:27:48 AM,,7:27:48 AM,,,
8/20/2025 12:00:00 AM,Bammel Elementary,813,Taylor B,BAM04 AM,7:35:00 AM,7:29:35 AM,,7:29:35 AM,,,
8/20/2025 12:00:00 AM,Bammel Elementary,814,Brown K,BAM05 AM,7:35:00 AM,7:11:38 AM,,7:11:38 AM,,,
8/20/2025 12:00:00 AM,Cooper Elementary,820,Moore A,COO01 AM,7:35:00 AM,7:40:28 AM,,7:40:28 AM,,,
8/20/2025 12:00:00 AM,Cooper Elementary,821,Wilson J,COO02 AM,7:35:00 AM,7:13:40 AM,,7:13:40 AM,,,
8/20/2025 12:00:00 AM,Cooper Elementary,822,Brown K,COO03 AM,7:35:00 AM,7:10:20 AM,,7:10:20 AM,,,
8/20/2025 12:00:00 AM,Cooper Elementary,823,Moore A,COO04 AM,7:35:00 AM,,,7:13:03 AM,,,
8/20/2025 12:00:00 AM,Cooper Elementary,824,Miller S,COO05 AM,7:35:00 AM,7:29:44 AM,,7:29:44 AM,,,
8/20/2025 12:00:00 AM,Heritage Elementary,830,Anderson C,HER01 AM,7:35:00 AM,7:10:35 AM,,7:10:35 AM,,,
8/20/2025 12:00:00 AM,Heritage Elementary,831,Moore A,HER02 AM,7:35:00 AM,7:20:35 AM,,7:20:35 AM,,,
8/20/2025 12:00:00 AM,Heritage Elementary,832,Thomas D,HER03 AM,7:35:00 AM,7:11:12 AM,,7:11:12 AM,,,
8/20/2025 12:00:00 AM,Heritage Elementary,833,Anderson C,HER04 AM,7:35:00 AM,7:29:27 AM,,7:29:27 AM,,,
8/20/2025 12:00:00 AM,Heritage Elementary,834,Brown K,HER05 AM,7:35:00 AM,7:11:03 AM,,7:11:03 AM,,,
8/20/2025 12:00:00 AM,Jenkins Elementary,840,Wilson J,JEN01 AM,7:35:00 AM,7:25:33 AM,,7:25:33 AM,,,
8/20/2025 12:00:00 AM,Jenkins Elementary,841,Davis R,JEN02 AM,7:35:00 AM,7:20:23 AM,,7:20:23 AM,,,
8/20/2025 12:00:00 AM,Jenkins Elementary,842,Wilson J,JEN03 AM,7:35:00 AM,7:10:39 AM,,7:10:39 AM,,,
8/20/2025 12:00:00 AM,Jenkins Elementary,843,Miller S,JEN04 AM,7:35:00 AM,7:21:01 AM,,7:21:01 AM,,,
8/20/2025 12:00:00 AM,Jenkins Elementary,844,Anderson C,JEN05 AM,7:35:00 AM,7:27:10 AM,,7:27:10 AM,,,
8/20/2025 12:00:00 AM,Lewis Elementary,850,Moore A,LEW01 AM,7:35:00 AM,7:39:34 AM,,7:39:34 AM,,,
8/20/2025 12:00:00 AM,Lewis Elementary,851,Wilson J,LEW02 AM,7:35:00 AM,7:28:03 AM,,7:28:03 AM,,,
8/20/2025 12:00:00 AM,Lewis Elementary,852,Moore A,LEW03 AM,7:35:00 AM,7:30:24 AM,,7:30:24 AM,,,
8/20/2025 12:00:00 AM,Lewis Elementary,853,Williams M,LEW04 AM,7:35:00 AM,7:14:06 AM,,7:14:06 AM,,,
8/20/2025 12:00:00 AM,Lewis Elementary,854,Brown K,LEW05 AM,7:35:00 AM,7:26:47 AM,,7:26:47 AM,,,
8/20/2025 12:00:00 AM,Marshall Elementary,860,Anderson C,MAR01 AM,7:35:00 AM,7:38:07 AM,,7:38:07 AM,,,
8/20/2025 12:00:00 AM,Marshall Elementary,861,Moore A,MAR02 AM,7:35:00 AM,7:49:32 AM,,7:49:32 AM,,,
8/20/2025 12:00:00 AM,Marshall Elementary,862,Johnson T,MAR03 AM,7:35:00 AM,7:50:35 AM,,7:50:35 AM,,,
8/20/2025 12:00:00 AM,Marshall Elementary,863,Wilson J,MAR04 AM,7:35:00 AM,7:10:15 AM,,7:10:15 AM,,,
8/20/2025 12:00:00 AM,Marshall Elementary,864,Miller S,MAR05 AM,7:35:00 AM,7:26:36 AM,,7:26:36 AM,,,
8/20/2025 12:00:00 AM,Reynolds Elementary,870,Wilson J,REY01 AM,7:35:00 AM,7:20:56 AM,,7:20:56 AM,,,
8/20/2025 12:00:00 AM,Reynolds Elementary,871,Miller S,REY02 AM,7:35:00 AM,7:26:57 AM,,7:26:57 AM,,,
8/20/2025 12:00:00 AM,Reynolds Elementary,872,Anderson C,REY03 AM,7:35:00 AM,7:12:37 AM,,7:12:37 AM,,,
8/20/2025 12:00:00 AM,Reynolds Elementary,873,Brown K,REY04 AM,7:35:00 AM,7:23:57 AM,,7:23:57 AM,,,
8/20/2025 12:00:00 AM,Reynolds Elementary,874,Davis R,REY05 AM,7:35:00 AM,7:11:43 AM,,7:11:43 AM,,,
8/20/2025 12:00:00 AM,Westfield Middle School,880,Taylor B,WES01 AM,8:05:00 AM,8:06:14 AM,,8:06:14 AM,,,
8/20/2025 12:00:00 AM,Westfield Middle School,881,Wilson J,WES02 AM,8:05:00 AM,7:46:56 AM,,7:46:56 AM,,,
8/20/2025 12:00:00 AM,Westfield Middle School,882,Anderson C,WES03 AM,8:05:00 AM,7:48:41 AM,,7:48:41 AM,,,
8/20/2025 12:00:00 AM,Westfield Middle School,883,Moore A,WES04 AM,8:05:00 AM,7:49:31 AM,,7:49:31 AM,,,
8/20/2025 12:00:00 AM,Lakewood Middle School,890,Miller S,LAK01 AM,8:05:00 AM,7:55:10 AM,,7:55:10 AM,,,
8/20/2025 12:00:00 AM,Lakewood Middle School,891,Davis R,LAK02 AM,8:05:00 AM,7:40:53 AM,,7:40:53 AM,,,
8/20/2025 12:00:00 AM,Lakewood Middle School,892,Thomas D,LAK03 AM,8:05:00 AM,7:55:16 AM,,7:55:16 AM,,,
8/20/2025 12:00:00 AM,Lakewood Middle School,893,Davis R,LAK04 AM,8:05:00 AM,7:45:55 AM,,7:45:55 AM,,,
8/20/2025 12:00:00 AM,Riverside Middle School,900,Anderson C,RIV01 AM,8:05:00 AM,7:50:59 AM,,7:50:59 AM,,,
8/20/2025 12:00:00 AM,Riverside Middle School,901,Anderson C,RIV02 AM,8:05:00 AM,7:56:38 AM,,7:56:38 AM,,,
8/20/2025 12:00:00 AM,Riverside Middle School,902,Williams M,RIV03 AM,8:05:00 AM,7:56:57 AM,,7:56:57 AM,,,
8/20/2025 12:00:00 AM,Riverside Middle School,903,Johnson T,RIV04 AM,8:05:00 AM,7:47:14 AM,,7:47:14 AM,,,
8/20/2025 12:00:00 AM,Metro High School,910,Moore A,MET01 AM,8:55:00 AM,8:35:49 AM,,8:35:49 AM,,,
8/20/2025 12:00:00 AM,Metro High School,911,Johnson T,MET02 AM,8:55:00 AM,,,8:46:44 AM,,,
8/20/2025 12:00:00 AM,Metro High School,912,Thomas D,MET03 AM,8:55:00 AM,8:33:27 AM,,8:33:27 AM,,,
8/20/2025 12:00:00 AM,Northgate High School,920,Anderson C,NOR01 AM,8:55:00 AM,8:39:35 AM,,8:39:35 AM,,,
8/20/2025 12:00:00 AM,Northgate High School,921,Davis R,NOR02 AM,8:55:00 AM,8:45:06 AM,,8:45:06 AM,,,
8/20/2025 12:00:00 AM,Northgate High School,922,Moore A,NOR03 AM,8:55:00 AM,8:56:51 AM,,8:56:51 AM,,,
8/21/2025 12:00:00 AM,Anderson Elementary,800,Williams M,AND01 AM,7:35:00 AM,7:18:59 AM,,7:18:59 AM,,,
8/21/2025 12:00:00 AM,Anderson Elementary,801,Taylor B,AND02 AM,7:35:00 AM,7:24:54 AM,,7:24:54 AM,,,
8/21/2025 12:00:00 AM,Anderson Elementary,802,Brown K,AND03 AM,7:35:00 AM,7:19:15 AM,,7:19:15 AM,,,
8/21/2025 12:00:00 AM,Anderson Elementary,803,Thomas D,AND04 AM,7:35:00 AM,7:30:47 AM,,7:30:47 AM,,,
8/21/2025 12:00:00 AM,Anderson Elementary,804,Miller S,AND05 AM,7:35:00 AM,7:24:29 AM,,7:24:29 AM,,,
8/21/2025 12:00:00 AM,Bammel Elementary,810,Miller S,BAM01 AM,7:35:00 AM,7:27:51 AM,,7:27:51 AM,,,
8/21/2025 12:00:00 AM,Bammel Elementary,811,Taylor B,BAM02 AM,7:35:00 AM,7:20:49 AM,,7:20:49 AM,,,
8/21/2025 12:00:00 AM,Bammel Elementary,812,Davis R,BAM03 AM,7:35:00 AM,7:23:51 AM,,7:23:51 AM,,,
8/21/2025 12:00:00 AM,Bammel Elementary,813,Moore A,BAM04 AM,7:35:00 AM,7:20:04 AM,,7:20:04 AM,,,
8/21/2025 12:00:00 AM,Bammel Elementary,814,Davis R,BAM05 AM,7:35:00 AM,7:24:15 AM,,7:24:15 AM,,,
8/21/2025 12:00:00 AM,Cooper Elementary,820,Williams M,COO01 AM,7:35:00 AM,7:28:43 AM,,7:28:43 AM,,,
8/21/2025 12:00:00 AM,Cooper Elementary,821,Wilson J,COO02 AM,7:35:00 AM,7:12:55 AM,,7:12:55 AM,,,
8/21/2025 12:00:00 AM,Cooper Elementary,822,Johnson T,COO03 AM,7:35:00 AM,7:17:30 AM,,7:17:30 AM,,,
8/21/2025 12:00:00 AM,Cooper Elementary,823,Anderson C,COO04 AM,7:35:00 AM,7:30:00 AM,,7:30:00 AM,,,
8/21/2025 12:00:00 AM,Cooper Elementary,824,Miller S,COO05 AM,7:35:00 AM,7:15:39 AM,,7:15:39 AM,,,
8/21/2025 12:00:00 AM,Heritage Elementary,830,Moore A,HER01 AM,7:35:00 AM,7:25:36 AM,,7:25:36 AM,,,
8/21/2025 12:00:00 AM,Heritage Elementary,831,Moore A,HER02 AM,7:35:00 AM,7:24:09 AM,,7:24:09 AM,,,
8/21/2025 12:00:00 AM,Heritage Elementary,832,Wilson J,HER03 AM,7:35:00 AM,7:21:16 AM,,7:21:16 AM,,,
8/21/2025 12:00:00 AM,Heritage Elementary,833,Williams M,HER04 AM,7:35:00 AM,7:20:16 AM,,7:20:16 AM,,,
8/21/2025 12:00:00 AM,Heritage Elementary,834,Thomas D,HER05 AM,7:35:00 AM,7:12:41 AM,,7:12:41 AM,,,
8/21/2025 12:00:00 AM,Jenkins Elementary,840,Williams M,JEN01 AM,7:35:00 AM,7:21:29 AM,,7:21:29 AM,,,
8/21/2025 12:00:00 AM,Jenkins Elementary,841,Williams M,JEN02 AM,7:35:00 AM,7:20:14 AM,,7:20:14 AM,,,
8/21/2025 12:00:00 AM,Jenkins Elementary,842,Wilson J,JEN03 AM,7:35:00 AM,7:14:28 AM,,7:14:28 AM,,,
8/21/2025 12:00:00 AM,Jenkins Elementary,843,Brown K,JEN04 AM,7:35:00 AM,7:27:04 AM,,7:27:04 AM,,,
8/21/2025 12:00:00 AM,Jenkins Elementary,844,Miller S,JEN05 AM,7:35:00 AM,7:28:41 AM,,7:28:41 AM,,,
8/21/2025 12:00:00 AM,Lewis Elementary,850,Anderson C,LEW01 AM,7:35:00 AM,7:36:02 AM,,7:36:02 AM,,,
8/21/2025 12:00:00 AM,Lewis Elementary,851,Anderson C,LEW02 AM,7:35:00 AM,7:11:29 AM,,7:11:29 AM,,,
8/21/2025 12:00:00 AM,Lewis Elementary,852,Anderson C,LEW03 AM,7:35:00 AM,7:28:28 AM,,7:28:28 AM,,,
8/21/2025 12:00:00 AM,Lewis Elementary,853,Miller S,LEW04 AM,7:35:00 AM,7:30:44 AM,,7:30:44 AM,,,
8/21/2025 12:00:00 AM,Lewis Elementary,854,Johnson T,LEW05 AM,7:35:00 AM,7:24:26 AM,,7:24:26 AM,,,
8/21/2025 12:00:00 AM,Marshall Elementary,860,Miller S,MAR01 AM,7:35:00 AM,7:10:15 AM,,7:10:15 AM,,,
8/21/2025 12:00:00 AM,Marshall Elementary,861,Miller S,MAR02 AM,7:35:00 AM,7:28:11 AM,,7:28:11 AM,,,
8/21/2025 12:00:00 AM,Marshall Elementary,862,Wilson J,MAR03 AM,7:35:00 AM,,,7:27:18 AM,,,
8/21/2025 12:00:00 AM,Marshall Elementary,863,Brown K,MAR04 AM,7:35:00 AM,7:24:21 AM,,7:24:21 AM,,,
8/21/2025 12:00:00 AM,Marshall Elementary,864,Miller S,MAR05 AM,7:35:00 AM,7:37:34 AM,,7:37:34 AM,,,
8/21/2025 12:00:00 AM,Reynolds Elementary,870,Davis R,REY01 AM,7:35:00 AM,7:16:15 AM,,7:16:15 AM,,,
8/21/2025 12:00:00 AM,Reynolds Elementary,871,Moore A,REY02 AM,7:35:00 AM,7:21:59 AM,,7:21:59 AM,,,
8/21/2025 12:00:00 AM,Reynolds Elementary,872,Wilson J,REY03 AM,7:35:00 AM,7:49:42 AM,,7:49:42 AM,,,
8/21/2025 12:00:00 AM,Reynolds Elementary,873,Williams M,REY04 AM,7:35:00 AM,7:23:00 AM,,7:23:00 AM,,,
8/21/2025 12:00:00 AM,Reynolds Elementary,874,Brown K,REY05 AM,7:35:00 AM,7:11:21 AM,,7:11:21 AM,,,
8/21/2025 12:00:00 AM,Westfield Middle School,880,Taylor B,WES01 AM,8:05:00 AM,7:43:50 AM,,7:43:50 AM,,,
8/21/2025 12:00:00 AM,Westfield Middle School,881,Brown K,WES02 AM,8:05:00 AM,7:59:31 AM,,7:59:31 AM,,,
8/21/2025 12:00:00 AM,Westfield Middle School,882,Wilson J,WES03 AM,8:05:00 AM,7:52:55 AM,,7:52:55 AM,,,
8/21/2025 12:00:00 AM,Westfield Middle School,883,Wilson J,WES04 AM,8:05:00 AM,7:40:32 AM,,7:40:32 AM,,,
8/21/2025 12:00:00 AM,Lakewood Middle School,890,Williams M,LAK01 AM,8:05:00 AM,7:43:52 AM,,7:43:52 AM,,,
8/21/2025 12:00:00 AM,Lakewood Middle School,891,Wilson J,LAK02 AM,8:05:00 AM,7:44:42 AM,,7:44:42 AM,,,
8/21/2025 12:00:00 AM,Lakewood Middle School,892,Thomas D,LAK03 AM,8:05:00 AM,7:48:42 AM,,7:48:42 AM,,,
8/21/2025 12:00:00 AM,Lakewood Middle School,893,Davis R,LAK04 AM,8:05:00 AM,7:58:29 AM,,7:58:29 AM,,,
8/21/2025 12:00:00 AM,Riverside Middle School,900,Thomas D,RIV01 AM,8:05:00 AM,7:59:46 AM,,7:59:46 AM,,,
8/21/2025 12:00:00 AM,Riverside Middle School,901,Moore A,RIV02 AM,8:05:00 AM,7:44:42 AM,,7:44:42 AM,,,
8/21/2025 12:00:00 AM,Riverside Middle School,902,Taylor B,RIV03 AM,8:05:00 AM,7:47:56 AM,,7:47:56 AM,,,
8/21/2025 12:00:00 AM,Riverside Middle School,903,Wilson J,RIV04 AM,8:05:00 AM,7:43:20 AM,,7:43:20 AM,,,
8/21/2025 12:00:00 AM,Metro High School,910,Davis R,MET01 AM,8:55:00 AM,8:33:59 AM,,8:33:59 AM,,,
8/21/2025 12:00:00 AM,Metro High School,911,Johnson T,MET02 AM,8:55:00 AM,8:41:00 AM,,8:41:00 AM,,,
8/21/2025 12:00:00 AM,Metro High School,912,Anderson C,MET03 AM,8:55:00 AM,8:32:59 AM,,8:32:59 AM,,,
8/21/2025 12:00:00 AM,Northgate High School,920,Davis R,NOR01 AM,8:55:00 AM,8:41:05 AM,,8:41:05 AM,,,
8/21/2025 12:00:00 AM,Northgate High School,921,Taylor B,NOR02 AM,8:55:00 AM,8:32:52 AM,,8:32:52 AM,,,
8/21/2025 12:00:00 AM,Northgate High School,922,Johnson T,NOR03 AM,8:55:00 AM,8:40:22 AM,,8:40:22 AM,,,
8/22/2025 12:00:00 AM,Anderson Elementary,800,Johnson T,AND01 AM,7:35:00 AM,7:10:24 AM,,7:10:24 AM,,,
8/22/2025 12:00:00 AM,Anderson Elementary,801,Johnson T,AND02 AM,7:35:00 AM,7:18:28 AM,,7:18:28 AM,,,
8/22/2025 12:00:00 AM,Anderson Elementary,802,Wilson J,AND03 AM,7:35:00 AM,7:12:47 AM,,7:12:47 AM,,,
8/22/2025 12:00:00 AM,Anderson Elementary,803,Brown K,AND04 AM,7:35:00 AM,7:24:31 AM,,7:24:31 AM,,,
8/22/2025 12:00:00 AM,Anderson Elementary,804,Moore A,AND05 AM,7:35:00 AM,7:12:05 AM,,7:12:05 AM,,,
8/22/2025 12:00:00 AM,Bammel Elementary,810,Miller S,BAM01 AM,7:35:00 AM,7:19:39 AM,,7:19:39 AM,,,
8/22/2025 12:00:00 AM,Bammel Elementary,811,Wilson J,BAM02 AM,7:35:00 AM,7:28:07 AM,,7:28:07 AM,,,
8/22/2025 12:00:00 AM,Bammel Elementary,812,Williams M,BAM03 AM,7:35:00 AM,7:15:01 AM,,7:15:01 AM,,,
8/22/2025 12:00:00 AM,Bammel Elementary,813,Brown K,BAM04 AM,7:35:00 AM,7:30:24 AM,,7:30:24 AM,,,
8/22/2025 12:00:00 AM,Bammel Elementary,814,Johnson T,BAM05 AM,7:35:00 AM,7:30:04 AM,,7:30:04 AM,,,
8/22/2025 12:00:00 AM,Cooper Elementary,820,Moore A,COO01 AM,7:35:00 AM,7:18:32 AM,,7:18:32 AM,,,
8/22/2025 12:00:00 AM,Cooper Elementary,821,Taylor B,COO02 AM,7:35:00 AM,7:30:02 AM,,7:30:02 AM,,,
8/22/2025 12:00:00 AM,Cooper Elementary,822,Wilson J,COO03 AM,7:35:00 AM,7:21:15 AM,,7:21:15 AM,,,
8/22/2025 12:00:00 AM,Cooper Elementary,823,Miller S,COO04 AM,7:35:00 AM,7:20:57 AM,,7:20:57 AM,,,
8/22/2025 12:00:00 AM,Cooper Elementary,824,Davis R,COO05 AM,7:35:00 AM,7:17:19 AM,,7:17:19 AM,,,
8/22/2025 12:00:00 AM,Heritage Elementary,830,Davis R,HER01 AM,7:35:00 AM,7:21:44 AM,,7:21:44 AM,,,
8/22/2025 12:00:00 AM,Heritage Elementary,831,Williams M,HER02 AM,7:35:00 AM,7:27:11 AM,,7:27:11 AM,,,
8/22/2025 12:00:00 AM,Heritage Elementary,832,Taylor B,HER03 AM,7:35:00 AM,7:10:59 AM,,7:10:59 AM,,,
8/22/2025 12:00:00 AM,Heritage Elementary,833,Miller S,HER04 AM,7:35:00 AM,7:11:14 AM,,7:11:14 AM,,,
8/22/2025 12:00:00 AM,Heritage Elementary,834,Thomas D,HER05 AM,7:35:00 AM,7:10:23 AM,,7:10:23 AM,,,
8/22/2025 12:00:00 AM,Jenkins Elementary,840,Johnson T,JEN01 AM,7:35:00 AM,7:42:14 AM,,7:42:14 AM,,,
8/22/2025 12:00:00 AM,Jenkins Elementary,841,Thomas D,JEN02 AM,7:35:00 AM,7:20:55 AM,,7:20:55 AM,,,
8/22/2025 12:00:00 AM,Jenkins Elementary,842,Wilson J,JEN03 AM,7:35:00 AM,7:12:38 AM,,7:12:38 AM,,,
8/22/2025 12:00:00 AM,Jenkins Elementary,843,Anderson C,JEN04 AM,7:35:00 AM,7:29:35 AM,,7:29:35 AM,,,
8/22/2025 12:00:00 AM,Jenkins Elementary,844,Brown K,JEN05 AM,7:35:00 AM,7:11:58 AM,,7:11:58 AM,,,
8/22/2025 12:00:00 AM,Lewis Elementary,850,Brown K,LEW01 AM,7:35:00 AM,7:50:44 AM,,7:50:44 AM,,,
8/22/2025 12:00:00 AM,Lewis Elementary,851,Taylor B,LEW02 AM,7:35:00 AM,7:20:44 AM,,7:20:44 AM,,,
8/22/2025 12:00:00 AM,Lewis Elementary,852,Anderson C,LEW03 AM,7:35:00 AM,7:14:39 AM,,7:14:39 AM,,,
8/22/2025 12:00:00 AM,Lewis Elementary,853,Brown K,LEW04 AM,7:35:00 AM,7:29:26 AM,,7:29:26 AM,,,
8/22/2025 12:00:00 AM,Lewis Elementary,854,Thomas D,LEW05 AM,7:35:00 AM,7:30:29 AM,,7:30:29 AM,,,
8/22/2025 12:00:00 AM,Marshall Elementary,860,Taylor B,MAR01 AM,7:35:00 AM,7:16:05 AM,,7:16:05 AM,,,
8/22/2025 12:00:00 AM,Marshall Elementary,861,Brown K,MAR02 AM,7:35:00 AM,,,7:08:42 AM,,,
8/22/2025 12:00:00 AM,Marshall Elementary,862,Williams M,MAR03 AM,7:35:00 AM,7:25:10 AM,,7:25:10 AM,,,
8/22/2025 12:00:00 AM,Marshall Elementary,863,Thomas D,MAR04 AM,7:35:00 AM,7:29:05 AM,,7:29:05 AM,,,
8/22/2025 12:00:00 AM,Marshall Elementary,864,Miller S,MAR05 AM,7:35:00 AM,7:27:44 AM,,7:27:44 AM,,,
8/22/2025 12:00:00 AM,Reynolds Elementary,870,Thomas D,REY01 AM,7:35:00 AM,7:10:33 AM,,7:10:33 AM,,,
8/22/2025 12:00:00 AM,Reynolds Elementary,871,Anderson C,REY02 AM,7:35:00 AM,7:11:22 AM,,7:11:22 AM,,,
8/22/2025 12:00:00 AM,Reynolds Elementary,872,Thomas D,REY03 AM,7:35:00 AM,,,7:19:29 AM,,,
8/22/2025 12:00:00 AM,Reynolds Elementary,873,Moore A,REY04 AM,7:35:00 AM,7:19:35 AM,,7:19:35 AM,,,
8/22/2025 12:00:00 AM,Reynolds Elementary,874,Miller S,REY05 AM,7:35:00 AM,,,7:20:21 AM,,,
8/22/2025 12:00:00 AM,Westfield Middle School,880,Wilson J,WES01 AM,8:05:00 AM,8:20:43 AM,,8:20:43 AM,,,
8/22/2025 12:00:00 AM,Westfield Middle School,881,Anderson C,WES02 AM,8:05:00 AM,8:13:50 AM,,8:13:50 AM,,,
8/22/2025 12:00:00 AM,Westfield Middle School,882,Johnson T,WES03 AM,8:05:00 AM,7:50:51 AM,,7:50:51 AM,,,
8/22/2025 12:00:00 AM,Westfield Middle School,883,Anderson C,WES04 AM,8:05:00 AM,8:15:38 AM,,8:15:38 AM,,,
8/22/2025 12:00:00 AM,Lakewood Middle School,890,Johnson T,LAK01 AM,8:05:00 AM,7:58:31 AM,,7:58:31 AM,,,
8/22/2025 12:00:00 AM,Lakewood Middle School,891,Wilson J,LAK02 AM,8:05:00 AM,7:54:58 AM,,7:54:58 AM,,,
8/22/2025 12:00:00 AM,Lakewood Middle School,892,Taylor B,LAK03 AM,8:05:00 AM,7:44:19 AM,,7:44:19 AM,,,
8/22/2025 12:00:00 AM,Lakewood Middle School,893,Johnson T,LAK04 AM,8:05:00 AM,,,7:42:43 AM,,,
8/22/2025 12:00:00 AM,Riverside Middle School,900,Anderson C,RIV01 AM,8:05:00 AM,7:51:01 AM,,7:51:01 AM,,,
8/22/2025 12:00:00 AM,Riverside Middle School,901,Wilson J,RIV02 AM,8:05:00 AM,7:57:17 AM,,7:57:17 AM,,,
8/22/2025 12:00:00 AM,Riverside Middle School,902,Wilson J,RIV03 AM,8:05:00 AM,7:52:09 AM,,7:52:09 AM,,,
8/22/2025 12:00:00 AM,Riverside Middle School,903,Taylor B,RIV04 AM,8:05:00 AM,8:00:30 AM,,8:00:30 AM,,,
8/22/2025 12:00:00 AM,Metro High School,910,Thomas D,MET01 AM,8:55:00 AM,8:36:39 AM,,8:36:39 AM,,,
8/22/2025 12:00:00 AM,Metro High School,911,Brown K,MET02 AM,8:55:00 AM,8:36:06 AM,,8:36:06 AM,,,
8/22/2025 12:00:00 AM,Metro High School,912,Wilson J,MET03 AM,8:55:00 AM,8:40:50 AM,,8:40:50 AM,,,
8/22/2025 12:00:00 AM,Northgate High School,920,Brown K,NOR01 AM,8:55:00 AM,8:39:38 AM,,8:39:38 AM,,,
8/22/2025 12:00:00 AM,Northgate High School,921,Williams M,NOR02 AM,8:55:00 AM,8:33:29 AM,,8:33:29 AM,,,
8/22/2025 12:00:00 AM,Northgate High School,922,Wilson J,NOR03 AM,8:55:00 AM,8:32:27 AM,,8:32:27 AM,,,
8/25/2025 12:00:00 AM,Anderson Elementary,800,Thomas D,AND01 AM,7:35:00 AM,7:27:37 AM,,7:27:37 AM,,,
8/25/2025 12:00:00 AM,Anderson Elementary,801,Thomas D,AND02 AM,7:35:00 AM,7:11:49 AM,,7:11:49 AM,,,
8/25/2025 12:00:00 AM,Anderson Elementary,802,Thomas D,AND03 AM,7:35:00 AM,,,7:45:42 AM,,,
8/25/2025 12:00:00 AM,Anderson Elementary,803,Davis R,AND04 AM,7:35:00 AM,7:20:19 AM,,7:20:19 AM,,,
8/25/2025 12:00:00 AM,Anderson Elementary,804,Thomas D,AND05 AM,7:35:00 AM,7:14:25 AM,,7:14:25 AM,,,
8/25/2025 12:00:00 AM,Bammel Elementary,810,Wilson J,BAM01 AM,7:35:00 AM,,,7:22:44 AM,,,
8/25/2025 12:00:00 AM,Bammel Elementary,811,Moore A,BAM02 AM,7:35:00 AM,7:25:30 AM,,7:25:30 AM,,,
8/25/2025 12:00:00 AM,Bammel Elementary,812,Brown K,BAM03 AM,7:35:00 AM,,,7:29:42 AM,,,
8/25/2025 12:00:00 AM,Bammel Elementary,813,Taylor B,BAM04 AM,7:35:00 AM,7:47:38 AM,,7:47:38 AM,,,
8/25/2025 12:00:00 AM,Bammel Elementary,814,Davis R,BAM05 AM,7:35:00 AM,7:11:00 AM,,7:11:00 AM,,,
8/25/2025 12:00:00 AM,Cooper Elementary,820,Johnson T,COO01 AM,7:35:00 AM,7:19:07 AM,,7:19:07 AM,,,
8/25/2025 12:00:00 AM,Cooper Elementary,821,Anderson C,COO02 AM,7:35:00 AM,7:11:05 AM,,7:11:05 AM,,,
8/25/2025 12:00:00 AM,Cooper Elementary,822,Johnson T,COO03 AM,7:35:00 AM,7:14:57 AM,,7:14:57 AM,,,
8/25/2025 12:00:00 AM,Cooper Elementary,823,Miller S,COO04 AM,7:35:00 AM,7:12:16 AM,,7:12:16 AM,,,
8/25/2025 12:00:00 AM,Cooper Elementary,824,Miller S,COO05 AM,7:35:00 AM,7:26:32 AM,,7:26:32 AM,,,
8/25/2025 12:00:00 AM,Heritage Elementary,830,Williams M,HER01 AM,7:35:00 AM,7:12:47 AM,,7:12:47 AM,,,
8/25/2025 12:00:00 AM,Heritage Elementary,831,Anderson C,HER02 AM,7:35:00 AM,7:20:05 AM,,7:20:05 AM,,,
8/25/2025 12:00:00 AM,Heritage Elementary,832,Moore A,HER03 AM,7:35:00 AM,7:16:46 AM,,7:16:46 AM,,,
8/25/2025 12:00:00 AM,Heritage Elementary,833,Brown K,HER04 AM,7:35:00 AM,7:15:19 AM,,7:15:19 AM,,,
8/25/2025 12:00:00 AM,Heritage Elementary,834,Moore A,HER05 AM,7:35:00 AM,7:16:24 AM,,7:16:24 AM,,,
8/25/2025 12:00:00 AM,Jenkins Elementary,840,Moore A,JEN01 AM,7:35:00 AM,7:10:54 AM,,7:10:54 AM,,,
8/25/2025 12:00:00 AM,Jenkins Elementary,841,Davis R,JEN02 AM,7:35:00 AM,7:12:49 AM,,7:12:49 AM,,,
8/25/2025 12:00:00 AM,Jenkins Elementary,842,Williams M,JEN03 AM,7:35:00 AM,7:27:33 AM,,7:27:33 AM,,,
8/25/2025 12:00:00 AM,Jenkins Elementary,843,Williams M,JEN04 AM,7:35:00 AM,7:11:42 AM,,7:11:42 AM,,,
8/25/2025 12:00:00 AM,Jenkins Elementary,844,Moore A,JEN05 AM,7:35:00 AM,7:10:36 AM,,7:10:36 AM,,,
8/25/2025 12:00:00 AM,Lewis Elementary,850,Taylor B,LEW01 AM,7:35:00 AM,7:40:49 AM,,7:40:49 AM,,,
8/25/2025 12:00:00 AM,Lewis Elementary,851,Wilson J,LEW02 AM,7:35:00 AM,7:40:52 AM,,7:40:52 AM,,,
8/25/2025 12:00:00 AM,Lewis Elementary,852,Brown K,LEW03 AM,7:35:00 AM,7:17:13 AM,,7:17:13 AM,,,
8/25/2025 12:00:00 AM,Lewis Elementary,853,Miller S,LEW04 AM,7:35:00 AM,7:36:57 AM,,7:36:57 AM,,,
8/25/2025 12:00:00 AM,Lewis Elementary,854,Moore A,LEW05 AM,7:35:00 AM,7:14:45 AM,,7:14:45 AM,,,
8/25/2025 12:00:00 AM,Marshall Elementary,860,Davis R,MAR01 AM,7:35:00 AM,7:15:07 AM,,7:15:07 AM,,,
8/25/2025 12:00:00 AM,Marshall Elementary,861,Anderson C,MAR02 AM,7:35:00 AM,7:41:05 AM,,7:41:05 AM,,,
8/25/2025 12:00:00 AM,Marshall Elementary,862,Moore A,MAR03 AM,7:35:00 AM,7:46:44 AM,,7:46:44 AM,,,
8/25/2025 12:00:00 AM,Marshall Elementary,863,Thomas D,MAR04 AM,7:35:00 AM,7:18:04 AM,,7:18:04 AM,,,
8/25/2025 12:00:00 AM,Marshall Elementary,864,Johnson T,MAR05 AM,7:35:00 AM,7:24:51 AM,,7:24:51 AM,,,
8/25/2025 12:00:00 AM,Reynolds Elementary,870,Williams M,REY01 AM,7:35:00 AM,7:26:31 AM,,7:26:31 AM,,,
8/25/2025 12:00:00 AM,Reynolds Elementary,871,Brown K,REY02 AM,7:35:00 AM,7:21:52 AM,,7:21:52 AM,,,
8/25/2025 12:00:00 AM,Reynolds Elementary,872,Taylor B,REY03 AM,7:35:00 AM,7:11:14 AM,,7:11:14 AM,,,
8/25/2025 12:00:00 AM,Reynolds Elementary,873,Thomas D,REY04 AM,7:35:00 AM,7:20:53 AM,,7:20:53 AM,,,
8/25/2025 12:00:00 AM,Reynolds Elementary,874,Moore A,REY05 AM,7:35:00 AM,7:19:35 AM,,7:19:35 AM,,,
8/25/2025 12:00:00 AM,Westfield Middle School,880,Brown K,WES01 AM,8:05:00 AM,,,7:44:59 AM,,,
8/25/2025 12:00:00 AM,Westfield Middle School,881,Taylor B,WES02 AM,8:05:00 AM,7:54:09 AM,,7:54:09 AM,,,
8/25/2025 12:00:00 AM,Westfield Middle School,882,Taylor B,WES03 AM,8:05:00 AM,7:58:40 AM,,7:58:40 AM,,,
8/25/2025 12:00:00 AM,Westfield Middle School,883,Thomas D,WES04 AM,8:05:00 AM,7:43:32 AM,,7:43:32 AM,,,
8/25/2025 12:00:00 AM,Lakewood Middle School,890,Brown K,LAK01 AM,8:05:00 AM,7:59:03 AM,,7:59:03 AM,,,
8/25/2025 12:00:00 AM,Lakewood Middle School,891,Williams M,LAK02 AM,8:05:00 AM,7:43:11 AM,,7:43:11 AM,,,
8/25/2025 12:00:00 AM,Lakewood Middle School,892,Thomas D,LAK03 AM,8:05:00 AM,7:54:47 AM,,7:54:47 AM,,,
8/25/2025 12:00:00 AM,Lakewood Middle School,893,Davis R,LAK04 AM,8:05:00 AM,7:53:04 AM,,7:53:04 AM,,,
8/25/2025 12:00:00 AM,Riverside Middle School,900,Moore A,RIV01 AM,8:05:00 AM,7:46:46 AM,,7:46:46 AM,,,
8/25/2025 12:00:00 AM,Riverside Middle School,901,Brown K,RIV02 AM,8:05:00 AM,7:46:29 AM,,7:46:29 AM,,,
8/25/2025 12:00:00 AM,Riverside Middle School,902,Brown K,RIV03 AM,8:05:00 AM,7:43:54 AM,,7:43:54 AM,,,
8/25/2025 12:00:00 AM,Riverside Middle School,903,Johnson T,RIV04 AM,8:05:00 AM,7:53:15 AM,,7:53:15 AM,,,
8/25/2025 12:00:00 AM,Metro High School,910,Johnson T,MET01 AM,8:55:00 AM,8:35:46 AM,,8:35:46 AM,,,
8/25/2025 12:00:00 AM,Metro High School,911,Taylor B,MET02 AM,8:55:00 AM,,,8:34:13 AM,,,
8/25/2025 12:00:00 AM,Metro High School,912,Taylor B,MET03 AM,8:55:00 AM,8:45:45 AM,,8:45:45 AM,,,
8/25/2025 12:00:00 AM,Northgate High School,920,Wilson J,NOR01 AM,8:55:00 AM,8:30:00 AM,,8:30:00 AM,,,
8/25/2025 12:00:00 AM,Northgate High School,921,Miller S,NOR02 AM,8:55:00 AM,8:31:34 AM,,8:31:34 AM,,,
8/25/2025 12:00:00 AM,Northgate High School,922,Wilson J,NOR03 AM,8:55:00 AM,8:47:24 AM,,8:47:24 AM,,,
8/26/2025 12:00:00 AM,Anderson Elementary,800,Davis R,AND01 AM,7:35:00 AM,7:20:15 AM,,7:20:15 AM,,,
8/26/2025 12:00:00 AM,Anderson Elementary,801,Davis R,AND02 AM,7:35:00 AM,7:22:32 AM,,7:22:32 AM,,,
8/26/2025 12:00:00 AM,Anderson Elementary,802,Williams M,AND03 AM,7:35:00 AM,7:13:43 AM,,7:13:43 AM,,,
8/26/2025 12:00:00 AM,Anderson Elementary,803,Taylor B,AND04 AM,7:35:00 AM,7:18:57 AM,,7:18:57 AM,,,
8/26/2025 12:00:00 AM,Anderson Elementary,804,Davis R,AND05 AM,7:35:00 AM,7:10:01 AM,,7:10:01 AM,,,
8/26/2025 12:00:00 AM,Bammel Elementary,810,Davis R,BAM01 AM,7:35:00 AM,7:23:53 AM,,7:23:53 AM,,,
8/26/2025 12:00:00 AM,Bammel Elementary,811,Anderson C,BAM02 AM,7:35:00 AM,7:43:29 AM,,7:43:29 AM,,,
8/26/2025 12:00:00 AM,Bammel Elementary,812,Miller S,BAM03 AM,7:35:00 AM,7:29:09 AM,,7:29:09 AM,,,
8/26/2025 12:00:00 AM,Bammel Elementary,813,Brown K,BAM04 AM,7:35:00 AM,7:27:02 AM,,7:27:02 AM,,,
8/26/2025 12:00:00 AM,Bammel Elementary,814,Wilson J,BAM05 AM,7:35:00 AM,7:38:23 AM,,7:38:23 AM,,,
8/26/2025 12:00:00 AM,Cooper Elementary,820,Wilson J,COO01 AM,7:35:00 AM,7:13:32 AM,,7:13:32 AM,,,
8/26/2025 12:00:00 AM,Cooper Elementary,821,Taylor B,COO02 AM,7:35:00 AM,7:27:46 AM,,7:27:46 AM,,,
8/26/2025 12:00:00 AM,Cooper Elementary,822,Davis R,COO03 AM,7:35:00 AM,7:28:20 AM,,7:28:20 AM,,,
8/26/2025 12:00:00 AM,Cooper Elementary,823,Taylor B,COO04 AM,7:35:00 AM,7:28:32 AM,,7:28:32 AM,,,
8/26/2025 12:00:00 AM,Cooper Elementary,824,Brown K,COO05 AM,7:35:00 AM,7:17:23 AM,,7:17:23 AM,,,
8/26/2025 12:00:00 AM,Heritage Elementary,830,Taylor B,HER01 AM,7:35:00 AM,7:17:51 AM,,7:17:51 AM,,,
8/26/2025 12:00:00 AM,Heritage Elementary,831,Thomas D,HER02 AM,7:35:00 AM,7:26:13 AM,,7:26:13 AM,,,
8/26/2025 12:00:00 AM,Heritage Elementary,832,Miller S,HER03 AM,7:35:00 AM,7:13:29 AM,,7:13:29 AM,,,
8/26/2025 12:00:00 AM,Heritage Elementary,833,Miller S,HER04 AM,7:35:00 AM,7:21:31 AM,,7:21:31 AM,,,
8/26/2025 12:00:00 AM,Heritage Elementary,834,Miller S,HER05 AM,7:35:00 AM,7:15:58 AM,,7:15:58 AM,,,
8/26/2025 12:00:00 AM,Jenkins Elementary,840,Wilson J,JEN01 AM,7:35:00 AM,7:12:27 AM,,7:12:27 AM,,,
8/26/2025 12:00:00 AM,Jenkins Elementary,841,Miller S,JEN02 AM,7:35:00 AM,7:29:09 AM,,7:29:09 AM,,,
8/26/2025 12:00:00 AM,Jenkins Elementary,842,Miller S,JEN03 AM,7:35:00 AM,7:10:59 AM,,7:10:59 AM,,,
8/26/2025 12:00:00 AM,Jenkins Elementary,843,Wilson J,JEN04 AM,7:35:00 AM,7:46:51 AM,,7:46:51 AM,,,
8/26/2025 12:00:00 AM,Jenkins Elementary,844,Miller S,JEN05 AM,7:35:00 AM,7:15:26 AM,,7:15:26 AM,,,
8/26/2025 12:00:00 AM,Lewis Elementary,850,Anderson C,LEW01 AM,7:35:00 AM,7:47:35 AM,,7:47:35 AM,,,
8/26/2025 12:00:00 AM,Lewis Elementary,851,Wilson J,LEW02 AM,7:35:00 AM,7:19:08 AM,,7:19:08 AM,,,
8/26/2025 12:00:00 AM,Lewis Elementary,852,Williams M,LEW03 AM,7:35:00 AM,7:26:44 AM,,7:26:44 AM,,,
8/26/2025 12:00:00 AM,Lewis Elementary,853,Johnson T,LEW04 AM,7:35:00 AM,7:48:27 AM,,7:48:27 AM,,,
8/26/2025 12:00:00 AM,Lewis Elementary,854,Miller S,LEW05 AM,7:35:00 AM,,,7:19:50 AM,,,
8/26/2025 12:00:00 AM,Marshall Elementary,860,Wilson J,MAR01 AM,7:35:00 AM,7:26:54 AM,,7:26:54 AM,,,
8/26/2025 12:00:00 AM,Marshall Elementary,861,Anderson C,MAR02 AM,7:35:00 AM,7:27:52 AM,,7:27:52 AM,,,
8/26/2025 12:00:00 AM,Marshall Elementary,862,Williams M,MAR03 AM,7:35:00 AM,7:50:32 AM,,7:50:32 AM,,,
8/26/2025 12:00:00 AM,Marshall Elementary,863,Wilson J,MAR04 AM,7:35:00 AM,7:42:13 AM,,7:42:13 AM,,,
8/26/2025 12:00:00 AM,Marshall Elementary,864,Taylor B,MAR05 AM,7:35:00 AM,7:47:18 AM,,7:47:18 AM,,,
8/26/2025 12:00:00 AM,Reynolds Elementary,870,Miller S,REY01 AM,7:35:00 AM,7:16:14 AM,,7:16:14 AM,,,
8/26/2025 12:00:00 AM,Reynolds Elementary,871,Wilson J,REY02 AM,7:35:00 AM,7:15:43 AM,,7:15:43 AM,,,
8/26/2025 12:00:00 AM,Reynolds Elementary,872,Thomas D,REY03 AM,7:35:00 AM,7:47:59 AM,,7:47:59 AM,,,
8/26/2025 12:00:00 AM,Reynolds Elementary,873,Davis R,REY04 AM,7:35:00 AM,7:15:17 AM,,7:15:17 AM,,,
8/26/2025 12:00:00 AM,Reynolds Elementary,874,Taylor B,REY05 AM,7:35:00 AM,7:26:49 AM,,7:26:49 AM,,,
8/26/2025 12:00:00 AM,Westfield Middle School,880,Johnson T,WES01 AM,8:05:00 AM,,,8:12:24 AM,,,
8/26/2025 12:00:00 AM,Westfield Middle School,881,Williams M,WES02 AM,8:05:00 AM,7:44:49 AM,,7:44:49 AM,,,
8/26/2025 12:00:00 AM,Westfield Middle School,882,Anderson C,WES03 AM,8:05:00 AM,7:59:27 AM,,7:59:27 AM,,,
8/26/2025 12:00:00 AM,Westfield Middle School,883,Anderson C,WES04 AM,8:05:00 AM,7:51:56 AM,,7:51:56 AM,,,
8/26/2025 12:00:00 AM,Lakewood Middle School,890,Taylor B,LAK01 AM,8:05:00 AM,7:43:36 AM,,7:43:36 AM,,,
8/26/2025 12:00:00 AM,Lakewood Middle School,891,Thomas D,LAK02 AM,8:05:00 AM,7:51:20 AM,,7:51:20 AM,,,
8/26/2025 12:00:00 AM,Lakewood Middle School,892,Wilson J,LAK03 AM,8:05:00 AM,7:47:22 AM,,7:47:22 AM,,,
8/26/2025 12:00:00 AM,Lakewood Middle School,893,Williams M,LAK04 AM,8:05:00 AM,8:07:55 AM,,8:07:55 AM,,,
8/26/2025 12:00:00 AM,Riverside Middle School,900,Anderson C,RIV01 AM,8:05:00 AM,7:52:01 AM,,7:52:01 AM,,,
8/26/2025 12:00:00 AM,Riverside Middle School,901,Taylor B,RIV02 AM,8:05:00 AM,7:54:21 AM,,7:54:21 AM,,,
8/26/2025 12:00:00 AM,Riverside Middle School,902,Anderson C,RIV03 AM,8:05:00 AM,7:52:03 AM,,7:52:03 AM,,,
8/26/2025 12:00:00 AM,Riverside Middle School,903,Thomas D,RIV04 AM,8:05:00 AM,7:58:36 AM,,7:58:36 AM,,,
8/26/2025 12:00:00 AM,Metro High School,910,Miller S,MET01 AM,8:55:00 AM,8:33:20 AM,,8:33:20 AM,,,
8/26/2025 12:00:00 AM,Metro High School,911,Johnson T,MET02 AM,8:55:00 AM,8:34:55 AM,,8:34:55 AM,,,
8/26/2025 12:00:00 AM,Metro High School,912,Thomas D,MET03 AM,8:55:00 AM,9:10:27 AM,,9:10:27 AM,,,
8/26/2025 12:00:00 AM,Northgate High School,920,Moore A,NOR01 AM,8:55:00 AM,8:48:40 AM,,8:48:40 AM,,,
8/26/2025 12:00:00 AM,Northgate High School,921,Moore A,NOR02 AM,8:55:00 AM,,,8:46:29 AM,,,
8/26/2025 12:00:00 AM,Northgate High School,922,Brown K,NOR03 AM,8:55:00 AM,8:50:16 AM,,8:50:16 AM,,,
8/27/2025 12:00:00 AM,Anderson Elementary,800,Johnson T,AND01 AM,7:35:00 AM,7:28:20 AM,,7:28:20 AM,,,
8/27/2025 12:00:00 AM,Anderson Elementary,801,Brown K,AND02 AM,7:35:00 AM,7:12:47 AM,,7:12:47 AM,,,
8/27/2025 12:00:00 AM,Anderson Elementary,802,Williams M,AND03 AM,7:35:00 AM,7:27:49 AM,,7:27:49 AM,,,
8/27/2025 12:00:00 AM,Anderson Elementary,803,Moore A,AND04 AM,7:35:00 AM,7:27:11 AM,,7:27:11 AM,,,
8/27/2025 12:00:00 AM,Anderson Elementary,804,Williams M,AND05 AM,7:35:00 AM,7:17:30 AM,,7:17:30 AM,,,
8/27/2025 12:00:00 AM,Bammel Elementary,810,Miller S,BAM01 AM,7:35:00 AM,7:11:02 AM,,7:11:02 AM,,,
8/27/2025 12:00:00 AM,Bammel Elementary,811,Wilson J,BAM02 AM,7:35:00 AM,7:46:07 AM,,7:46:07 AM,,,
8/27/2025 12:00:00 AM,Bammel Elementary,812,Williams M,BAM03 AM,7:35:00 AM,7:48:15 AM,,7:48:15 AM,,,
8/27/2025 12:00:00 AM,Bammel Elementary,813,Johnson T,BAM04 AM,7:35:00 AM,7:28:52 AM,,7:28:52 AM,,,
8/27/2025 12:00:00 AM,Bammel Elementary,814,Brown K,BAM05 AM,7:35:00 AM,7:14:04 AM,,7:14:04 AM,,,
8/27/2025 12:00:00 AM,Cooper Elementary,820,Johnson T,COO01 AM,7:35:00 AM,7:25:40 AM,,7:25:40 AM,,,
8/27/2025 12:00:00 AM,Cooper Elementary,821,Brown K,COO02 AM,7:35:00 AM,7:10:48 AM,,7:10:48 AM,,,
8/27/2025 12:00:00 AM,Cooper Elementary,822,Brown K,COO03 AM,7:35:00 AM,7:20:51 AM,,7:20:51 AM,,,
8/27/2025 12:00:00 AM,Cooper Elementary,823,Johnson T,COO04 AM,7:35:00 AM,7:50:35 AM,,7:50:35 AM,,,
8/27/2025 12:00:00 AM,Cooper Elementary,824,Moore A,COO05 AM,7:35:00 AM,7:11:16 AM,,7:11:16 AM,,,
8/27/2025 12:00:00 AM,Heritage Elementary,830,Taylor B,HER01 AM,7:35:00 AM,7:15:07 AM,,7:15:07 AM,,,
8/27/2025 12:00:00 AM,Heritage Elementary,831,Brown K,HER02 AM,7:35:00 AM,7:24:38 AM,,7:24:38 AM,,,
8/27/2025 12:00:00 AM,Heritage Elementary,832,Miller S,HER03 AM,7:35:00 AM,7:39:39 AM,,7:39:39 AM,,,
8/27/2025 12:00:00 AM,Heritage Elementary,833,Wilson J,HER04 AM,7:35:00 AM,7:42:43 AM,,7:42:43 AM,,,
8/27/2025 12:00:00 AM,Heritage Elementary,834,Johnson T,HER05 AM,7:35:00 AM,7:23:30 AM,,7:23:30 AM,,,
8/27/2025 12:00:00 AM,Jenkins Elementary,840,Miller S,JEN01 AM,7:35:00 AM,7:18:19 AM,,7:18:19 AM,,,
8/27/2025 12:00:00 AM,Jenkins Elementary,841,Anderson C,JEN02 AM,7:35:00 AM,7:20:56 AM,,7:20:56 AM,,,
8/27/2025 12:00:00 AM,Jenkins Elementary,842,Brown K,JEN03 AM,7:35:00 AM,7:22:47 AM,,7:22:47 AM,,,
8/27/2025 12:00:00 AM,Jenkins Elementary,843,Wilson J,JEN04 AM,7:35:00 AM,7:25:20 AM,,7:25:20 AM,,,
8/27/2025 12:00:00 AM,Jenkins Elementary,844,Davis R,JEN05 AM,7:35:00 AM,,,7:23:10 AM,,,
8/27/2025 12:00:00 AM,Lewis Elementary,850,Taylor B,LEW01 AM,7:35:00 AM,7:13:31 AM,,7:13:31 AM,,,
8/27/2025 12:00:00 AM,Lewis Elementary,851,Miller S,LEW02 AM,7:35:00 AM,7:25:47 AM,,7:25:47 AM,,,
8/27/2025 12:00:00 AM,Lewis Elementary,852,Thomas D,LEW03 AM,7:35:00 AM,7:28:15 AM,,7:28:15 AM,,,
8/27/2025 12:00:00 AM,Lewis Elementary,853,Wilson J,LEW04 AM,7:35:00 AM,7:27:53 AM,,7:27:53 AM,,,
8/27/2025 12:00:00 AM,Lewis Elementary,854,Johnson T,LEW05 AM,7:35:00 AM,7:29:41 AM,,7:29:41 AM,,,
8/27/2025 12:00:00 AM,Marshall Elementary,860,Davis R,MAR01 AM,7:35:00 AM,7:48:41 AM,,7:48:41 AM,,,
8/27/2025 12:00:00 AM,Marshall Elementary,861,Davis R,MAR02 AM,7:35:00 AM,7:49:25 AM,,7:49:25 AM,,,
8/27/2025 12:00:00 AM,Marshall Elementary,862,Miller S,MAR03 AM,7:35:00 AM,7:17:47 AM,,7:17:47 AM,,,
8/27/2025 12:00:00 AM,Marshall Elementary,863,Davis R,MAR04 AM,7:35:00 AM,7:18:30 AM,,7:18:30 AM,,,
8/27/2025 12:00:00 AM,Marshall Elementary,864,Moore A,MAR05 AM,7:35:00 AM,7:14:21 AM,,7:14:21 AM,,,
8/27/2025 12:00:00 AM,Reynolds Elementary,870,Miller S,REY01 AM,7:35:00 AM,7:28:58 AM,,7:28:58 AM,,,
8/27/2025 12:00:00 AM,Reynolds Elementary,871,Moore A,REY02 AM,7:35:00 AM,7:29:35 AM,,7:29:35 AM,,,
8/27/2025 12:00:00 AM,Reynolds Elementary,872,Miller S,REY03 AM,7:35:00 AM,7:12:05 AM,,7:12:05 AM,,,
8/27/2025 12:00:00 AM,Reynolds Elementary,873,Williams M,REY04 AM,7:35:00 AM,7:21:20 AM,,7:21:20 AM,,,
8/27/2025 12:00:00 AM,Reynolds Elementary,874,Brown K,REY05 AM,7:35:00 AM,7:11:16 AM,,7:11:16 AM,,,
8/27/2025 12:00:00 AM,Westfield Middle School,880,Taylor B,WES01 AM,8:05:00 AM,7:48:55 AM,,7:48:55 AM,,,
8/27/2025 12:00:00 AM,Westfield Middle School,881,Moore A,WES02 AM,8:05:00 AM,8:07:08 AM,,8:07:08 AM,,,
8/27/2025 12:00:00 AM,Westfield Middle School,882,Brown K,WES03 AM,8:05:00 AM,7:47:53 AM,,7:47:53 AM,,,
8/27/2025 12:00:00 AM,Westfield Middle School,883,Brown K,WES04 AM,8:05:00 AM,8:17:44 AM,,8:17:44 AM,,,
8/27/2025 12:00:00 AM,Lakewood Middle School,890,Moore A,LAK01 AM,8:05:00 AM,8:00:06 AM,,8:00:06 AM,,,
8/27/2025 12:00:00 AM,Lakewood Middle School,891,Johnson T,LAK02 AM,8:05:00 AM,7:45:32 AM,,7:45:32 AM,,,
8/27/2025 12:00:00 AM,Lakewood Middle School,892,Moore A,LAK03 AM,8:05:00 AM,7:43:04 AM,,7:43:04 AM,,,
8/27/2025 12:00:00 AM,Lakewood Middle School,893,Moore A,LAK04 AM,8:05:00 AM,7:51:46 AM,,7:51:46 AM,,,
8/27/2025 12:00:00 AM,Riverside Middle School,900,Thomas D,RIV01 AM,8:05:00 AM,7:46:08 AM,,7:46:08 AM,,,
8/27/2025 12:00:00 AM,Riverside Middle School,901,Brown K,RIV02 AM,8:05:00 AM,7:51:44 AM,,7:51:44 AM,,,
8/27/2025 12:00:00 AM,Riverside Middle School,902,Miller S,RIV03 AM,8:05:00 AM,7:43:03 AM,,7:43:03 AM,,,
8/27/2025 12:00:00 AM,Riverside Middle School,903,Williams M,RIV04 AM,8:05:00 AM,7:57:39 AM,,7:57:39 AM,,,
8/27/2025 12:00:00 AM,Metro High School,910,Anderson C,MET01 AM,8:55:00 AM,8:46:54 AM,,8:46:54 AM,,,
8/27/2025 12:00:00 AM,Metro High School,911,Taylor B,MET02 AM,8:55:00 AM,9:08:07 AM,,9:08:07 AM,,,
8/27/2025 12:00:00 AM,Metro High School,912,Brown K,MET03 AM,8:55:00 AM,8:44:58 AM,,8:44:58 AM,,,
8/27/2025 12:00:00 AM,Northgate High School,920,Wilson J,NOR01 AM,8:55:00 AM,8:46:07 AM,,8:46:07 AM,,,
8/27/2025 12:00:00 AM,Northgate High School,921,Miller S,NOR02 AM,8:55:00 AM,8:48:17 AM,,8:48:17 AM,,,
8/27/2025 12:00:00 AM,Northgate High School,922,Davis R,NOR03 AM,8:55:00 AM,8:37:26 AM,,8:37:26 AM,,,
8/28/2025 12:00:00 AM,Anderson Elementary,800,Johnson T,AND01 AM,7:35:00 AM,7:14:04 AM,,7:14:04 AM,,,
8/28/2025 12:00:00 AM,Anderson Elementary,801,Brown K,AND02 AM,7:35:00 AM,7:36:40 AM,,7:36:40 AM,,,
8/28/2025 12:00:00 AM,Anderson Elementary,802,Wilson J,AND03 AM,7:35:00 AM,7:36:52 AM,,7:36:52 AM,,,
8/28/2025 12:00:00 AM,Anderson Elementary,803,Anderson C,AND04 AM,7:35:00 AM,7:11:41 AM,,7:11:41 AM,,,
8/28/2025 12:00:00 AM,Anderson Elementary,804,Johnson T,AND05 AM,7:35:00 AM,7:18:46 AM,,7:18:46 AM,,,
8/28/2025 12:00:00 AM,Bammel Elementary,810,Anderson C,BAM01 AM,7:35:00 AM,,,7:12:37 AM,,,
8/28/2025 12:00:00 AM,Bammel Elementary,811,Johnson T,BAM02 AM,7:35:00 AM,7:40:40 AM,,7:40:40 AM,,,
8/28/2025 12:00:00 AM,Bammel Elementary,812,Wilson J,BAM03 AM,7:35:00 AM,7:48:47 AM,,7:48:47 AM,,,
8/28/2025 12:00:00 AM,Bammel Elementary,813,Wilson J,BAM04 AM,7:35:00 AM,7:12:43 AM,,7:12:43 AM,,,
8/28/2025 12:00:00 AM,Bammel Elementary,814,Wilson J,BAM05 AM,7:35:00 AM,7:26:45 AM,,7:26:45 AM,,,
8/28/2025 12:00:00 AM,Cooper Elementary,820,Williams M,COO01 AM,7:35:00 AM,7:14:25 AM,,7:14:25 AM,,,
8/28/2025 12:00:00 AM,Cooper Elementary,821,Taylor B,COO02 AM,7:35:00 AM,7:17:52 AM,,7:17:52 AM,,,
8/28/2025 12:00:00 AM,Cooper Elementary,822,Anderson C,COO03 AM,7:35:00 AM,7:24:29 AM,,7:24:29 AM,,,
8/28/2025 12:00:00 AM,Cooper Elementary,823,Wilson J,COO04 AM,7:35:00 AM,7:29:33 AM,,7:29:33 AM,,,
8/28/2025 12:00:00 AM,Cooper Elementary,824,Thomas D,COO05 AM,7:35:00 AM,7:21:56 AM,,7:21:56 AM,,,
8/28/2025 12:00:00 AM,Heritage Elementary,830,Johnson T,HER01 AM,7:35:00 AM,7:12:19 AM,,7:12:19 AM,,,
8/28/2025 12:00:00 AM,Heritage Elementary,831,Taylor B,HER02 AM,7:35:00 AM,7:16:09 AM,,7:16:09 AM,,,
8/28/2025 12:00:00 AM,Heritage Elementary,832,Moore A,HER03 AM,7:35:00 AM,7:29:42 AM,,7:29:42 AM,,,
8/28/2025 12:00:00 AM,Heritage Elementary,833,Williams M,HER04 AM,7:35:00 AM,7:28:12 AM,,7:28:12 AM,,,
8/28/2025 12:00:00 AM,Heritage Elementary,834,Johnson T,HER05 AM,7:35:00 AM,7:13:11 AM,,7:13:11 AM,,,
8/28/2025 12:00:00 AM,Jenkins Elementary,840,Anderson C,JEN01 AM,7:35:00 AM,7:18:37 AM,,7:18:37 AM,,,
8/28/2025 12:00:00 AM,Jenkins Elementary,841,Miller S,JEN02 AM,7:35:00 AM,7:27:34 AM,,7:27:34 AM,,,
8/28/2025 12:00:00 AM,Jenkins Elementary,842,Brown K,JEN03 AM,7:35:00 AM,,,7:18:19 AM,,,
8/28/2025 12:00:00 AM,Jenkins Elementary,843,Moore A,JEN04 AM,7:35:00 AM,7:50:07 AM,,7:50:07 AM,,,
8/28/2025 12:00:00 AM,Jenkins Elementary,844,Williams M,JEN05 AM,7:35:00 AM,7:20:29 AM,,7:20:29 AM,,,
8/28/2025 12:00:00 AM,Lewis Elementary,850,Anderson C,LEW01 AM,7:35:00 AM,7:46:06 AM,,7:46:06 AM,,,
8/28/2025 12:00:00 AM,Lewis Elementary,851,Anderson C,LEW02 AM,7:35:00 AM,7:26:23 AM,,7:26:23 AM,,,
8/28/2025 12:00:00 AM,Lewis Elementary,852,Taylor B,LEW03 AM,7:35:00 AM,7:45:18 AM,,7:45:18 AM,,,
8/28/2025 12:00:00 AM,Lewis Elementary,853,Davis R,LEW04 AM,7:35:00 AM,7:14:18 AM,,7:14:18 AM,,,
8/28/2025 12:00:00 AM,Lewis Elementary,854,Anderson C,LEW05 AM,7:35:00 AM,7:50:27 AM,,7:50:27 AM,,,
8/28/2025 12:00:00 AM,Marshall Elementary,860,Davis R,MAR01 AM,7:35:00 AM,7:20:21 AM,,7:20:21 AM,,,
8/28/2025 12:00:00 AM,Marshall Elementary,861,Taylor B,MAR02 AM,7:35:00 AM,7:30:43 AM,,7:30:43 AM,,,
8/28/2025 12:00:00 AM,Marshall Elementary,862,Williams M,MAR03 AM,7:35:00 AM,7:16:43 AM,,7:16:43 AM,,,
8/28/2025 12:00:00 AM,Marshall Elementary,863,Taylor B,MAR04 AM,7:35:00 AM,,,7:22:48 AM,,,
8/28/2025 12:00:00 AM,Marshall Elementary,864,Miller S,MAR05 AM,7:35:00 AM,7:39:14 AM,,7:39:14 AM,,,
8/28/2025 12:00:00 AM,Reynolds Elementary,870,Moore A,REY01 AM,7:35:00 AM,7:22:36 AM,,7:22:36 AM,,,
8/28/2025 12:00:00 AM,Reynolds Elementary,871,Brown K,REY02 AM,7:35:00 AM,7:26:47 AM,,7:26:47 AM,,,
8/28/2025 12:00:00 AM,Reynolds Elementary,872,Johnson T,REY03 AM,7:35:00 AM,7:47:43 AM,,7:47:43 AM,,,
8/28/2025 12:00:00 AM,Reynolds Elementary,873,Wilson J,REY04 AM,7:35:00 AM,7:17:17 AM,,7:17:17 AM,,,
8/28/2025 12:00:00 AM,Reynolds Elementary,874,Miller S,REY05 AM,7:35:00 AM,7:44:28 AM,,7:44:28 AM,,,
8/28/2025 12:00:00 AM,Westfield Middle School,880,Moore A,WES01 AM,8:05:00 AM,8:20:15 AM,,8:20:15 AM,,,
8/28/2025 12:00:00 AM,Westfield Middle School,881,Johnson T,WES02 AM,8:05:00 AM,7:40:59 AM,,7:40:59 AM,,,
8/28/2025 12:00:00 AM,Westfield Middle School,882,Davis R,WES03 AM,8:05:00 AM,8:18:38 AM,,8:18:38 AM,,,
8/28/2025 12:00:00 AM,Westfield Middle School,883,Wilson J,WES04 AM,8:05:00 AM,8:17:04 AM,,8:17:04 AM,,,
8/28/2025 12:00:00 AM,Lakewood Middle School,890,Williams M,LAK01 AM,8:05:00 AM,7:43:03 AM,,7:43:03 AM,,,
8/28/2025 12:00:00 AM,Lakewood Middle School,891,Taylor B,LAK02 AM,8:05:00 AM,7:47:56 AM,,7:47:56 AM,,,
8/28/2025 12:00:00 AM,Lakewood Middle School,892,Thomas D,LAK03 AM,8:05:00 AM,7:57:00 AM,,7:57:00 AM,,,
8/28/2025 12:00:00 AM,Lakewood Middle School,893,Wilson J,LAK04 AM,8:05:00 AM,7:41:28 AM,,7:41:28 AM,,,
8/28/2025 12:00:00 AM,Riverside Middle School,900,Wilson J,RIV01 AM,8:05:00 AM,7:43:49 AM,,7:43:49 AM,,,
8/28/2025 12:00:00 AM,Riverside Middle School,901,Brown K,RIV02 AM,8:05:00 AM,7:44:52 AM,,7:44:52 AM,,,
8/28/2025 12:00:00 AM,Riverside Middle School,902,Davis R,RIV03 AM,8:05:00 AM,7:46:38 AM,,7:46:38 AM,,,
8/28/2025 12:00:00 AM,Riverside Middle School,903,Taylor B,RIV04 AM,8:05:00 AM,7:59:31 AM,,7:59:31 AM,,,
8/28/2025 12:00:00 AM,Metro High School,910,Wilson J,MET01 AM,8:55:00 AM,9:02:13 AM,,9:02:13 AM,,,
8/28/2025 12:00:00 AM,Metro High School,911,Taylor B,MET02 AM,8:55:00 AM,8:32:58 AM,,8:32:58 AM,,,
8/28/2025 12:00:00 AM,Metro High School,912,Brown K,MET03 AM,8:55:00 AM,8:33:15 AM,,8:33:15 AM,,,
8/28/2025 12:00:00 AM,Northgate High School,920,Williams M,NOR01 AM,8:55:00 AM,8:44:19 AM,,8:44:19 AM,,,
8/28/2025 12:00:00 AM,Northgate High School,921,Moore A,NOR02 AM,8:55:00 AM,8:48:07 AM,,8:48:07 AM,,,
8/28/2025 12:00:00 AM,Northgate High School,922,Moore A,NOR03 AM,8:55:00 AM,8:59:58 AM,,8:59:58 AM,,,
8/29/2025 12:00:00 AM,Anderson Elementary,800,Johnson T,AND01 AM,7:35:00 AM,7:22:55 AM,,7:22:55 AM,,,
8/29/2025 12:00:00 AM,Anderson Elementary,801,Thomas D,AND02 AM,7:35:00 AM,7:14:24 AM,,7:14:24 AM,,,
8/29/2025 12:00:00 AM,Anderson Elementary,802,Taylor B,AND03 AM,7:35:00 AM,7:15:30 AM,,7:15:30 AM,,,
8/29/2025 12:00:00 AM,Anderson Elementary,803,Davis R,AND04 AM,7:35:00 AM,7:23:25 AM,,7:23:25 AM,,,
8/29/2025 12:00:00 AM,Anderson Elementary,804,Williams M,AND05 AM,7:35:00 AM,7:28:18 AM,,7:28:18 AM,,,
8/29/2025 12:00:00 AM,Bammel Elementary,810,Taylor B,BAM01 AM,7:35:00 AM,7:19:51 AM,,7:19:51 AM,,,
8/29/2025 12:00:00 AM,Bammel Elementary,811,Williams M,BAM02 AM,7:35:00 AM,7:14:32 AM,,7:14:32 AM,,,
8/29/2025 12:00:00 AM,Bammel Elementary,812,Anderson C,BAM03 AM,7:35:00 AM,7:24:43 AM,,7:24:43 AM,,,
8/29/2025 12:00:00 AM,Bammel Elementary,813,Anderson C,BAM04 AM,7:35:00 AM,7:36:49 AM,,7:36:49 AM,,,
8/29/2025 12:00:00 AM,Bammel Elementary,814,Anderson C,BAM05 AM,7:35:00 AM,7:38:55 AM,,7:38:55 AM,,,
8/29/2025 12:00:00 AM,Cooper Elementary,820,Taylor B,COO01 AM,7:35:00 AM,7:16:21 AM,,7:16:21 AM,,,
8/29/2025 12:00:00 AM,Cooper Elementary,821,Anderson C,COO02 AM,7:35:00 AM,7:26:36 AM,,7:26:36 AM,,,
8/29/2025 12:00:00 AM,Cooper Elementary,822,Moore A,COO03 AM,7:35:00 AM,7:18:48 AM,,7:18:48 AM,,,
8/29/2025 12:00:00 AM,Cooper Elementary,823,Wilson J,COO04 AM,7:35:00 AM,7:11:58 AM,,7:11:58 AM,,,
8/29/2025 12:00:00 AM,Cooper Elementary,824,Williams M,COO05 AM,7:35:00 AM,7:16:40 AM,,7:16:40 AM,,,
8/29/2025 12:00:00 AM,Heritage Elementary,830,Johnson T,HER01 AM,7:35:00 AM,7:28:58 AM,,7:28:58 AM,,,
8/29/2025 12:00:00 AM,Heritage Elementary,831,Anderson C,HER02 AM,7:35:00 AM,7:20:55 AM,,7:20:55 AM,,,
8/29/2025 12:00:00 AM,Heritage Elementary,832,Davis R,HER03 AM,7:35:00 AM,7:24:19 AM,,7:24:19 AM,,,
8/29/2025 12:00:00 AM,Heritage Elementary,833,Davis R,HER04 AM,7:35:00 AM,7:26:28 AM,,7:26:28 AM,,,
8/29/2025 12:00:00 AM,Heritage Elementary,834,Taylor B,HER05 AM,7:35:00 AM,7:28:18 AM,,7:28:18 AM,,,
8/29/2025 12:00:00 AM,Jenkins Elementary,840,Brown K,JEN01 AM,7:35:00 AM,7:25:57 AM,,7:25:57 AM,,,
8/29/2025 12:00:00 AM,Jenkins Elementary,841,Johnson T,JEN02 AM,7:35:00 AM,7:25:17 AM,,7:25:17 AM,,,
8/29/2025 12:00:00 AM,Jenkins Elementary,842,Taylor B,JEN03 AM,7:35:00 AM,7:13:07 AM,,7:13:07 AM,,,
8/29/2025 12:00:00 AM,Jenkins Elementary,843,Anderson C,JEN04 AM,7:35:00 AM,7:30:04 AM,,7:30:04 AM,,,
8/29/2025 12:00:00 AM,Jenkins Elementary,844,Miller S,JEN05 AM,7:35:00 AM,7:26:20 AM,,7:26:20 AM,,,
8/29/2025 12:00:00 AM,Lewis Elementary,850,Taylor B,LEW01 AM,7:35:00 AM,7:49:10 AM,,7:49:10 AM,,,
8/29/2025 12:00:00 AM,Lewis Elementary,851,Williams M,LEW02 AM,7:35:00 AM,7:30:43 AM,,7:30:43 AM,,,
8/29/2025 12:00:00 AM,Lewis Elementary,852,Taylor B,LEW03 AM,7:35:00 AM,7:10:51 AM,,7:10:51 AM,,,
8/29/2025 12:00:00 AM,Lewis Elementary,853,Moore A,LEW04 AM,7:35:00 AM,7:23:23 AM,,7:23:23 AM,,,
8/29/2025 12:00:00 AM,Lewis Elementary,854,Williams M,LEW05 AM,7:35:00 AM,7:27:51 AM,,7:27:51 AM,,,
8/29/2025 12:00:00 AM,Marshall Elementary,860,Anderson C,MAR01 AM,7:35:00 AM,7:11:13 AM,,7:11:13 AM,,,
8/29/2025 12:00:00 AM,Marshall Elementary,861,Moore A,MAR02 AM,7:35:00 AM,7:30:24 AM,,7:30:24 AM,,,
8/29/2025 12:00:00 AM,Marshall Elementary,862,Davis R,MAR03 AM,7:35:00 AM,7:11:31 AM,,7:11:31 AM,,,
8/29/2025 12:00:00 AM,Marshall Elementary,863,Wilson J,MAR04 AM,7:35:00 AM,7:47:24 AM,,7:47:24 AM,,,
8/29/2025 12:00:00 AM,Marshall Elementary,864,Wilson J,MAR05 AM,7:35:00 AM,7:12:28 AM,,7:12:28 AM,,,
8/29/2025 12:00:00 AM,Reynolds Elementary,870,Davis R,REY01 AM,7:35:00 AM,7:23:39 AM,,7:23:39 AM,,,
8/29/2025 12:00:00 AM,Reynolds Elementary,871,Thomas D,REY02 AM,7:35:00 AM,7:43:47 AM,,7:43:47 AM,,,
8/29/2025 12:00:00 AM,Reynolds Elementary,872,Miller S,REY03 AM,7:35:00 AM,7:23:54 AM,,7:23:54 AM,,,
8/29/2025 12:00:00 AM,Reynolds Elementary,873,Davis R,REY04 AM,7:35:00 AM,7:18:33 AM,,7:18:33 AM,,,
8/29/2025 12:00:00 AM,Reynolds Elementary,874,Brown K,REY05 AM,7:35:00 AM,7:38:05 AM,,7:38:05 AM,,,
8/29/2025 12:00:00 AM,Westfield Middle School,880,Taylor B,WES01 AM,8:05:00 AM,7:54:15 AM,,7:54:15 AM,,,
8/29/2025 12:00:00 AM,Westfield Middle School,881,Taylor B,WES02 AM,8:05:00 AM,7:49:25 AM,,7:49:25 AM,,,
8/29/2025 12:00:00 AM,Westfield Middle School,882,Taylor B,WES03 AM,8:05:00 AM,7:48:27 AM,,7:48:27 AM,,,
8/29/2025 12:00:00 AM,Westfield Middle School,883,Miller S,WES04 AM,8:05:00 AM,7:48:35 AM,,7:48:35 AM,,,
8/29/2025 12:00:00 AM,Lakewood Middle School,890,Johnson T,LAK01 AM,8:05:00 AM,7:49:31 AM,,7:49:31 AM,,,
8/29/2025 12:00:00 AM,Lakewood Middle School,891,Moore A,LAK02 AM,8:05:00 AM,7:57:24 AM,,7:57:24 AM,,,
8/29/2025 12:00:00 AM,Lakewood Middle School,892,Taylor B,LAK03 AM,8:05:00 AM,7:49:44 AM,,7:49:44 AM,,,
8/29/2025 12:00:00 AM,Lakewood Middle School,893,Johnson T,LAK04 AM,8:05:00 AM,7:40:09 AM,,7:40:09 AM,,,
8/29/2025 12:00:00 AM,Riverside Middle School,900,Williams M,RIV01 AM,8:05:00 AM,7:40:45 AM,,7:40:45 AM,,,
8/29/2025 12:00:00 AM,Riverside Middle School,901,Moore A,RIV02 AM,8:05:00 AM,7:51:32 AM,,7:51:32 AM,,,
8/29/2025 12:00:00 AM,Riverside Middle School,902,Thomas D,RIV03 AM,8:05:00 AM,7:49:52 AM,,7:49:52 AM,,,
8/29/2025 12:00:00 AM,Riverside Middle School,903,Taylor B,RIV04 AM,8:05:00 AM,7:58:49 AM,,7:58:49 AM,,,
8/29/2025 12:00:00 AM,Metro High School,910,Brown K,MET01 AM,8:55:00 AM,8:45:32 AM,,8:45:32 AM,,,
8/29/2025 12:00:00 AM,Metro High School,911,Davis R,MET02 AM,8:55:00 AM,8:37:28 AM,,8:37:28 AM,,,
8/29/2025 12:00:00 AM,Metro High School,912,Miller S,MET03 AM,8:55:00 AM,8:50:37 AM,,8:50:37 AM,,,
8/29/2025 12:00:00 AM,Northgate High School,920,Thomas D,NOR01 AM,8:55:00 AM,8:49:06 AM,,8:49:06 AM,,,
8/29/2025 12:00:00 AM,Northgate High School,921,Moore A,NOR02 AM,8:55:00 AM,8:40:20 AM,,8:40:20 AM,,,
8/29/2025 12:00:00 AM,Northgate High School,922,Williams M,NOR03 AM,8:55:00 AM,8:38:46 AM,,8:38:46 AM,,,
9/1/2025 12:00:00 AM,Anderson Elementary,800,Taylor B,AND01 AM,7:35:00 AM,7:15:32 AM,,7:15:32 AM,,,
9/1/2025 12:00:00 AM,Anderson Elementary,801,Johnson T,AND02 AM,7:35:00 AM,7:47:20 AM,,7:47:20 AM,,,
9/1/2025 12:00:00 AM,Anderson Elementary,802,Taylor B,AND03 AM,7:35:00 AM,7:49:44 AM,,7:49:44 AM,,,
9/1/2025 12:00:00 AM,Anderson Elementary,803,Anderson C,AND04 AM,7:35:00 AM,7:15:50 AM,,7:15:50 AM,,,
9/1/2025 12:00:00 AM,Anderson Elementary,804,Davis R,AND05 AM,7:35:00 AM,7:28:06 AM,,7:28:06 AM,,,
9/1/2025 12:00:00 AM,Bammel Elementary,810,Miller S,BAM01 AM,7:35:00 AM,7:27:42 AM,,7:27:42 AM,,,
9/1/2025 12:00:00 AM,Bammel Elementary,811,Thomas D,BAM02 AM,7:35:00 AM,7:11:04 AM,,7:11:04 AM,,,
9/1/2025 12:00:00 AM,Bammel Elementary,812,Moore A,BAM03 AM,7:35:00 AM,7:39:16 AM,,7:39:16 AM,,,
9/1/2025 12:00:00 AM,Bammel Elementary,813,Wilson J,BAM04 AM,7:35:00 AM,7:20:24 AM,,7:20:24 AM,,,
9/1/2025 12:00:00 AM,Bammel Elementary,814,Wilson J,BAM05 AM,7:35:00 AM,7:50:50 AM,,7:50:50 AM,,,
9/1/2025 12:00:00 AM,Cooper Elementary,820,Brown K,COO01 AM,7:35:00 AM,7:21:53 AM,,7:21:53 AM,,,
9/1/2025 12:00:00 AM,Cooper Elementary,821,Wilson J,COO02 AM,7:35:00 AM,7:27:17 AM,,7:27:17 AM,,,
9/1/2025 12:00:00 AM,Cooper Elementary,822,Wilson J,COO03 AM,7:35:00 AM,7:24:54 AM,,7:24:54 AM,,,
9/1/2025 12:00:00 AM,Cooper Elementary,823,Brown K,COO04 AM,7:35:00 AM,7:44:25 AM,,7:44:25 AM,,,
9/1/2025 12:00:00 AM,Cooper Elementary,824,Davis R,COO05 AM,7:35:00 AM,7:13:25 AM,,7:13:25 AM,,,
9/1/2025 12:00:00 AM,Heritage Elementary,830,Brown K,HER01 AM,7:35:00 AM,7:16:44 AM,,7:16:44 AM,,,
9/1/2025 12:00:00 AM,Heritage Elementary,831,Thomas D,HER02 AM,7:35:00 AM,7:26:24 AM,,7:26:24 AM,,,
9/1/2025 12:00:00 AM,Heritage Elementary,832,Johnson T,HER03 AM,7:35:00 AM,7:14:41 AM,,7:14:41 AM,,,
9/1/2025 12:00:00 AM,Heritage Elementary,833,Taylor B,HER04 AM,7:35:00 AM,7:11:11 AM,,7:11:11 AM,,,
9/1/2025 12:00:00 AM,Heritage Elementary,834,Moore A,HER05 AM,7:35:00 AM,7:10:28 AM,,7:10:28 AM,,,
9/1/2025 12:00:00 AM,Jenkins Elementary,840,Johnson T,JEN01 AM,7:35:00 AM,7:12:30 AM,,7:12:30 AM,,,
9/1/2025 12:00:00 AM,Jenkins Elementary,841,Thomas D,JEN02 AM,7:35:00 AM,7:20:04 AM,,7:20:04 AM,,,
9/1/2025 12:00:00 AM,Jenkins Elementary,842,Anderson C,JEN03 AM,7:35:00 AM,7:14:53 AM,,7:14:53 AM,,,
9/1/2025 12:00:00 AM,Jenkins Elementary,843,Brown K,JEN04 AM,7:35:00 AM,7:16:51 AM,,7:16:51 AM,,,
9/1/2025 12:00:00 AM,Jenkins Elementary,844,Johnson T,JEN05 AM,7:35:00 AM,7:27:32 AM,,7:27:32 AM,,,
9/1/2025 12:00:00 AM,Lewis Elementary,850,Miller S,LEW01 AM,7:35:00 AM,7:16:08 AM,,7:16:08 AM,,,
9/1/2025 12:00:00 AM,Lewis Elementary,851,Williams M,LEW02 AM,7:35:00 AM,,,7:28:19 AM,,,
9/1/2025 12:00:00 AM,Lewis Elementary,852,Wilson J,LEW03 AM,7:35:00 AM,7:11:27 AM,,7:11:27 AM,,,
9/1/2025 12:00:00 AM,Lewis Elementary,853,Moore A,LEW04 AM,7:35:00 AM,7:38:34 AM,,7:38:34 AM,,,
9/1/2025 12:00:00 AM,Lewis Elementary,854,Brown K,LEW05 AM,7:35:00 AM,7:26:20 AM,,7:26:20 AM,,,
9/1/2025 12:00:00 AM,Marshall Elementary,860,Williams M,MAR01 AM,7:35:00 AM,7:17:04 AM,,7:17:04 AM,,,
9/1/2025 12:00:00 AM,Marshall Elementary,861,Johnson T,MAR02 AM,7:35:00 AM,7:23:24 AM,,7:23:24 AM,,,
9/1/2025 12:00:00 AM,Marshall Elementary,862,Anderson C,MAR03 AM,7:35:00 AM,7:12:55 AM,,7:12:55 AM,,,
9/1/2025 12:00:00 AM,Marshall Elementary,863,Wilson J,MAR04 AM,7:35:00 AM,7:46:50 AM,,7:46:50 AM,,,
9/1/2025 12:00:00 AM,Marshall Elementary,864,Anderson C,MAR05 AM,7:35:00 AM,7:26:09 AM,,7:26:09 AM,,,
9/1/2025 12:00:00 AM,Reynolds Elementary,870,Thomas D,REY01 AM,7:35:00 AM,7:16:11 AM,,7:16:11 AM,,,
9/1/2025 12:00:00 AM,Reynolds Elementary,871,Davis R,REY02 AM,7:35:00 AM,7:28:19 AM,,7:28:19 AM,,,
9/1/2025 12:00:00 AM,Reynolds Elementary,872,Thomas D,REY03 AM,7:35:00 AM,7:21:35 AM,,7:21:35 AM,,,
9/1/2025 12:00:00 AM,Reynolds Elementary,873,Anderson C,REY04 AM,7:35:00 AM,7:18:00 AM,,7:18:00 AM,,,
9/1/2025 12:00:00 AM,Reynolds Elementary,874,Thomas D,REY05 AM,7:35:00 AM,7:16:10 AM,,7:16:10 AM,,,
9/1/2025 12:00:00 AM,Westfield Middle School,880,Johnson T,WES01 AM,8:05:00 AM,7:48:10 AM,,7:48:10 AM,,,
9/1/2025 12:00:00 AM,Westfield Middle School,881,Miller S,WES02 AM,8:05:00 AM,,,7:54:25 AM,,,
9/1/2025 12:00:00 AM,Westfield Middle School,882,Johnson T,WES03 AM,8:05:00 AM,8:20:39 AM,,8:20:39 AM,,,
9/1/2025 12:00:00 AM,Westfield Middle School,883,Wilson J,WES04 AM,8:05:00 AM,8:08:25 AM,,8:08:25 AM,,,
9/1/2025 12:00:00 AM,Lakewood Middle School,890,Williams M,LAK01 AM,8:05:00 AM,8:06:09 AM,,8:06:09 AM,,,
9/1/2025 12:00:00 AM,Lakewood Middle School,891,Miller S,LAK02 AM,8:05:00 AM,7:46:42 AM,,7:46:42 AM,,,
9/1/2025 12:00:00 AM,Lakewood Middle School,892,Davis R,LAK03 AM,8:05:00 AM,7:56:25 AM,,7:56:25 AM,,,
9/1/2025 12:00:00 AM,Lakewood Middle School,893,Moore A,LAK04 AM,8:05:00 AM,7:45:51 AM,,7:45:51 AM,,,
9/1/2025 12:00:00 AM,Riverside Middle School,900,Williams M,RIV01 AM,8:05:00 AM,8:18:01 AM,,8:18:01 AM,,,
9/1/2025 12:00:00 AM,Riverside Middle School,901,Thomas D,RIV02 AM,8:05:00 AM,7:47:30 AM,,7:47:30 AM,,,
9/1/2025 12:00:00 AM,Riverside Middle School,902,Davis R,RIV03 AM,8:05:00 AM,7:57:55 AM,,7:57:55 AM,,,
9/1/2025 12:00:00 AM,Riverside Middle School,903,Anderson C,RIV04 AM,8:05:00 AM,7:54:54 AM,,7:54:54 AM,,,
9/1/2025 12:00:00 AM,Metro High School,910,Brown K,MET01 AM,8:55:00 AM,8:31:12 AM,,8:31:12 AM,,,
9/1/2025 12:00:00 AM,Metro High School,911,Wilson J,MET02 AM,8:55:00 AM,8:49:32 AM,,8:49:32 AM,,,
9/1/2025 12:00:00 AM,Metro High School,912,Wilson J,MET03 AM,8:55:00 AM,,,8:58:13 AM,,,
9/1/2025 12:00:00 AM,Northgate High School,920,Miller S,NOR01 AM,8:55:00 AM,9:01:21 AM,,9:01:21 AM,,,
9/1/2025 12:00:00 AM,Northgate High School,921,Wilson J,NOR02 AM,8:55:00 AM,8:32:33 AM,,8:32:33 AM,,,
9/1/2025 12:00:00 AM,Northgate High School,922,Thomas D,NOR03 AM,8:55:00 AM,8:32:58 AM,,8:32:58 AM,,,
9/2/2025 12:00:00 AM,Anderson Elementary,800,Miller S,AND01 AM,7:35:00 AM,7:24:34 AM,,7:24:34 AM,,,
9/2/2025 12:00:00 AM,Anderson Elementary,801,Wilson J,AND02 AM,7:35:00 AM,7:27:58 AM,,7:27:58 AM,,,
9/2/2025 12:00:00 AM,Anderson Elementary,802,Brown K,AND03 AM,7:35:00 AM,7:12:03 AM,,7:12:03 AM,,,
9/2/2025 12:00:00 AM,Anderson Elementary,803,Brown K,AND04 AM,7:35:00 AM,7:14:24 AM,,7:14:24 AM,,,
9/2/2025 12:00:00 AM,Anderson Elementary,804,Thomas D,AND05 AM,7:35:00 AM,7:14:29 AM,,7:14:29 AM,,,
9/2/2025 12:00:00 AM,Bammel Elementary,810,Brown K,BAM01 AM,7:35:00 AM,7:13:15 AM,,7:13:15 AM,,,
9/2/2025 12:00:00 AM,Bammel Elementary,811,Davis R,BAM02 AM,7:35:00 AM,7:39:34 AM,,7:39:34 AM,,,
9/2/2025 12:00:00 AM,Bammel Elementary,812,Brown K,BAM03 AM,7:35:00 AM,7:11:18 AM,,7:11:18 AM,,,
9/2/2025 12:00:00 AM,Bammel Elementary,813,Miller S,BAM04 AM,7:35:00 AM,7:44:42 AM,,7:44:42 AM,,,
9/2/2025 12:00:00 AM,Bammel Elementary,814,Thomas D,BAM05 AM,7:35:00 AM,7:16:14 AM,,7:16:14 AM,,,
9/2/2025 12:00:00 AM,Cooper Elementary,820,Brown K,COO01 AM,7:35:00 AM,7:37:31 AM,,7:37:31 AM,,,
9/2/2025 12:00:00 AM,Cooper Elementary,821,Miller S,COO02 AM,7:35:00 AM,7:25:56 AM,,7:25:56 AM,,,
9/2/2025 12:00:00 AM,Cooper Elementary,822,Moore A,COO03 AM,7:35:00 AM,7:14:08 AM,,7:14:08 AM,,,
9/2/2025 12:00:00 AM,Cooper Elementary,823,Johnson T,COO04 AM,7:35:00 AM,7:28:17 AM,,7:28:17 AM,,,
9/2/2025 12:00:00 AM,Cooper Elementary,824,Williams M,COO05 AM,7:35:00 AM,7:15:48 AM,,7:15:48 AM,,,
9/2/2025 12:00:00 AM,Heritage Elementary,830,Miller S,HER01 AM,7:35:00 AM,7:27:01 AM,,7:27:01 AM,,,
9/2/2025 12:00:00 AM,Heritage Elementary,831,Davis R,HER02 AM,7:35:00 AM,7:17:24 AM,,7:17:24 AM,,,
9/2/2025 12:00:00 AM,Heritage Elementary,832,Brown K,HER03 AM,7:35:00 AM,7:39:06 AM,,7:39:06 AM,,,
9/2/2025 12:00:00 AM,Heritage Elementary,833,Johnson T,HER04 AM,7:35:00 AM,7:25:27 AM,,7:25:27 AM,,,
9/2/2025 12:00:00 AM,Heritage Elementary,834,Miller S,HER05 AM,7:35:00 AM,7:27:17 AM,,7:27:17 AM,,,
9/2/2025 12:00:00 AM,Jenkins Elementary,840,Brown K,JEN01 AM,7:35:00 AM,7:26:20 AM,,7:26:20 AM,,,
9/2/2025 12:00:00 AM,Jenkins Elementary,841,Miller S,JEN02 AM,7:35:00 AM,7:20:08 AM,,7:20:08 AM,,,
9/2/2025 12:00:00 AM,Jenkins Elementary,842,Wilson J,JEN03 AM,7:35:00 AM,7:10:58 AM,,7:10:58 AM,,,
9/2/2025 12:00:00 AM,Jenkins Elementary,843,Williams M,JEN04 AM,7:35:00 AM,7:17:33 AM,,7:17:33 AM,,,
9/2/2025 12:00:00 AM,Jenkins Elementary,844,Anderson C,JEN05 AM,7:35:00 AM,7:26:58 AM,,7:26:58 AM,,,
9/2/2025 12:00:00 AM,Lewis Elementary,850,Brown K,LEW01 AM,7:35:00 AM,7:44:59 AM,,7:44:59 AM,,,
9/2/2025 12:00:00 AM,Lewis Elementary,851,Johnson T,LEW02 AM,7:35:00 AM,7:17:23 AM,,7:17:23 AM,,,
9/2/2025 12:00:00 AM,Lewis Elementary,852,Brown K,LEW03 AM,7:35:00 AM,7:28:15 AM,,7:28:15 AM,,,
9/2/2025 12:00:00 AM,Lewis Elementary,853,Anderson C,LEW04 AM,7:35:00 AM,7:21:30 AM,,7:21:30 AM,,,
9/2/2025 12:00:00 AM,Lewis Elementary,854,Johnson T,LEW05 AM,7:35:00 AM,7:25:32 AM,,7:25:32 AM,,,
9/2/2025 12:00:00 AM,Marshall Elementary,860,Thomas D,MAR01 AM,7:35:00 AM,7:23:27 AM,,7:23:27 AM,,,
9/2/2025 12:00:00 AM,Marshall Elementary,861,Davis R,MAR02 AM,7:35:00 AM,7:13:38 AM,,7:13:38 AM,,,
9/2/2025 12:00:00 AM,Marshall Elementary,862,Wilson J,MAR03 AM,7:35:00 AM,7:24:17 AM,,7:24:17 AM,,,
9/2/2025 12:00:00 AM,Marshall Elementary,863,Williams M,MAR04 AM,7:35:00 AM,7:11:00 AM,,7:11:00 AM,,,
9/2/2025 12:00:00 AM,Marshall Elementary,864,Thomas D,MAR05 AM,7:35:00 AM,7:12:50 AM,,7:12:50 AM,,,
9/2/2025 12:00:00 AM,Reynolds Elementary,870,Anderson C,REY01 AM,7:35:00 AM,7:18:46 AM,,7:18:46 AM,,,
9/2/2025 12:00:00 AM,Reynolds Elementary,871,Anderson C,REY02 AM,7:35:00 AM,7:26:01 AM,,7:26:01 AM,,,
9/2/2025 12:00:00 AM,Reynolds Elementary,872,Williams M,REY03 AM,7:35:00 AM,7:39:56 AM,,7:39:56 AM,,,
9/2/2025 12:00:00 AM,Reynolds Elementary,873,Anderson C,REY04 AM,7:35:00 AM,7:41:28 AM,,7:41:28 AM,,,
9/2/2025 12:00:00 AM,Reynolds Elementary,874,Davis R,REY05 AM,7:35:00 AM,7:45:04 AM,,7:45:04 AM,,,
9/2/2025 12:00:00 AM,Westfield Middle School,880,Williams M,WES01 AM,8:05:00 AM,7:46:20 AM,,7:46:20 AM,,,
9/2/2025 12:00:00 AM,Westfield Middle School,881,Taylor B,WES02 AM,8:05:00 AM,7:45:16 AM,,7:45:16 AM,,,
9/2/2025 12:00:00 AM,Westfield Middle School,882,Miller S,WES03 AM,8:05:00 AM,7:41:58 AM,,7:41:58 AM,,,
9/2/2025 12:00:00 AM,Westfield Middle School,883,Taylor B,WES04 AM,8:05:00 AM,7:59:39 AM,,7:59:39 AM,,,
9/2/2025 12:00:00 AM,Lakewood Middle School,890,Williams M,LAK01 AM,8:05:00 AM,7:55:36 AM,,7:55:36 AM,,,
9/2/2025 12:00:00 AM,Lakewood Middle School,891,Anderson C,LAK02 AM,8:05:00 AM,7:46:06 AM,,7:46:06 AM,,,
9/2/2025 12:00:00 AM,Lakewood Middle School,892,Williams M,LAK03 AM,8:05:00 AM,7:41:31 AM,,7:41:31 AM,,,
9/2/2025 12:00:00 AM,Lakewood Middle School,893,Davis R,LAK04 AM,8:05:00 AM,7:59:38 AM,,7:59:38 AM,,,
9/2/2025 12:00:00 AM,Riverside Middle School,900,Davis R,RIV01 AM,8:05:00 AM,7:47:17 AM,,7:47:17 AM,,,
9/2/2025 12:00:00 AM,Riverside Middle School,901,Moore A,RIV02 AM,8:05:00 AM,7:52:11 AM,,7:52:11 AM,,,
9/2/2025 12:00:00 AM,Riverside Middle School,902,Moore A,RIV03 AM,8:05:00 AM,7:43:44 AM,,7:43:44 AM,,,
9/2/2025 12:00:00 AM,Riverside Middle School,903,Thomas D,RIV04 AM,8:05:00 AM,7:42:39 AM,,7:42:39 AM,,,
9/2/2025 12:00:00 AM,Metro High School,910,Moore A,MET01 AM,8:55:00 AM,8:50:28 AM,,8:50:28 AM,,,
9/2/2025 12:00:00 AM,Metro High School,911,Anderson C,MET02 AM,8:55:00 AM,8:31:24 AM,,8:31:24 AM,,,
9/2/2025 12:00:00 AM,Metro High School,912,Miller S,MET03 AM,8:55:00 AM,9:04:52 AM,,9:04:52 AM,,,
9/2/2025 12:00:00 AM,Northgate High School,920,Anderson C,NOR01 AM,8:55:00 AM,9:01:07 AM,,9:01:07 AM,,,
9/2/2025 12:00:00 AM,Northgate High School,921,Miller S,NOR02 AM,8:55:00 AM,8:37:40 AM,,8:37:40 AM,,,
9/2/2025 12:00:00 AM,Northgate High School,922,Johnson T,NOR03 AM,8:55:00 AM,8:37:06 AM,,8:37:06 AM,,,
9/3/2025 12:00:00 AM,Anderson Elementary,800,Miller S,AND01 AM,7:35:00 AM,7:24:14 AM,,7:24:14 AM,,,
9/3/2025 12:00:00 AM,Anderson Elementary,801,Moore A,AND02 AM,7:35:00 AM,7:19:50 AM,,7:19:50 AM,,,
9/3/2025 12:00:00 AM,Anderson Elementary,802,Davis R,AND03 AM,7:35:00 AM,,,7:16:50 AM,,,
9/3/2025 12:00:00 AM,Anderson Elementary,803,Brown K,AND04 AM,7:35:00 AM,7:42:15 AM,,7:42:15 AM,,,
9/3/2025 12:00:00 AM,Anderson Elementary,804,Brown K,AND05 AM,7:35:00 AM,7:42:46 AM,,7:42:46 AM,,,
9/3/2025 12:00:00 AM,Bammel Elementary,810,Williams M,BAM01 AM,7:35:00 AM,7:18:53 AM,,7:18:53 AM,,,
9/3/2025 12:00:00 AM,Bammel Elementary,811,Johnson T,BAM02 AM,7:35:00 AM,,,7:14:58 AM,,,
9/3/2025 12:00:00 AM,Bammel Elementary,812,Wilson J,BAM03 AM,7:35:00 AM,7:10:57 AM,,7:10:57 AM,,,
9/3/2025 12:00:00 AM,Bammel Elementary,813,Miller S,BAM04 AM,7:35:00 AM,7:22:05 AM,,7:22:05 AM,,,
9/3/2025 12:00:00 AM,Bammel Elementary,814,Williams M,BAM05 AM,7:35:00 AM,7:22:57 AM,,7:22:57 AM,,,
9/3/2025 12:00:00 AM,Cooper Elementary,820,Johnson T,COO01 AM,7:35:00 AM,7:15:40 AM,,7:15:40 AM,,,
9/3/2025 12:00:00 AM,Cooper Elementary,821,Miller S,COO02 AM,7:35:00 AM,7:25:42 AM,,7:25:42 AM,,,
9/3/2025 12:00:00 AM,Cooper Elementary,822,Anderson C,COO03 AM,7:35:00 AM,7:14:47 AM,,7:14:47 AM,,,
9/3/2025 12:00:00 AM,Cooper Elementary,823,Wilson J,COO04 AM,7:35:00 AM,7:24:01 AM,,7:24:01 AM,,,
9/3/2025 12:00:00 AM,Cooper Elementary,824,Wilson J,COO05 AM,7:35:00 AM,7:10:18 AM,,7:10:18 AM,,,
9/3/2025 12:00:00 AM,Heritage Elementary,830,Miller S,HER01 AM,7:35:00 AM,7:37:37 AM,,7:37:37 AM,,,
9/3/2025 12:00:00 AM,Heritage Elementary,831,Thomas D,HER02 AM,7:35:00 AM,7:20:39 AM,,7:20:39 AM,,,
9/3/2025 12:00:00 AM,Heritage Elementary,832,Brown K,HER03 AM,7:35:00 AM,7:14:16 AM,,7:14:16 AM,,,
9/3/2025 12:00:00 AM,Heritage Elementary,833,Brown K,HER04 AM,7:35:00 AM,7:17:50 AM,,7:17:50 AM,,,
9/3/2025 12:00:00 AM,Heritage Elementary,834,Johnson T,HER05 AM,7:35:00 AM,7:30:45 AM,,7:30:45 AM,,,
9/3/2025 12:00:00 AM,Jenkins Elementary,840,Thomas D,JEN01 AM,7:35:00 AM,7:24:06 AM,,7:24:06 AM,,,
9/3/2025 12:00:00 AM,Jenkins Elementary,841,Moore A,JEN02 AM,7:35:00 AM,7:20:12 AM,,7:20:12 AM,,,
9/3/2025 12:00:00 AM,Jenkins Elementary,842,Thomas D,JEN03 AM,7:35:00 AM,7:18:15 AM,,7:18:15 AM,,,
9/3/2025 12:00:00 AM,Jenkins Elementary,843,Moore A,JEN04 AM,7:35:00 AM,7:13:58 AM,,7:13:58 AM,,,
9/3/2025 12:00:00 AM,Jenkins Elementary,844,Miller S,JEN05 AM,7:35:00 AM,7:19:25 AM,,7:19:25 AM,,,
9/3/2025 12:00:00 AM,Lewis Elementary,850,Williams M,LEW01 AM,7:35:00 AM,,,7:43:52 AM,,,
9/3/2025 12:00:00 AM,Lewis Elementary,851,Brown K,LEW02 AM,7:35:00 AM,7:19:52 AM,,7:19:52 AM,,,
9/3/2025 12:00:00 AM,Lewis Elementary,852,Johnson T,LEW03 AM,7:35:00 AM,7:37:16 AM,,7:37:16 AM,,,
9/3/2025 12:00:00 AM,Lewis Elementary,853,Taylor B,LEW04 AM,7:35:00 AM,7:20:55 AM,,7:20:55 AM,,,
9/3/2025 12:00:00 AM,Lewis Elementary,854,Anderson C,LEW05 AM,7:35:00 AM,7:15:42 AM,,7:15:42 AM,,,
9/3/2025 12:00:00 AM,Marshall Elementary,860,Williams M,MAR01 AM,7:35:00 AM,7:23:42 AM,,7:23:42 AM,,,
9/3/2025 12:00:00 AM,Marshall Elementary,861,Moore A,MAR02 AM,7:35:00 AM,7:27:21 AM,,7:27:21 AM,,,
9/3/2025 12:00:00 AM,Marshall Elementary,862,Brown K,MAR03 AM,7:35:00 AM,7:37:58 AM,,7:37:58 AM,,,
9/3/2025 12:00:00 AM,Marshall Elementary,863,Williams M,MAR04 AM,7:35:00 AM,7:25:43 AM,,7:25:43 AM,,,
9/3/2025 12:00:00 AM,Marshall Elementary,864,Johnson T,MAR05 AM,7:35:00 AM,,,7:40:28 AM,,,
9/3/2025 12:00:00 AM,Reynolds Elementary,870,Davis R,REY01 AM,7:35:00 AM,7:14:27 AM,,7:14:27 AM,,,
9/3/2025 12:00:00 AM,Reynolds Elementary,871,Miller S,REY02 AM,7:35:00 AM,7:25:38 AM,,7:25:38 AM,,,
9/3/2025 12:00:00 AM,Reynolds Elementary,872,Davis R,REY03 AM,7:35:00 AM,7:29:36 AM,,7:29:36 AM,,,
9/3/2025 12:00:00 AM,Reynolds Elementary,873,Moore A,REY04 AM,7:35:00 AM,7:22:31 AM,,7:22:31 AM,,,
9/3/2025 12:00:00 AM,Reynolds Elementary,874,Brown K,REY05 AM,7:35:00 AM,7:11:30 AM,,7:11:30 AM,,,
9/3/2025 12:00:00 AM,Westfield Middle School,880,Johnson T,WES01 AM,8:05:00 AM,,,7:47:56 AM,,,
9/3/2025 12:00:00 AM,Westfield Middle School,881,Taylor B,WES02 AM,8:05:00 AM,7:45:55 AM,,7:45:55 AM,,,
9/3/2025 12:00:00 AM,Westfield Middle School,882,Anderson C,WES03 AM,8:05:00 AM,7:56:49 AM,,7:56:49 AM,,,
9/3/2025 12:00:00 AM,Westfield Middle School,883,Taylor B,WES04 AM,8:05:00 AM,7:46:00 AM,,7:46:00 AM,,,
9/3/2025 12:00:00 AM,Lakewood Middle School,890,Williams M,LAK01 AM,8:05:00 AM,7:44:46 AM,,7:44:46 AM,,,
9/3/2025 12:00:00 AM,Lakewood Middle School,891,Thomas D,LAK02 AM,8:05:00 AM,7:47:23 AM,,7:47:23 AM,,,
9/3/2025 12:00:00 AM,Lakewood Middle School,892,Anderson C,LAK03 AM,8:05:00 AM,7:46:56 AM,,7:46:56 AM,,,
9/3/2025 12:00:00 AM,Lakewood Middle School,893,Davis R,LAK04 AM,8:05:00 AM,7:44:44 AM,,7:44:44 AM,,,
9/3/2025 12:00:00 AM,Riverside Middle School,900,Williams M,RIV01 AM,8:05:00 AM,8:13:59 AM,,8:13:59 AM,,,
9/3/2025 12:00:00 AM,Riverside Middle School,901,Taylor B,RIV02 AM,8:05:00 AM,7:51:00 AM,,7:51:00 AM,,,
9/3/2025 12:00:00 AM,Riverside Middle School,902,Wilson J,RIV03 AM,8:05:00 AM,8:00:03 AM,,8:00:03 AM,,,
9/3/2025 12:00:00 AM,Riverside Middle School,903,Williams M,RIV04 AM,8:05:00 AM,7:56:46 AM,,7:56:46 AM,,,
9/3/2025 12:00:00 AM,Metro High School,910,Moore A,MET01 AM,8:55:00 AM,8:47:57 AM,,8:47:57 AM,,,
9/3/2025 12:00:00 AM,Metro High School,911,Thomas D,MET02 AM,8:55:00 AM,8:44:16 AM,,8:44:16 AM,,,
9/3/2025 12:00:00 AM,Metro High School,912,Brown K,MET03 AM,8:55:00 AM,8:37:06 AM,,8:37:06 AM,,,
9/3/2025 12:00:00 AM,Northgate High School,920,Taylor B,NOR01 AM,8:55:00 AM,,,8:39:01 AM,,,
9/3/2025 12:00:00 AM,Northgate High School,921,Miller S,NOR02 AM,8:55:00 AM,8:32:32 AM,,8:32:32 AM,,,
9/3/2025 12:00:00 AM,Northgate High School,922,Moore A,NOR03 AM,8:55:00 AM,8:36:51 AM,,8:36:51 AM,,,
9/4/2025 12:00:00 AM,Anderson Elementary,800,Thomas D,AND01 AM,7:35:00 AM,7:21:36 AM,,7:21:36 AM,,,
9/4/2025 12:00:00 AM,Anderson Elementary,801,Davis R,AND02 AM,7:35:00 AM,7:13:47 AM,,7:13:47 AM,,,
9/4/2025 12:00:00 AM,Anderson Elementary,802,Johnson T,AND03 AM,7:35:00 AM,7:11:44 AM,,7:11:44 AM,,,
9/4/2025 12:00:00 AM,Anderson Elementary,803,Taylor B,AND04 AM,7:35:00 AM,7:14:28 AM,,7:14:28 AM,,,
9/4/2025 12:00:00 AM,Anderson Elementary,804,Thomas D,AND05 AM,7:35:00 AM,7:11:07 AM,,7:11:07 AM,,,
9/4/2025 12:00:00 AM,Bammel Elementary,810,Anderson C,BAM01 AM,7:35:00 AM,7:15:18 AM,,7:15:18 AM,,,
9/4/2025 12:00:00 AM,Bammel Elementary,811,Moore A,BAM02 AM,7:35:00 AM,7:38:01 AM,,7:38:01 AM,,,
9/4/2025 12:00:00 AM,Bammel Elementary,812,Johnson T,BAM03 AM,7:35:00 AM,7:41:08 AM,,7:41:08 AM,,,
9/4/2025 12:00:00 AM,Bammel Elementary,813,Wilson J,BAM04 AM,7:35:00 AM,7:44:24 AM,,7:44:24 AM,,,
9/4/2025 12:00:00 AM,Bammel Elementary,814,Brown K,BAM05 AM,7:35:00 AM,7:21:59 AM,,7:21:59 AM,,,
9/4/2025 12:00:00 AM,Cooper Elementary,820,Anderson C,COO01 AM,7:35:00 AM,7:20:37 AM,,7:20:37 AM,,,
9/4/2025 12:00:00 AM,Cooper Elementary,821,Williams M,COO02 AM,7:35:00 AM,7:15:59 AM,,7:15:59 AM,,,
9/4/2025 12:00:00 AM,Cooper Elementary,822,Moore A,COO03 AM,7:35:00 AM,7:17:59 AM,,7:17:59 AM,,,
9/4/2025 12:00:00 AM,Cooper Elementary,823,Johnson T,COO04 AM,7:35:00 AM,7:41:06 AM,,7:41:06 AM,,,
9/4/2025 12:00:00 AM,Cooper Elementary,824,Taylor B,COO05 AM,7:35:00 AM,7:23:12 AM,,7:23:12 AM,,,
9/4/2025 12:00:00 AM,Heritage Elementary,830,Johnson T,HER01 AM,7:35:00 AM,7:30:23 AM,,7:30:23 AM,,,
9/4/2025 12:00:00 AM,Heritage Elementary,831,Davis R,HER02 AM,7:35:00 AM,7:12:52 AM,,7:12:52 AM,,,
9/4/2025 12:00:00 AM,Heritage Elementary,832,Moore A,HER03 AM,7:35:00 AM,7:28:36 AM,,7:28:36 AM,,,
9/4/2025 12:00:00 AM,Heritage Elementary,833,Johnson T,HER04 AM,7:35:00 AM,7:21:59 AM,,7:21:59 AM,,,
9/4/2025 12:00:00 AM,Heritage Elementary,834,Anderson C,HER05 AM,7:35:00 AM,7:44:19 AM,,7:44:19 AM,,,
9/4/2025 12:00:00 AM,Jenkins Elementary,840,Johnson T,JEN01 AM,7:35:00 AM,7:17:16 AM,,7:17:16 AM,,,
9/4/2025 12:00:00 AM,Jenkins Elementary,841,Taylor B,JEN02 AM,7:35:00 AM,7:12:57 AM,,7:12:57 AM,,,
9/4/2025 12:00:00 AM,Jenkins Elementary,842,Anderson C,JEN03 AM,7:35:00 AM,7:26:17 AM,,7:26:17 AM,,,
9/4/2025 12:00:00 AM,Jenkins Elementary,843,Davis R,JEN04 AM,7:35:00 AM,7:29:01 AM,,7:29:01 AM,,,
9/4/2025 12:00:00 AM,Jenkins Elementary,844,Taylor B,JEN05 AM,7:35:00 AM,7:18:44 AM,,7:18:44 AM,,,
9/4/2025 12:00:00 AM,Lewis Elementary,850,Davis R,LEW01 AM,7:35:00 AM,7:29:15 AM,,7:29:15 AM,,,
9/4/2025 12:00:00 AM,Lewis Elementary,851,Johnson T,LEW02 AM,7:35:00 AM,7:36:55 AM,,7:36:55 AM,,,
9/4/2025 12:00:00 AM,Lewis Elementary,852,Thomas D,LEW03 AM,7:35:00 AM,7:23:18 AM,,7:23:18 AM,,,
9/4/2025 12:00:00 AM,Lewis Elementary,853,Taylor B,LEW04 AM,7:35:00 AM,7:19:57 AM,,7:19:57 AM,,,
9/4/2025 12:00:00 AM,Lewis Elementary,854,Miller S,LEW05 AM,7:35:00 AM,7:13:32 AM,,7:13:32 AM,,,
9/4/2025 12:00:00 AM,Marshall Elementary,860,Brown K,MAR01 AM,7:35:00 AM,7:44:14 AM,,7:44:14 AM,,,
9/4/2025 12:00:00 AM,Marshall Elementary,861,Taylor B,MAR02 AM,7:35:00 AM,,,7:14:17 AM,,,
9/4/2025 12:00:00 AM,Marshall Elementary,862,Miller S,MAR03 AM,7:35:00 AM,,,7:43:24 AM,,,
9/4/2025 12:00:00 AM,Marshall Elementary,863,Johnson T,MAR04 AM,7:35:00 AM,7:29:34 AM,,7:29:34 AM,,,
9/4/2025 12:00:00 AM,Marshall Elementary,864,Thomas D,MAR05 AM,7:35:00 AM,7:30:21 AM,,7:30:21 AM,,,
9/4/2025 12:00:00 AM,Reynolds Elementary,870,Williams M,REY01 AM,7:35:00 AM,7:21:54 AM,,7:21:54 AM,,,
9/4/2025 12:00:00 AM,Reynolds Elementary,871,Moore A,REY02 AM,7:35:00 AM,7:23:08 AM,,7:23:08 AM,,,
9/4/2025 12:00:00 AM,Reynolds Elementary,872,Wilson J,REY03 AM,7:35:00 AM,7:29:39 AM,,7:29:39 AM,,,
9/4/2025 12:00:00 AM,Reynolds Elementary,873,Miller S,REY04 AM,7:35:00 AM,7:20:53 AM,,7:20:53 AM,,,
9/4/2025 12:00:00 AM,Reynolds Elementary,874,Anderson C,REY05 AM,7:35:00 AM,7:29:37 AM,,7:29:37 AM,,,
9/4/2025 12:00:00 AM,Westfield Middle School,880,Miller S,WES01 AM,8:05:00 AM,7:45:08 AM,,7:45:08 AM,,,
9/4/2025 12:00:00 AM,Westfield Middle School,881,Anderson C,WES02 AM,8:05:00 AM,8:15:20 AM,,8:15:20 AM,,,
9/4/2025 12:00:00 AM,Westfield Middle School,882,Johnson T,WES03 AM,8:05:00 AM,7:49:06 AM,,7:49:06 AM,,,
9/4/2025 12:00:00 AM,Westfield Middle School,883,Moore A,WES04 AM,8:05:00 AM,7:47:56 AM,,7:47:56 AM,,,
9/4/2025 12:00:00 AM,Lakewood Middle School,890,Miller S,LAK01 AM,8:05:00 AM,7:55:23 AM,,7:55:23 AM,,,
9/4/2025 12:00:00 AM,Lakewood Middle School,891,Anderson C,LAK02 AM,8:05:00 AM,7:49:13 AM,,7:49:13 AM,,,
9/4/2025 12:00:00 AM,Lakewood Middle School,892,Davis R,LAK03 AM,8:05:00 AM,7:42:40 AM,,7:42:40 AM,,,
9/4/2025 12:00:00 AM,Lakewood Middle School,893,Anderson C,LAK04 AM,8:05:00 AM,7:50:17 AM,,7:50:17 AM,,,
9/4/2025 12:00:00 AM,Riverside Middle School,900,Taylor B,RIV01 AM,8:05:00 AM,7:57:44 AM,,7:57:44 AM,,,
9/4/2025 12:00:00 AM,Riverside Middle School,901,Taylor B,RIV02 AM,8:05:00 AM,7:46:50 AM,,7:46:50 AM,,,
9/4/2025 12:00:00 AM,Riverside Middle School,902,Thomas D,RIV03 AM,8:05:00 AM,7:41:16 AM,,7:41:16 AM,,,
9/4/2025 12:00:00 AM,Riverside Middle School,903,Taylor B,RIV04 AM,8:05:00 AM,7:54:57 AM,,7:54:57 AM,,,
9/4/2025 12:00:00 AM,Metro High School,910,Williams M,MET01 AM,8:55:00 AM,8:49:53 AM,,8:49:53 AM,,,
9/4/2025 12:00:00 AM,Metro High School,911,Brown K,MET02 AM,8:55:00 AM,8:33:15 AM,,8:33:15 AM,,,
9/4/2025 12:00:00 AM,Metro High School,912,Johnson T,MET03 AM,8:55:00 AM,8:39:28 AM,,8:39:28 AM,,,
9/4/2025 12:00:00 AM,Northgate High School,920,Brown K,NOR01 AM,8:55:00 AM,8:32:58 AM,,8:32:58 AM,,,
9/4/2025 12:00:00 AM,Northgate High School,921,Wilson J,NOR02 AM,8:55:00 AM,8:34:46 AM,,8:34:46 AM,,,
9/4/2025 12:00:00 AM,Northgate High School,922,Anderson C,NOR03 AM,8:55:00 AM,8:37:18 AM,,8:37:18 AM,,,
9/5/2025 12:00:00 AM,Anderson Elementary,800,Anderson C,AND01 AM,7:35:00 AM,7:11:20 AM,,7:11:20 AM,,,
9/5/2025 12:00:00 AM,Anderson Elementary,801,Miller S,AND02 AM,7:35:00 AM,7:48:06 AM,,7:48:06 AM,,,
9/5/2025 12:00:00 AM,Anderson Elementary,802,Thomas D,AND03 AM,7:35:00 AM,7:50:34 AM,,7:50:34 AM,,,
9/5/2025 12:00:00 AM,Anderson Elementary,803,Taylor B,AND04 AM,7:35:00 AM,7:16:18 AM,,7:16:18 AM,,,
9/5/2025 12:00:00 AM,Anderson Elementary,804,Williams M,AND05 AM,7:35:00 AM,7:48:05 AM,,7:48:05 AM,,,
9/5/2025 12:00:00 AM,Bammel Elementary,810,Anderson C,BAM01 AM,7:35:00 AM,7:28:45 AM,,7:28:45 AM,,,
9/5/2025 12:00:00 AM,Bammel Elementary,811,Anderson C,BAM02 AM,7:35:00 AM,7:10:02 AM,,7:10:02 AM,,,
9/5/2025 12:00:00 AM,Bammel Elementary,812,Taylor B,BAM03 AM,7:35:00 AM,7:25:46 AM,,7:25:46 AM,,,
9/5/2025 12:00:00 AM,Bammel Elementary,813,Moore A,BAM04 AM,7:35:00 AM,7:13:39 AM,,7:13:39 AM,,,
9/5/2025 12:00:00 AM,Bammel Elementary,814,Wilson J,BAM05 AM,7:35:00 AM,7:25:56 AM,,7:25:56 AM,,,
9/5/2025 12:00:00 AM,Cooper Elementary,820,Wilson J,COO01 AM,7:35:00 AM,7:21:06 AM,,7:21:06 AM,,,
9/5/2025 12:00:00 AM,Cooper Elementary,821,Taylor B,COO02 AM,7:35:00 AM,7:46:07 AM,,7:46:07 AM,,,
9/5/2025 12:00:00 AM,Cooper Elementary,822,Moore A,COO03 AM,7:35:00 AM,7:30:18 AM,,7:30:18 AM,,,
9/5/2025 12:00:00 AM,Cooper Elementary,823,Wilson J,COO04 AM,7:35:00 AM,7:16:27 AM,,7:16:27 AM,,,
9/5/2025 12:00:00 AM,Cooper Elementary,824,Taylor B,COO05 AM,7:35:00 AM,7:12:56 AM,,7:12:56 AM,,,
9/5/2025 12:00:00 AM,Heritage Elementary,830,Johnson T,HER01 AM,7:35:00 AM,7:36:51 AM,,7:36:51 AM,,,
9/5/2025 12:00:00 AM,Heritage Elementary,831,Wilson J,HER02 AM,7:35:00 AM,7:25:53 AM,,7:25:53 AM,,,
9/5/2025 12:00:00 AM,Heritage Elementary,832,Davis R,HER03 AM,7:35:00 AM,,,7:38:06 AM,,,
9/5/2025 12:00:00 AM,Heritage Elementary,833,Davis R,HER04 AM,7:35:00 AM,7:23:02 AM,,7:23:02 AM,,,
9/5/2025 12:00:00 AM,Heritage Elementary,834,Williams M,HER05 AM,7:35:00 AM,7:14:46 AM,,7:14:46 AM,,,
9/5/2025 12:00:00 AM,Jenkins Elementary,840,Thomas D,JEN01 AM,7:35:00 AM,7:24:53 AM,,7:24:53 AM,,,
9/5/2025 12:00:00 AM,Jenkins Elementary,841,Davis R,JEN02 AM,7:35:00 AM,7:10:36 AM,,7:10:36 AM,,,
9/5/2025 12:00:00 AM,Jenkins Elementary,842,Anderson C,JEN03 AM,7:35:00 AM,7:18:01 AM,,7:18:01 AM,,,
9/5/2025 12:00:00 AM,Jenkins Elementary,843,Moore A,JEN04 AM,7:35:00 AM,7:16:23 AM,,7:16:23 AM,,,
9/5/2025 12:00:00 AM,Jenkins Elementary,844,Anderson C,JEN05 AM,7:35:00 AM,7:15:37 AM,,7:15:37 AM,,,
9/5/2025 12:00:00 AM,Lewis Elementary,850,Davis R,LEW01 AM,7:35:00 AM,7:15:16 AM,,7:15:16 AM,,,
9/5/2025 12:00:00 AM,Lewis Elementary,851,Johnson T,LEW02 AM,7:35:00 AM,7:24:48 AM,,7:24:48 AM,,,
9/5/2025 12:00:00 AM,Lewis Elementary,852,Anderson C,LEW03 AM,7:35:00 AM,7:47:05 AM,,7:47:05 AM,,,
9/5/2025 12:00:00 AM,Lewis Elementary,853,Williams M,LEW04 AM,7:35:00 AM,7:16:55 AM,,7:16:55 AM,,,
9/5/2025 12:00:00 AM,Lewis Elementary,854,Anderson C,LEW05 AM,7:35:00 AM,7:30:18 AM,,7:30:18 AM,,,
9/5/2025 12:00:00 AM,Marshall Elementary,860,Wilson J,MAR01 AM,7:35:00 AM,7:25:09 AM,,7:25:09 AM,,,
9/5/2025 12:00:00 AM,Marshall Elementary,861,Taylor B,MAR02 AM,7:35:00 AM,7:20:59 AM,,7:20:59 AM,,,
9/5/2025 12:00:00 AM,Marshall Elementary,862,Taylor B,MAR03 AM,7:35:00 AM,7:30:19 AM,,7:30:19 AM,,,
9/5/2025 12:00:00 AM,Marshall Elementary,863,Thomas D,MAR04 AM,7:35:00 AM,7:19:40 AM,,7:19:40 AM,,,
9/5/2025 12:00:00 AM,Marshall Elementary,864,Miller S,MAR05 AM,7:35:00 AM,7:18:59 AM,,7:18:59 AM,,,
9/5/2025 12:00:00 AM,Reynolds Elementary,870,Brown K,REY01 AM,7:35:00 AM,7:27:08 AM,,7:27:08 AM,,,
9/5/2025 12:00:00 AM,Reynolds Elementary,871,Miller S,REY02 AM,7:35:00 AM,7:47:55 AM,,7:47:55 AM,,,
9/5/2025 12:00:00 AM,Reynolds Elementary,872,Brown K,REY03 AM,7:35:00 AM,7:30:20 AM,,7:30:20 AM,,,
9/5/2025 12:00:00 AM,Reynolds Elementary,873,Anderson C,REY04 AM,7:35:00 AM,7:23:35 AM,,7:23:35 AM,,,
9/5/2025 12:00:00 AM,Reynolds Elementary,874,Thomas D,REY05 AM,7:35:00 AM,7:25:40 AM,,7:25:40 AM,,,
9/5/2025 12:00:00 AM,Westfield Middle School,880,Williams M,WES01 AM,8:05:00 AM,7:47:41 AM,,7:47:41 AM,,,
9/5/2025 12:00:00 AM,Westfield Middle School,881,Thomas D,WES02 AM,8:05:00 AM,7:54:24 AM,,7:54:24 AM,,,
9/5/2025 12:00:00 AM,Westfield Middle School,882,Williams M,WES03 AM,8:05:00 AM,8:20:16 AM,,8:20:16 AM,,,
9/5/2025 12:00:00 AM,Westfield Middle School,883,Miller S,WES04 AM,8:05:00 AM,7:59:36 AM,,7:59:36 AM,,,
9/5/2025 12:00:00 AM,Lakewood Middle School,890,Williams M,LAK01 AM,8:05:00 AM,8:00:39 AM,,8:00:39 AM,,,
9/5/2025 12:00:00 AM,Lakewood Middle School,891,Taylor B,LAK02 AM,8:05:00 AM,7:59:20 AM,,7:59:20 AM,,,
9/5/2025 12:00:00 AM,Lakewood Middle School,892,Wilson J,LAK03 AM,8:05:00 AM,7:55:57 AM,,7:55:57 AM,,,
9/5/2025 12:00:00 AM,Lakewood Middle School,893,Davis R,LAK04 AM,8:05:00 AM,7:44:09 AM,,7:44:09 AM,,,
9/5/2025 12:00:00 AM,Riverside Middle School,900,Brown K,RIV01 AM,8:05:00 AM,8:00:19 AM,,8:00:19 AM,,,
9/5/2025 12:00:00 AM,Riverside Middle School,901,Taylor B,RIV02 AM,8:05:00 AM,7:58:11 AM,,7:58:11 AM,,,
9/5/2025 12:00:00 AM,Riverside Middle School,902,Wilson J,RIV03 AM,8:05:00 AM,7:53:19 AM,,7:53:19 AM,,,
9/5/2025 12:00:00 AM,Riverside Middle School,903,Miller S,RIV04 AM,8:05:00 AM,7:50:26 AM,,7:50:26 AM,,,
9/5/2025 12:00:00 AM,Metro High School,910,Williams M,MET01 AM,8:55:00 AM,8:32:23 AM,,8:32:23 AM,,,
9/5/2025 12:00:00 AM,Metro High School,911,Brown K,MET02 AM,8:55:00 AM,8:44:44 AM,,8:44:44 AM,,,
9/5/2025 12:00:00 AM,Metro High School,912,Anderson C,MET03 AM,8:55:00 AM,8:42:13 AM,,8:42:13 AM,,,
9/5/2025 12:00:00 AM,Northgate High School,920,Thomas D,NOR01 AM,8:55:00 AM,8:32:24 AM,,8:32:24 AM,,,
9/5/2025 12:00:00 AM,Northgate High School,921,Moore A,NOR02 AM,8:55:00 AM,8:40:41 AM,,8:40:41 AM,,,
9/5/2025 12:00:00 AM,Northgate High School,922,Thomas D,NOR03 AM,8:55:00 AM,8:32:44 AM,,8:32:44 AM,,,
9/8/2025 12:00:00 AM,Anderson Elementary,800,Moore A,AND01 AM,7:35:00 AM,7:23:48 AM,,7:23:48 AM,,,
9/8/2025 12:00:00 AM,Anderson Elementary,801,Anderson C,AND02 AM,7:35:00 AM,7:21:56 AM,,7:21:56 AM,,,
9/8/2025 12:00:00 AM,Anderson Elementary,802,Johnson T,AND03 AM,7:35:00 AM,7:40:50 AM,,7:40:50 AM,,,
9/8/2025 12:00:00 AM,Anderson Elementary,803,Brown K,AND04 AM,7:35:00 AM,7:28:11 AM,,7:28:11 AM,,,
9/8/2025 12:00:00 AM,Anderson Elementary,804,Taylor B,AND05 AM,7:35:00 AM,7:27:30 AM,,7:27:30 AM,,,
9/8/2025 12:00:00 AM,Bammel Elementary,810,Davis R,BAM01 AM,7:35:00 AM,7:27:24 AM,,7:27:24 AM,,,
9/8/2025 12:00:00 AM,Bammel Elementary,811,Moore A,BAM02 AM,7:35:00 AM,7:19:31 AM,,7:19:31 AM,,,
9/8/2025 12:00:00 AM,Bammel Elementary,812,Wilson J,BAM03 AM,7:35:00 AM,7:30:39 AM,,7:30:39 AM,,,
9/8/2025 12:00:00 AM,Bammel Elementary,813,Miller S,BAM04 AM,7:35:00 AM,7:20:24 AM,,7:20:24 AM,,,
9/8/2025 12:00:00 AM,Bammel Elementary,814,Moore A,BAM05 AM,7:35:00 AM,7:18:43 AM,,7:18:43 AM,,,
9/8/2025 12:00:00 AM,Cooper Elementary,820,Johnson T,COO01 AM,7:35:00 AM,7:26:36 AM,,7:26:36 AM,,,
9/8/2025 12:00:00 AM,Cooper Elementary,821,Moore A,COO02 AM,7:35:00 AM,7:10:07 AM,,7:10:07 AM,,,
9/8/2025 12:00:00 AM,Cooper Elementary,822,Williams M,COO03 AM,7:35:00 AM,7:17:34 AM,,7:17:34 AM,,,
9/8/2025 12:00:00 AM,Cooper Elementary,823,Thomas D,COO04 AM,7:35:00 AM,7:16:27 AM,,7:16:27 AM,,,
9/8/2025 12:00:00 AM,Cooper Elementary,824,Wilson J,COO05 AM,7:35:00 AM,7:20:43 AM,,7:20:43 AM,,,
9/8/2025 12:00:00 AM,Heritage Elementary,830,Miller S,HER01 AM,7:35:00 AM,7:11:07 AM,,7:11:07 AM,,,
9/8/2025 12:00:00 AM,Heritage Elementary,831,Brown K,HER02 AM,7:35:00 AM,7:17:57 AM,,7:17:57 AM,,,
9/8/2025 12:00:00 AM,Heritage Elementary,832,Williams M,HER03 AM,7:35:00 AM,7:29:09 AM,,7:29:09 AM,,,
9/8/2025 12:00:00 AM,Heritage Elementary,833,Moore A,HER04 AM,7:35:00 AM,7:22:46 AM,,7:22:46 AM,,,
9/8/2025 12:00:00 AM,Heritage Elementary,834,Thomas D,HER05 AM,7:35:00 AM,7:23:44 AM,,7:23:44 AM,,,
9/8/2025 12:00:00 AM,Jenkins Elementary,840,Anderson C,JEN01 AM,7:35:00 AM,7:11:25 AM,,7:11:25 AM,,,
9/8/2025 12:00:00 AM,Jenkins Elementary,841,Miller S,JEN02 AM,7:35:00 AM,7:10:20 AM,,7:10:20 AM,,,
9/8/2025 12:00:00 AM,Jenkins Elementary,842,Taylor B,JEN03 AM,7:35:00 AM,7:10:38 AM,,7:10:38 AM,,,
9/8/2025 12:00:00 AM,Jenkins Elementary,843,Taylor B,JEN04 AM,7:35:00 AM,7:15:13 AM,,7:15:13 AM,,,
9/8/2025 12:00:00 AM,Jenkins Elementary,844,Taylor B,JEN05 AM,7:35:00 AM,7:19:05 AM,,7:19:05 AM,,,
9/8/2025 12:00:00 AM,Lewis Elementary,850,Thomas D,LEW01 AM,7:35:00 AM,7:11:22 AM,,7:11:22 AM,,,
9/8/2025 12:00:00 AM,Lewis Elementary,851,Anderson C,LEW02 AM,7:35:00 AM,7:11:54 AM,,7:11:54 AM,,,
9/8/2025 12:00:00 AM,Lewis Elementary,852,Moore A,LEW03 AM,7:35:00 AM,7:19:48 AM,,7:19:48 AM,,,
9/8/2025 12:00:00 AM,Lewis Elementary,853,Anderson C,LEW04 AM,7:35:00 AM,7:23:54 AM,,7:23:54 AM,,,
9/8/2025 12:00:00 AM,Lewis Elementary,854,Miller S,LEW05 AM,7:35:00 AM,7:20:48 AM,,7:20:48 AM,,,
9/8/2025 12:00:00 AM,Marshall Elementary,860,Davis R,MAR01 AM,7:35:00 AM,7:11:14 AM,,7:11:14 AM,,,
9/8/2025 12:00:00 AM,Marshall Elementary,861,Thomas D,MAR02 AM,7:35:00 AM,7:12:40 AM,,7:12:40 AM,,,
9/8/2025 12:00:00 AM,Marshall Elementary,862,Anderson C,MAR03 AM,7:35:00 AM,7:49:58 AM,,7:49:58 AM,,,
9/8/2025 12:00:00 AM,Marshall Elementary,863,Brown K,MAR04 AM,7:35:00 AM,7:30:13 AM,,7:30:13 AM,,,
9/8/2025 12:00:00 AM,Marshall Elementary,864,Williams M,MAR05 AM,7:35:00 AM,7:49:21 AM,,7:49:21 AM,,,
9/8/2025 12:00:00 AM,Reynolds Elementary,870,Anderson C,REY01 AM,7:35:00 AM,7:49:24 AM,,7:49:24 AM,,,
9/8/2025 12:00:00 AM,Reynolds Elementary,871,Anderson C,REY02 AM,7:35:00 AM,7:16:30 AM,,7:16:30 AM,,,
9/8/2025 12:00:00 AM,Reynolds Elementary,872,Anderson C,REY03 AM,7:35:00 AM,7:16:27 AM,,7:16:27 AM,,,
9/8/2025 12:00:00 AM,Reynolds Elementary,873,Moore A,REY04 AM,7:35:00 AM,7:26:58 AM,,7:26:58 AM,,,
9/8/2025 12:00:00 AM,Reynolds Elementary,874,Taylor B,REY05 AM,7:35:00 AM,7:22:21 AM,,7:22:21 AM,,,
9/8/2025 12:00:00 AM,Westfield Middle School,880,Brown K,WES01 AM,8:05:00 AM,7:51:01 AM,,7:51:01 AM,,,
9/8/2025 12:00:00 AM,Westfield Middle School,881,Miller S,WES02 AM,8:05:00 AM,7:46:43 AM,,7:46:43 AM,,,
9/8/2025 12:00:00 AM,Westfield Middle School,882,Davis R,WES03 AM,8:05:00 AM,,,7:56:46 AM,,,
9/8/2025 12:00:00 AM,Westfield Middle School,883,Brown K,WES04 AM,8:05:00 AM,7:44:20 AM,,7:44:20 AM,,,
9/8/2025 12:00:00 AM,Lakewood Middle School,890,Taylor B,LAK01 AM,8:05:00 AM,8:00:42 AM,,8:00:42 AM,,,
9/8/2025 12:00:00 AM,Lakewood Middle School,891,Davis R,LAK02 AM,8:05:00 AM,7:46:36 AM,,7:46:36 AM,,,
9/8/2025 12:00:00 AM,Lakewood Middle School,892,Johnson T,LAK03 AM,8:05:00 AM,7:57:21 AM,,7:57:21 AM,,,
9/8/2025 12:00:00 AM,Lakewood Middle School,893,Johnson T,LAK04 AM,8:05:00 AM,7:44:15 AM,,7:44:15 AM,,,
9/8/2025 12:00:00 AM,Riverside Middle School,900,Johnson T,RIV01 AM,8:05:00 AM,8:10:35 AM,,8:10:35 AM,,,
9/8/2025 12:00:00 AM,Riverside Middle School,901,Johnson T,RIV02 AM,8:05:00 AM,7:53:37 AM,,7:53:37 AM,,,
9/8/2025 12:00:00 AM,Riverside Middle School,902,Taylor B,RIV03 AM,8:05:00 AM,7:58:30 AM,,7:58:30 AM,,,
9/8/2025 12:00:00 AM,Riverside Middle School,903,Williams M,RIV04 AM,8:05:00 AM,7:46:49 AM,,7:46:49 AM,,,
9/8/2025 12:00:00 AM,Metro High School,910,Miller S,MET01 AM,8:55:00 AM,8:45:21 AM,,8:45:21 AM,,,
9/8/2025 12:00:00 AM,Metro High School,911,Miller S,MET02 AM,8:55:00 AM,8:34:19 AM,,8:34:19 AM,,,
9/8/2025 12:00:00 AM,Metro High School,912,Taylor B,MET03 AM,8:55:00 AM,8:48:48 AM,,8:48:48 AM,,,
9/8/2025 12:00:00 AM,Northgate High School,920,Brown K,NOR01 AM,8:55:00 AM,8:47:48 AM,,8:47:48 AM,,,
9/8/2025 12:00:00 AM,Northgate High School,921,Thomas D,NOR02 AM,8:55:00 AM,8:46:20 AM,,8:46:20 AM,,,
9/8/2025 12:00:00 AM,Northgate High School,922,Taylor B,NOR03 AM,8:55:00 AM,8:37:49 AM,,8:37:49 AM,,,
9/9/2025 12:00:00 AM,Anderson Elementary,800,Wilson J,AND01 AM,7:35:00 AM,7:20:28 AM,,7:20:28 AM,,,
9/9/2025 12:00:00 AM,Anderson Elementary,801,Wilson J,AND02 AM,7:35:00 AM,7:26:29 AM,,7:26:29 AM,,,
9/9/2025 12:00:00 AM,Anderson Elementary,802,Wilson J,AND03 AM,7:35:00 AM,7:17:50 AM,,7:17:50 AM,,,
9/9/2025 12:00:00 AM,Anderson Elementary,803,Williams M,AND04 AM,7:35:00 AM,7:20:46 AM,,7:20:46 AM,,,
9/9/2025 12:00:00 AM,Anderson Elementary,804,Miller S,AND05 AM,7:35:00 AM,7:45:24 AM,,7:45:24 AM,,,
9/9/2025 12:00:00 AM,Bammel Elementary,810,Taylor B,BAM01 AM,7:35:00 AM,7:28:20 AM,,7:28:20 AM,,,
9/9/2025 12:00:00 AM,Bammel Elementary,811,Williams M,BAM02 AM,7:35:00 AM,7:20:36 AM,,7:20:36 AM,,,
9/9/2025 12:00:00 AM,Bammel Elementary,812,Wilson J,BAM03 AM,7:35:00 AM,7:41:57 AM,,7:41:57 AM,,,
9/9/2025 12:00:00 AM,Bammel Elementary,813,Miller S,BAM04 AM,7:35:00 AM,7:30:08 AM,,7:30:08 AM,,,
9/9/2025 12:00:00 AM,Bammel Elementary,814,Anderson C,BAM05 AM,7:35:00 AM,7:12:27 AM,,7:12:27 AM,,,
9/9/2025 12:00:00 AM,Cooper Elementary,820,Williams M,COO01 AM,7:35:00 AM,7:12:05 AM,,7:12:05 AM,,,
9/9/2025 12:00:00 AM,Cooper Elementary,821,Taylor B,COO02 AM,7:35:00 AM,7:24:48 AM,,7:24:48 AM,,,
9/9/2025 12:00:00 AM,Cooper Elementary,822,Wilson J,COO03 AM,7:35:00 AM,7:10:36 AM,,7:10:36 AM,,,
9/9/2025 12:00:00 AM,Cooper Elementary,823,Johnson T,COO04 AM,7:35:00 AM,,,7:18:27 AM,,,
9/9/2025 12:00:00 AM,Cooper Elementary,824,Taylor B,COO05 AM,7:35:00 AM,7:24:49 AM,,7:24:49 AM,,,
9/9/2025 12:00:00 AM,Heritage Elementary,830,Miller S,HER01 AM,7:35:00 AM,7:30:34 AM,,7:30:34 AM,,,
9/9/2025 12:00:00 AM,Heritage Elementary,831,Davis R,HER02 AM,7:35:00 AM,7:24:19 AM,,7:24:19 AM,,,
9/9/2025 12:00:00 AM,Heritage Elementary,832,Taylor B,HER03 AM,7:35:00 AM,7:18:01 AM,,7:18:01 AM,,,
9/9/2025 12:00:00 AM,Heritage Elementary,833,Williams M,HER04 AM,7:35:00 AM,7:25:32 AM,,7:25:32 AM,,,
9/9/2025 12:00:00 AM,Heritage Elementary,834,Wilson J,HER05 AM,7:35:00 AM,7:24:05 AM,,7:24:05 AM,,,
9/9/2025 12:00:00 AM,Jenkins Elementary,840,Moore A,JEN01 AM,7:35:00 AM,7:27:22 AM,,7:27:22 AM,,,
9/9/2025 12:00:00 AM,Jenkins Elementary,841,Moore A,JEN02 AM,7:35:00 AM,7:36:17 AM,,7:36:17 AM,,,
9/9/2025 12:00:00 AM,Jenkins Elementary,842,Brown K,JEN03 AM,7:35:00 AM,,,7:17:51 AM,,,
9/9/2025 12:00:00 AM,Jenkins Elementary,843,Brown K,JEN04 AM,7:35:00 AM,7:25:59 AM,,7:25:59 AM,,,
9/9/2025 12:00:00 AM,Jenkins Elementary,844,Brown K,JEN05 AM,7:35:00 AM,7:24:19 AM,,7:24:19 AM,,,
9/9/2025 12:00:00 AM,Lewis Elementary,850,Johnson T,LEW01 AM,7:35:00 AM,7:36:47 AM,,7:36:47 AM,,,
9/9/2025 12:00:00 AM,Lewis Elementary,851,Johnson T,LEW02 AM,7:35:00 AM,7:23:05 AM,,7:23:05 AM,,,
9/9/2025 12:00:00 AM,Lewis Elementary,852,Brown K,LEW03 AM,7:35:00 AM,,,7:49:30 AM,,,
9/9/2025 12:00:00 AM,Lewis Elementary,853,Thomas D,LEW04 AM,7:35:00 AM,7:27:30 AM,,7:27:30 AM,,,
9/9/2025 12:00:00 AM,Lewis Elementary,854,Williams M,LEW05 AM,7:35:00 AM,7:18:18 AM,,7:18:18 AM,,,
9/9/2025 12:00:00 AM,Marshall Elementary,860,Taylor B,MAR01 AM,7:35:00 AM,7:14:33 AM,,7:14:33 AM,,,
9/9/2025 12:00:00 AM,Marshall Elementary,861,Johnson T,MAR02 AM,7:35:00 AM,7:48:24 AM,,7:48:24 AM,,,
9/9/2025 12:00:00 AM,Marshall Elementary,862,Moore A,MAR03 AM,7:35:00 AM,7:12:30 AM,,7:12:30 AM,,,
9/9/2025 12:00:00 AM,Marshall Elementary,863,Thomas D,MAR04 AM,7:35:00 AM,7:16:07 AM,,7:16:07 AM,,,
9/9/2025 12:00:00 AM,Marshall Elementary,864,Anderson C,MAR05 AM,7:35:00 AM,7:27:42 AM,,7:27:42 AM,,,
9/9/2025 12:00:00 AM,Reynolds Elementary,870,Williams M,REY01 AM,7:35:00 AM,7:16:53 AM,,7:16:53 AM,,,
9/9/2025 12:00:00 AM,Reynolds Elementary,871,Anderson C,REY02 AM,7:35:00 AM,7:14:12 AM,,7:14:12 AM,,,
9/9/2025 12:00:00 AM,Reynolds Elementary,872,Brown K,REY03 AM,7:35:00 AM,7:14:33 AM,,7:14:33 AM,,,
9/9/2025 12:00:00 AM,Reynolds Elementary,873,Brown K,REY04 AM,7:35:00 AM,7:11:14 AM,,7:11:14 AM,,,
9/9/2025 12:00:00 AM,Reynolds Elementary,874,Moore A,REY05 AM,7:35:00 AM,7:14:26 AM,,7:14:26 AM,,,
9/9/2025 12:00:00 AM,Westfield Middle School,880,Miller S,WES01 AM,8:05:00 AM,7:41:38 AM,,7:41:38 AM,,,
9/9/2025 12:00:00 AM,Westfield Middle School,881,Brown K,WES02 AM,8:05:00 AM,7:48:37 AM,,7:48:37 AM,,,
9/9/2025 12:00:00 AM,Westfield Middle School,882,Thomas D,WES03 AM,8:05:00 AM,8:08:13 AM,,8:08:13 AM,,,
9/9/2025 12:00:00 AM,Westfield Middle School,883,Thomas D,WES04 AM,8:05:00 AM,7:46:19 AM,,7:46:19 AM,,,
9/9/2025 12:00:00 AM,Lakewood Middle School,890,Miller S,LAK01 AM,8:05:00 AM,8:06:24 AM,,8:06:24 AM,,,
9/9/2025 12:00:00 AM,Lakewood Middle School,891,Miller S,LAK02 AM,8:05:00 AM,7:57:05 AM,,7:57:05 AM,,,
9/9/2025 12:00:00 AM,Lakewood Middle School,892,Moore A,LAK03 AM,8:05:00 AM,7:40:06 AM,,7:40:06 AM,,,
9/9/2025 12:00:00 AM,Lakewood Middle School,893,Moore A,LAK04 AM,8:05:00 AM,7:52:22 AM,,7:52:22 AM,,,
9/9/2025 12:00:00 AM,Riverside Middle School,900,Miller S,RIV01 AM,8:05:00 AM,7:45:35 AM,,7:45:35 AM,,,
9/9/2025 12:00:00 AM,Riverside Middle School,901,Williams M,RIV02 AM,8:05:00 AM,7:57:48 AM,,7:57:48 AM,,,
9/9/2025 12:00:00 AM,Riverside Middle School,902,Taylor B,RIV03 AM,8:05:00 AM,7:42:55 AM,,7:42:55 AM,,,
9/9/2025 12:00:00 AM,Riverside Middle School,903,Thomas D,RIV04 AM,8:05:00 AM,7:40:21 AM,,7:40:21 AM,,,
9/9/2025 12:00:00 AM,Metro High School,910,Wilson J,MET01 AM,8:55:00 AM,8:43:17 AM,,8:43:17 AM,,,
9/9/2025 12:00:00 AM,Metro High School,911,Anderson C,MET02 AM,8:55:00 AM,8:33:41 AM,,8:33:41 AM,,,
9/9/2025 12:00:00 AM,Metro High School,912,Wilson J,MET03 AM,8:55:00 AM,8:43:20 AM,,8:43:20 AM,,,
9/9/2025 12:00:00 AM,Northgate High School,920,Brown K,NOR01 AM,8:55:00 AM,8:44:16 AM,,8:44:16 AM,,,
9/9/2025 12:00:00 AM,Northgate High School,921,Wilson J,NOR02 AM,8:55:00 AM,8:44:37 AM,,8:44:37 AM,,,
9/9/2025 12:00:00 AM,Northgate High School,922,Thomas D,NOR03 AM,8:55:00 AM,8:44:05 AM,,8:44:05 AM,,,
9/10/2025 12:00:00 AM,Anderson Elementary,800,Wilson J,AND01 AM,7:35:00 AM,7:18:06 AM,,7:18:06 AM,,,
9/10/2025 12:00:00 AM,Anderson Elementary,801,Johnson T,AND02 AM,7:35:00 AM,7:26:42 AM,,7:26:42 AM,,,
9/10/2025 12:00:00 AM,Anderson Elementary,802,Davis R,AND03 AM,7:35:00 AM,7:21:15 AM,,7:21:15 AM,,,
9/10/2025 12:00:00 AM,Anderson Elementary,803,Moore A,AND04 AM,7:35:00 AM,7:14:37 AM,,7:14:37 AM,,,
9/10/2025 12:00:00 AM,Anderson Elementary,804,Miller S,AND05 AM,7:35:00 AM,7:19:57 AM,,7:19:57 AM,,,
9/10/2025 12:00:00 AM,Bammel Elementary,810,Anderson C,BAM01 AM,7:35:00 AM,7:27:58 AM,,7:27:58 AM,,,
9/10/2025 12:00:00 AM,Bammel Elementary,811,Wilson J,BAM02 AM,7:35:00 AM,7:10:35 AM,,7:10:35 AM,,,
9/10/2025 12:00:00 AM,Bammel Elementary,812,Moore A,BAM03 AM,7:35:00 AM,7:25:01 AM,,7:25:01 AM,,,
9/10/2025 12:00:00 AM,Bammel Elementary,813,Wilson J,BAM04 AM,7:35:00 AM,7:22:36 AM,,7:22:36 AM,,,
9/10/2025 12:00:00 AM,Bammel Elementary,814,Davis R,BAM05 AM,7:35:00 AM,7:21:34 AM,,7:21:34 AM,,,
9/10/2025 12:00:00 AM,Cooper Elementary,820,Thomas D,COO01 AM,7:35:00 AM,7:30:39 AM,,7:30:39 AM,,,
9/10/2025 12:00:00 AM,Cooper Elementary,821,Brown K,COO02 AM,7:35:00 AM,7:23:38 AM,,7:23:38 AM,,,
9/10/2025 12:00:00 AM,Cooper Elementary,822,Williams M,COO03 AM,7:35:00 AM,7:18:36 AM,,7:18:36 AM,,,
9/10/2025 12:00:00 AM,Cooper Elementary,823,Williams M,COO04 AM,7:35:00 AM,7:25:45 AM,,7:25:45 AM,,,
9/10/2025 12:00:00 AM,Cooper Elementary,824,Williams M,COO05 AM,7:35:00 AM,7:27:33 AM,,7:27:33 AM,,,
9/10/2025 12:00:00 AM,Heritage Elementary,830,Anderson C,HER01 AM,7:35:00 AM,7:20:24 AM,,7:20:24 AM,,,
9/10/2025 12:00:00 AM,Heritage Elementary,831,Brown K,HER02 AM,7:35:00 AM,7:19:06 AM,,7:19:06 AM,,,
9/10/2025 12:00:00 AM,Heritage Elementary,832,Brown K,HER03 AM,7:35:00 AM,7:16:01 AM,,7:16:01 AM,,,
9/10/2025 12:00:00 AM,Heritage Elementary,833,Wilson J,HER04 AM,7:35:00 AM,7:12:33 AM,,7:12:33 AM,,,
9/10/2025 12:00:00 AM,Heritage Elementary,834,Anderson C,HER05 AM,7:35:00 AM,7:16:07 AM,,7:16:07 AM,,,
9/10/2025 12:00:00 AM,Jenkins Elementary,840,Moore A,JEN01 AM,7:35:00 AM,7:29:58 AM,,7:29:58 AM,,,
9/10/2025 12:00:00 AM,Jenkins Elementary,841,Anderson C,JEN02 AM,7:35:00 AM,7:10:20 AM,,7:10:20 AM,,,
9/10/2025 12:00:00 AM,Jenkins Elementary,842,Wilson J,JEN03 AM,7:35:00 AM,7:24:18 AM,,7:24:18 AM,,,
9/10/2025 12:00:00 AM,Jenkins Elementary,843,Anderson C,JEN04 AM,7:35:00 AM,7:18:19 AM,,7:18:19 AM,,,
9/10/2025 12:00:00 AM,Jenkins Elementary,844,Miller S,JEN05 AM,7:35:00 AM,7:47:57 AM,,7:47:57 AM,,,
9/10/2025 12:00:00 AM,Lewis Elementary,850,Davis R,LEW01 AM,7:35:00 AM,7:13:03 AM,,7:13:03 AM,,,
9/10/2025 12:00:00 AM,Lewis Elementary,851,Davis R,LEW02 AM,7:35:00 AM,7:25:57 AM,,7:25:57 AM,,,
9/10/2025 12:00:00 AM,Lewis Elementary,852,Johnson T,LEW03 AM,7:35:00 AM,7:39:57 AM,,7:39:57 AM,,,
9/10/2025 12:00:00 AM,Lewis Elementary,853,Moore A,LEW04 AM,7:35:00 AM,7:41:58 AM,,7:41:58 AM,,,
9/10/2025 12:00:00 AM,Lewis Elementary,854,Thomas D,LEW05 AM,7:35:00 AM,7:10:19 AM,,7:10:19 AM,,,
9/10/2025 12:00:00 AM,Marshall Elementary,860,Davis R,MAR01 AM,7:35:00 AM,7:43:16 AM,,7:43:16 AM,,,
9/10/2025 12:00:00 AM,Marshall Elementary,861,Williams M,MAR02 AM,7:35:00 AM,7:15:04 AM,,7:15:04 AM,,,
9/10/2025 12:00:00 AM,Marshall Elementary,862,Anderson C,MAR03 AM,7:35:00 AM,7:12:16 AM,,7:12:16 AM,,,
9/10/2025 12:00:00 AM,Marshall Elementary,863,Taylor B,MAR04 AM,7:35:00 AM,7:14:02 AM,,7:14:02 AM,,,
9/10/2025 12:00:00 AM,Marshall Elementary,864,Moore A,MAR05 AM,7:35:00 AM,7:16:47 AM,,7:16:47 AM,,,
9/10/2025 12:00:00 AM,Reynolds Elementary,870,Wilson J,REY01 AM,7:35:00 AM,7:30:09 AM,,7:30:09 AM,,,
9/10/2025 12:00:00 AM,Reynolds Elementary,871,Moore A,REY02 AM,7:35:00 AM,7:21:32 AM,,7:21:32 AM,,,
9/10/2025 12:00:00 AM,Reynolds Elementary,872,Davis R,REY03 AM,7:35:00 AM,7:21:35 AM,,7:21:35 AM,,,
9/10/2025 12:00:00 AM,Reynolds Elementary,873,Thomas D,REY04 AM,7:35:00 AM,,,7:18:43 AM,,,
9/10/2025 12:00:00 AM,Reynolds Elementary,874,Thomas D,REY05 AM,7:35:00 AM,7:23:48 AM,,7:23:48 AM,,,
9/10/2025 12:00:00 AM,Westfield Middle School,880,Moore A,WES01 AM,8:05:00 AM,7:41:24 AM,,7:41:24 AM,,,
9/10/2025 12:00:00 AM,Westfield Middle School,881,Brown K,WES02 AM,8:05:00 AM,7:49:14 AM,,7:49:14 AM,,,
9/10/2025 12:00:00 AM,Westfield Middle School,882,Miller S,WES03 AM,8:05:00 AM,7:46:26 AM,,7:46:26 AM,,,
9/10/2025 12:00:00 AM,Westfield Middle School,883,Moore A,WES04 AM,8:05:00 AM,7:47:29 AM,,7:47:29 AM,,,
9/10/2025 12:00:00 AM,Lakewood Middle School,890,Anderson C,LAK01 AM,8:05:00 AM,7:54:45 AM,,7:54:45 AM,,,
9/10/2025 12:00:00 AM,Lakewood Middle School,891,Moore A,LAK02 AM,8:05:00 AM,7:51:13 AM,,7:51:13 AM,,,
9/10/2025 12:00:00 AM,Lakewood Middle School,892,Johnson T,LAK03 AM,8:05:00 AM,7:50:35 AM,,7:50:35 AM,,,
9/10/2025 12:00:00 AM,Lakewood Middle School,893,Thomas D,LAK04 AM,8:05:00 AM,7:52:47 AM,,7:52:47 AM,,,
9/10/2025 12:00:00 AM,Riverside Middle School,900,Brown K,RIV01 AM,8:05:00 AM,7:45:20 AM,,7:45:20 AM,,,
9/10/2025 12:00:00 AM,Riverside Middle School,901,Johnson T,RIV02 AM,8:05:00 AM,7:59:21 AM,,7:59:21 AM,,,
9/10/2025 12:00:00 AM,Riverside Middle School,902,Williams M,RIV03 AM,8:05:00 AM,7:50:37 AM,,7:50:37 AM,,,
9/10/2025 12:00:00 AM,Riverside Middle School,903,Brown K,RIV04 AM,8:05:00 AM,7:57:34 AM,,7:57:34 AM,,,
9/10/2025 12:00:00 AM,Metro High School,910,Davis R,MET01 AM,8:55:00 AM,9:06:09 AM,,9:06:09 AM,,,
9/10/2025 12:00:00 AM,Metro High School,911,Johnson T,MET02 AM,8:55:00 AM,8:39:59 AM,,8:39:59 AM,,,
9/10/2025 12:00:00 AM,Metro High School,912,Wilson J,MET03 AM,8:55:00 AM,9:10:23 AM,,9:10:23 AM,,,
9/10/2025 12:00:00 AM,Northgate High School,920,Wilson J,NOR01 AM,8:55:00 AM,8:48:22 AM,,8:48:22 AM,,,
9/10/2025 12:00:00 AM,Northgate High School,921,Miller S,NOR02 AM,8:55:00 AM,8:42:33 AM,,8:42:33 AM,,,
9/10/2025 12:00:00 AM,Northgate High School,922,Taylor B,NOR03 AM,8:55:00 AM,9:01:02 AM,,9:01:02 AM,,,
9/11/2025 12:00:00 AM,Anderson Elementary,800,Thomas D,AND01 AM,7:35:00 AM,7:18:12 AM,,7:18:12 AM,,,
9/11/2025 12:00:00 AM,Anderson Elementary,801,Anderson C,AND02 AM,7:35:00 AM,7:17:26 AM,,7:17:26 AM,,,
9/11/2025 12:00:00 AM,Anderson Elementary,802,Taylor B,AND03 AM,7:35:00 AM,7:37:51 AM,,7:37:51 AM,,,
9/11/2025 12:00:00 AM,Anderson Elementary,803,Williams M,AND04 AM,7:35:00 AM,7:28:09 AM,,7:28:09 AM,,,
9/11/2025 12:00:00 AM,Anderson Elementary,804,Thomas D,AND05 AM,7:35:00 AM,7:12:40 AM,,7:12:40 AM,,,
9/11/2025 12:00:00 AM,Bammel Elementary,810,Brown K,BAM01 AM,7:35:00 AM,7:28:11 AM,,7:28:11 AM,,,
9/11/2025 12:00:00 AM,Bammel Elementary,811,Wilson J,BAM02 AM,7:35:00 AM,7:24:30 AM,,7:24:30 AM,,,
9/11/2025 12:00:00 AM,Bammel Elementary,812,Johnson T,BAM03 AM,7:35:00 AM,7:14:00 AM,,7:14:00 AM,,,
9/11/2025 12:00:00 AM,Bammel Elementary,813,Williams M,BAM04 AM,7:35:00 AM,7:20:48 AM,,7:20:48 AM,,,
9/11/2025 12:00:00 AM,Bammel Elementary,814,Miller S,BAM05 AM,7:35:00 AM,7:22:52 AM,,7:22:52 AM,,,
9/11/2025 12:00:00 AM,Cooper Elementary,820,Johnson T,COO01 AM,7:35:00 AM,7:19:57 AM,,7:19:57 AM,,,
9/11/2025 12:00:00 AM,Cooper Elementary,821,Williams M,COO02 AM,7:35:00 AM,7:19:44 AM,,7:19:44 AM,,,
9/11/2025 12:00:00 AM,Cooper Elementary,822,Taylor B,COO03 AM,7:35:00 AM,7:15:20 AM,,7:15:20 AM,,,
9/11/2025 12:00:00 AM,Cooper Elementary,823,Taylor B,COO04 AM,7:35:00 AM,7:18:29 AM,,7:18:29 AM,,,
9/11/2025 12:00:00 AM,Cooper Elementary,824,Brown K,COO05 AM,7:35:00 AM,7:18:55 AM,,7:18:55 AM,,,
9/11/2025 12:00:00 AM,Heritage Elementary,830,Davis R,HER01 AM,7:35:00 AM,7:18:30 AM,,7:18:30 AM,,,
9/11/2025 12:00:00 AM,Heritage Elementary,831,Davis R,HER02 AM,7:35:00 AM,7:11:46 AM,,7:11:46 AM,,,
9/11/2025 12:00:00 AM,Heritage Elementary,832,Wilson J,HER03 AM,7:35:00 AM,7:11:18 AM,,7:11:18 AM,,,
9/11/2025 12:00:00 AM,Heritage Elementary,833,Brown K,HER04 AM,7:35:00 AM,7:21:43 AM,,7:21:43 AM,,,
9/11/2025 12:00:00 AM,Heritage Elementary,834,Brown K,HER05 AM,7:35:00 AM,,,7:15:26 AM,,,
9/11/2025 12:00:00 AM,Jenkins Elementary,840,Taylor B,JEN01 AM,7:35:00 AM,7:13:21 AM,,7:13:21 AM,,,
9/11/2025 12:00:00 AM,Jenkins Elementary,841,Davis R,JEN02 AM,7:35:00 AM,7:11:15 AM,,7:11:15 AM,,,
9/11/2025 12:00:00 AM,Jenkins Elementary,842,Brown K,JEN03 AM,7:35:00 AM,7:28:33 AM,,7:28:33 AM,,,
9/11/2025 12:00:00 AM,Jenkins Elementary,843,Davis R,JEN04 AM,7:35:00 AM,7:22:45 AM,,7:22:45 AM,,,
9/11/2025 12:00:00 AM,Jenkins Elementary,844,Anderson C,JEN05 AM,7:35:00 AM,7:22:20 AM,,7:22:20 AM,,,
9/11/2025 12:00:00 AM,Lewis Elementary,850,Thomas D,LEW01 AM,7:35:00 AM,7:21:46 AM,,7:21:46 AM,,,
9/11/2025 12:00:00 AM,Lewis Elementary,851,Johnson T,LEW02 AM,7:35:00 AM,7:24:09 AM,,7:24:09 AM,,,
9/11/2025 12:00:00 AM,Lewis Elementary,852,Moore A,LEW03 AM,7:35:00 AM,7:11:28 AM,,7:11:28 AM,,,
9/11/2025 12:00:00 AM,Lewis Elementary,853,Brown K,LEW04 AM,7:35:00 AM,7:20:01 AM,,7:20:01 AM,,,
9/11/2025 12:00:00 AM,Lewis Elementary,854,Johnson T,LEW05 AM,7:35:00 AM,7:10:20 AM,,7:10:20 AM,,,
9/11/2025 12:00:00 AM,Marshall Elementary,860,Thomas D,MAR01 AM,7:35:00 AM,7:14:03 AM,,7:14:03 AM,,,
9/11/2025 12:00:00 AM,Marshall Elementary,861,Davis R,MAR02 AM,7:35:00 AM,7:19:22 AM,,7:19:22 AM,,,
9/11/2025 12:00:00 AM,Marshall Elementary,862,Moore A,MAR03 AM,7:35:00 AM,7:13:52 AM,,7:13:52 AM,,,
9/11/2025 12:00:00 AM,Marshall Elementary,863,Johnson T,MAR04 AM,7:35:00 AM,7:23:30 AM,,7:23:30 AM,,,
9/11/2025 12:00:00 AM,Marshall Elementary,864,Moore A,MAR05 AM,7:35:00 AM,,,7:46:31 AM,,,
9/11/2025 12:00:00 AM,Reynolds Elementary,870,Davis R,REY01 AM,7:35:00 AM,7:24:14 AM,,7:24:14 AM,,,
9/11/2025 12:00:00 AM,Reynolds Elementary,871,Davis R,REY02 AM,7:35:00 AM,7:30:58 AM,,7:30:58 AM,,,
9/11/2025 12:00:00 AM,Reynolds Elementary,872,Thomas D,REY03 AM,7:35:00 AM,7:24:20 AM,,7:24:20 AM,,,
9/11/2025 12:00:00 AM,Reynolds Elementary,873,Moore A,REY04 AM,7:35:00 AM,7:27:02 AM,,7:27:02 AM,,,
9/11/2025 12:00:00 AM,Reynolds Elementary,874,Davis R,REY05 AM,7:35:00 AM,7:49:19 AM,,7:49:19 AM,,,
9/11/2025 12:00:00 AM,Westfield Middle School,880,Anderson C,WES01 AM,8:05:00 AM,8:00:13 AM,,8:00:13 AM,,,
9/11/2025 12:00:00 AM,Westfield Middle School,881,Thomas D,WES02 AM,8:05:00 AM,7:45:30 AM,,7:45:30 AM,,,
9/11/2025 12:00:00 AM,Westfield Middle School,882,Johnson T,WES03 AM,8:05:00 AM,8:15:03 AM,,8:15:03 AM,,,
9/11/2025 12:00:00 AM,Westfield Middle School,883,Johnson T,WES04 AM,8:05:00 AM,7:40:12 AM,,7:40:12 AM,,,
9/11/2025 12:00:00 AM,Lakewood Middle School,890,Williams M,LAK01 AM,8:05:00 AM,7:52:29 AM,,7:52:29 AM,,,
9/11/2025 12:00:00 AM,Lakewood Middle School,891,Johnson T,LAK02 AM,8:05:00 AM,7:53:29 AM,,7:53:29 AM,,,
9/11/2025 12:00:00 AM,Lakewood Middle School,892,Brown K,LAK03 AM,8:05:00 AM,7:48:43 AM,,7:48:43 AM,,,
9/11/2025 12:00:00 AM,Lakewood Middle School,893,Johnson T,LAK04 AM,8:05:00 AM,7:52:45 AM,,7:52:45 AM,,,
9/11/2025 12:00:00 AM,Riverside Middle School,900,Taylor B,RIV01 AM,8:05:00 AM,7:40:02 AM,,7:40:02 AM,,,
9/11/2025 12:00:00 AM,Riverside Middle School,901,Wilson J,RIV02 AM,8:05:00 AM,7:49:29 AM,,7:49:29 AM,,,
9/11/2025 12:00:00 AM,Riverside Middle School,902,Wilson J,RIV03 AM,8:05:00 AM,7:42:25 AM,,7:42:25 AM,,,
9/11/2025 12:00:00 AM,Riverside Middle School,903,Wilson J,RIV04 AM,8:05:00 AM,8:07:38 AM,,8:07:38 AM,,,
9/11/2025 12:00:00 AM,Metro High School,910,Brown K,MET01 AM,8:55:00 AM,9:01:32 AM,,9:01:32 AM,,,
9/11/2025 12:00:00 AM,Metro High School,911,Davis R,MET02 AM,8:55:00 AM,9:02:05 AM,,9:02:05 AM,,,
9/11/2025 12:00:00 AM,Metro High School,912,Anderson C,MET03 AM,8:55:00 AM,8:45:47 AM,,8:45:47 AM,,,
9/11/2025 12:00:00 AM,Northgate High School,920,Moore A,NOR01 AM,8:55:00 AM,8:38:14 AM,,8:38:14 AM,,,
9/11/2025 12:00:00 AM,Northgate High School,921,Davis R,NOR02 AM,8:55:00 AM,8:34:51 AM,,8:34:51 AM,,,
9/11/2025 12:00:00 AM,Northgate High School,922,Davis R,NOR03 AM,8:55:00 AM,8:47:52 AM,,8:47:52 AM,,,
9/12/2025 12:00:00 AM,Anderson Elementary,800,Miller S,AND01 AM,7:35:00 AM,7:27:27 AM,,7:27:27 AM,,,
9/12/2025 12:00:00 AM,Anderson Elementary,801,Moore A,AND02 AM,7:35:00 AM,7:15:40 AM,,7:15:40 AM,,,
9/12/2025 12:00:00 AM,Anderson Elementary,802,Taylor B,AND03 AM,7:35:00 AM,7:18:48 AM,,7:18:48 AM,,,
9/12/2025 12:00:00 AM,Anderson Elementary,803,Moore A,AND04 AM,7:35:00 AM,7:15:48 AM,,7:15:48 AM,,,
9/12/2025 12:00:00 AM,Anderson Elementary,804,Moore A,AND05 AM,7:35:00 AM,7:23:38 AM,,7:23:38 AM,,,
9/12/2025 12:00:00 AM,Bammel Elementary,810,Williams M,BAM01 AM,7:35:00 AM,7:26:37 AM,,7:26:37 AM,,,
9/12/2025 12:00:00 AM,Bammel Elementary,811,Thomas D,BAM02 AM,7:35:00 AM,7:13:41 AM,,7:13:41 AM,,,
9/12/2025 12:00:00 AM,Bammel Elementary,812,Brown K,BAM03 AM,7:35:00 AM,7:11:21 AM,,7:11:21 AM,,,
9/12/2025 12:00:00 AM,Bammel Elementary,813,Brown K,BAM04 AM,7:35:00 AM,7:29:19 AM,,7:29:19 AM,,,
9/12/2025 12:00:00 AM,Bammel Elementary,814,Brown K,BAM05 AM,7:35:00 AM,,,7:12:23 AM,,,
9/12/2025 12:00:00 AM,Cooper Elementary,820,Anderson C,COO01 AM,7:35:00 AM,7:15:02 AM,,7:15:02 AM,,,
9/12/2025 12:00:00 AM,Cooper Elementary,821,Moore A,COO02 AM,7:35:00 AM,7:23:58 AM,,7:23:58 AM,,,
9/12/2025 12:00:00 AM,Cooper Elementary,822,Anderson C,COO03 AM,7:35:00 AM,7:22:30 AM,,7:22:30 AM,,,
9/12/2025 12:00:00 AM,Cooper Elementary,823,Brown K,COO04 AM,7:35:00 AM,7:18:00 AM,,7:18:00 AM,,,
9/12/2025 12:00:00 AM,Cooper Elementary,824,Miller S,COO05 AM,7:35:00 AM,7:26:20 AM,,7:26:20 AM,,,
9/12/2025 12:00:00 AM,Heritage Elementary,830,Brown K,HER01 AM,7:35:00 AM,7:10:40 AM,,7:10:40 AM,,,
9/12/2025 12:00:00 AM,Heritage Elementary,831,Anderson C,HER02 AM,7:35:00 AM,7:37:36 AM,,7:37:36 AM,,,
9/12/2025 12:00:00 AM,Heritage Elementary,832,Moore A,HER03 AM,7:35:00 AM,7:20:49 AM,,7:20:49 AM,,,
9/12/2025 12:00:00 AM,Heritage Elementary,833,Brown K,HER04 AM,7:35:00 AM,7:14:56 AM,,7:14:56 AM,,,
9/12/2025 12:00:00 AM,Heritage Elementary,834,Johnson T,HER05 AM,7:35:00 AM,7:13:05 AM,,7:13:05 AM,,,
9/12/2025 12:00:00 AM,Jenkins Elementary,840,Wilson J,JEN01 AM,7:35:00 AM,7:13:38 AM,,7:13:38 AM,,,
9/12/2025 12:00:00 AM,Jenkins Elementary,841,Anderson C,JEN02 AM,7:35:00 AM,7:45:38 AM,,7:45:38 AM,,,
9/12/2025 12:00:00 AM,Jenkins Elementary,842,Anderson C,JEN03 AM,7:35:00 AM,7:28:16 AM,,7:28:16 AM,,,
9/12/2025 12:00:00 AM,Jenkins Elementary,843,Davis R,JEN04 AM,7:35:00 AM,7:19:19 AM,,7:19:19 AM,,,
9/12/2025 12:00:00 AM,Jenkins Elementary,844,Thomas D,JEN05 AM,7:35:00 AM,7:38:51 AM,,7:38:51 AM,,,
9/12/2025 12:00:00 AM,Lewis Elementary,850,Taylor B,LEW01 AM,7:35:00 AM,7:25:07 AM,,7:25:07 AM,,,
9/12/2025 12:00:00 AM,Lewis Elementary,851,Taylor B,LEW02 AM,7:35:00 AM,7:18:30 AM,,7:18:30 AM,,,
9/12/2025 12:00:00 AM,Lewis Elementary,852,Moore A,LEW03 AM,7:35:00 AM,7:42:00 AM,,7:42:00 AM,,,
9/12/2025 12:00:00 AM,Lewis Elementary,853,Moore A,LEW04 AM,7:35:00 AM,7:29:27 AM,,7:29:27 AM,,,
9/12/2025 12:00:00 AM,Lewis Elementary,854,Williams M,LEW05 AM,7:35:00 AM,7:29:02 AM,,7:29:02 AM,,,
9/12/2025 12:00:00 AM,Marshall Elementary,860,Johnson T,MAR01 AM,7:35:00 AM,,,7:45:39 AM,,,
9/12/2025 12:00:00 AM,Marshall Elementary,861,Thomas D,MAR02 AM,7:35:00 AM,7:22:59 AM,,7:22:59 AM,,,
9/12/2025 12:00:00 AM,Marshall Elementary,862,Moore A,MAR03 AM,7:35:00 AM,7:11:01 AM,,7:11:01 AM,,,
9/12/2025 12:00:00 AM,Marshall Elementary,863,Moore A,MAR04 AM,7:35:00 AM,7:16:39 AM,,7:16:39 AM,,,
9/12/2025 12:00:00 AM,Marshall Elementary,864,Thomas D,MAR05 AM,7:35:00 AM,7:49:24 AM,,7:49:24 AM,,,
9/12/2025 12:00:00 AM,Reynolds Elementary,870,Moore A,REY01 AM,7:35:00 AM,7:18:01 AM,,7:18:01 AM,,,
9/12/2025 12:00:00 AM,Reynolds Elementary,871,Wilson J,REY02 AM,7:35:00 AM,7:14:39 AM,,7:14:39 AM,,,
9/12/2025 12:00:00 AM,Reynolds Elementary,872,Moore A,REY03 AM,7:35:00 AM,7:20:22 AM,,7:20:22 AM,,,
9/12/2025 12:00:00 AM,Reynolds Elementary,873,Thomas D,REY04 AM,7:35:00 AM,7:28:28 AM,,7:28:28 AM,,,
9/12/2025 12:00:00 AM,Reynolds Elementary,874,Taylor B,REY05 AM,7:35:00 AM,7:37:27 AM,,7:37:27 AM,,,
9/12/2025 12:00:00 AM,Westfield Middle School,880,Thomas D,WES01 AM,8:05:00 AM,7:41:33 AM,,7:41:33 AM,,,
9/12/2025 12:00:00 AM,Westfield Middle School,881,Thomas D,WES02 AM,8:05:00 AM,7:59:16 AM,,7:59:16 AM,,,
9/12/2025 12:00:00 AM,Westfield Middle School,882,Moore A,WES03 AM,8:05:00 AM,7:44:04 AM,,7:44:04 AM,,,
9/12/2025 12:00:00 AM,Westfield Middle School,883,Anderson C,WES04 AM,8:05:00 AM,7:47:57 AM,,7:47:57 AM,,,
9/12/2025 12:00:00 AM,Lakewood Middle School,890,Brown K,LAK01 AM,8:05:00 AM,7:46:35 AM,,7:46:35 AM,,,
9/12/2025 12:00:00 AM,Lakewood Middle School,891,Brown K,LAK02 AM,8:05:00 AM,,,7:46:57 AM,,,
9/12/2025 12:00:00 AM,Lakewood Middle School,892,Brown K,LAK03 AM,8:05:00 AM,7:41:53 AM,,7:41:53 AM,,,
9/12/2025 12:00:00 AM,Lakewood Middle School,893,Thomas D,LAK04 AM,8:05:00 AM,7:58:24 AM,,7:58:24 AM,,,
9/12/2025 12:00:00 AM,Riverside Middle School,900,Moore A,RIV01 AM,8:05:00 AM,7:46:41 AM,,7:46:41 AM,,,
9/12/2025 12:00:00 AM,Riverside Middle School,901,Moore A,RIV02 AM,8:05:00 AM,7:45:08 AM,,7:45:08 AM,,,
9/12/2025 12:00:00 AM,Riverside Middle School,902,Moore A,RIV03 AM,8:05:00 AM,,,7:52:12 AM,,,
9/12/2025 12:00:00 AM,Riverside Middle School,903,Thomas D,RIV04 AM,8:05:00 AM,7:56:41 AM,,7:56:41 AM,,,
9/12/2025 12:00:00 AM,Metro High School,910,Taylor B,MET01 AM,8:55:00 AM,8:39:56 AM,,8:39:56 AM,,,
9/12/2025 12:00:00 AM,Metro High School,911,Wilson J,MET02 AM,8:55:00 AM,8:36:58 AM,,8:36:58 AM,,,
9/12/2025 12:00:00 AM,Metro High School,912,Taylor B,MET03 AM,8:55:00 AM,8:40:12 AM,,8:40:12 AM,,,
9/12/2025 12:00:00 AM,Northgate High School,920,Johnson T,NOR01 AM,8:55:00 AM,8:44:40 AM,,8:44:40 AM,,,
9/12/2025 12:00:00 AM,Northgate High School,921,Wilson J,NOR02 AM,8:55:00 AM,8:34:37 AM,,8:34:37 AM,,,
9/12/2025 12:00:00 AM,Northgate High School,922,Thomas D,NOR03 AM,8:55:00 AM,8:46:59 AM,,8:46:59 AM,,,
9/15/2025 12:00:00 AM,Anderson Elementary,800,Davis R,AND01 AM,7:35:00 AM,7:18:17 AM,,7:18:17 AM,,,
9/15/2025 12:00:00 AM,Anderson Elementary,801,Brown K,AND02 AM,7:35:00 AM,7:12:16 AM,,7:12:16 AM,,,
9/15/2025 12:00:00 AM,Anderson Elementary,802,Williams M,AND03 AM,7:35:00 AM,7:25:59 AM,,7:25:59 AM,,,
9/15/2025 12:00:00 AM,Anderson Elementary,803,Taylor B,AND04 AM,7:35:00 AM,7:40:36 AM,,7:40:36 AM,,,
9/15/2025 12:00:00 AM,Anderson Elementary,804,Miller S,AND05 AM,7:35:00 AM,7:23:14 AM,,7:23:14 AM,,,
9/15/2025 12:00:00 AM,Bammel Elementary,810,Thomas D,BAM01 AM,7:35:00 AM,7:22:06 AM,,7:22:06 AM,,,
9/15/2025 12:00:00 AM,Bammel Elementary,811,Brown K,BAM02 AM,7:35:00 AM,7:47:34 AM,,7:47:34 AM,,,
9/15/2025 12:00:00 AM,Bammel Elementary,812,Thomas D,BAM03 AM,7:35:00 AM,7:28:49 AM,,7:28:49 AM,,,
9/15/2025 12:00:00 AM,Bammel Elementary,813,Wilson J,BAM04 AM,7:35:00 AM,7:23:31 AM,,7:23:31 AM,,,
9/15/2025 12:00:00 AM,Bammel Elementary,814,Davis R,BAM05 AM,7:35:00 AM,7:25:21 AM,,7:25:21 AM,,,
9/15/2025 12:00:00 AM,Cooper Elementary,820,Anderson C,COO01 AM,7:35:00 AM,7:28:59 AM,,7:28:59 AM,,,
9/15/2025 12:00:00 AM,Cooper Elementary,821,Wilson J,COO02 AM,7:35:00 AM,7:28:02 AM,,7:28:02 AM,,,
9/15/2025 12:00:00 AM,Cooper Elementary,822,Davis R,COO03 AM,7:35:00 AM,7:18:52 AM,,7:18:52 AM,,,
9/15/2025 12:00:00 AM,Cooper Elementary,823,Brown K,COO04 AM,7:35:00 AM,7:11:54 AM,,7:11:54 AM,,,
9/15/2025 12:00:00 AM,Cooper Elementary,824,Wilson J,COO05 AM,7:35:00 AM,7:15:51 AM,,7:15:51 AM,,,
9/15/2025 12:00:00 AM,Heritage Elementary,830,Miller S,HER01 AM,7:35:00 AM,7:24:15 AM,,7:24:15 AM,,,
9/15/2025 12:00:00 AM,Heritage Elementary,831,Brown K,HER02 AM,7:35:00 AM,7:28:18 AM,,7:28:18 AM,,,
9/15/2025 12:00:00 AM,Heritage Elementary,832,Thomas D,HER03 AM,7:35:00 AM,7:24:57 AM,,7:24:57 AM,,,
9/15/2025 12:00:00 AM,Heritage Elementary,833,Miller S,HER04 AM,7:35:00 AM,7:15:29 AM,,7:15:29 AM,,,
9/15/2025 12:00:00 AM,Heritage Elementary,834,Moore A,HER05 AM,7:35:00 AM,7:12:55 AM,,7:12:55 AM,,,
9/15/2025 12:00:00 AM,Jenkins Elementary,840,Johnson T,JEN01 AM,7:35:00 AM,7:39:32 AM,,7:39:32 AM,,,
9/15/2025 12:00:00 AM,Jenkins Elementary,841,Wilson J,JEN02 AM,7:35:00 AM,7:11:23 AM,,7:11:23 AM,,,
9/15/2025 12:00:00 AM,Jenkins Elementary,842,Anderson C,JEN03 AM,7:35:00 AM,7:18:56 AM,,7:18:56 AM,,,
9/15/2025 12:00:00 AM,Jenkins Elementary,843,Thomas D,JEN04 AM,7:35:00 AM,7:13:48 AM,,7:13:48 AM,,,
9/15/2025 12:00:00 AM,Jenkins Elementary,844,Moore A,JEN05 AM,7:35:00 AM,7:50:56 AM,,7:50:56 AM,,,
9/15/2025 12:00:00 AM,Lewis Elementary,850,Johnson T,LEW01 AM,7:35:00 AM,7:46:57 AM,,7:46:57 AM,,,
9/15/2025 12:00:00 AM,Lewis Elementary,851,Moore A,LEW02 AM,7:35:00 AM,7:29:04 AM,,7:29:04 AM,,,
9/15/2025 12:00:00 AM,Lewis Elementary,852,Thomas D,LEW03 AM,7:35:00 AM,7:15:37 AM,,7:15:37 AM,,,
9/15/2025 12:00:00 AM,Lewis Elementary,853,Wilson J,LEW04 AM,7:35:00 AM,,,7:11:05 AM,,,
9/15/2025 12:00:00 AM,Lewis Elementary,854,Miller S,LEW05 AM,7:35:00 AM,7:21:42 AM,,7:21:42 AM,,,
9/15/2025 12:00:00 AM,Marshall Elementary,860,Anderson C,MAR01 AM,7:35:00 AM,7:10:04 AM,,7:10:04 AM,,,
9/15/2025 12:00:00 AM,Marshall Elementary,861,Williams M,MAR02 AM,7:35:00 AM,7:41:07 AM,,7:41:07 AM,,,
9/15/2025 12:00:00 AM,Marshall Elementary,862,Williams M,MAR03 AM,7:35:00 AM,7:18:51 AM,,7:18:51 AM,,,
9/15/2025 12:00:00 AM,Marshall Elementary,863,Brown K,MAR04 AM,7:35:00 AM,7:25:33 AM,,7:25:33 AM,,,
9/15/2025 12:00:00 AM,Marshall Elementary,864,Moore A,MAR05 AM,7:35:00 AM,7:14:49 AM,,7:14:49 AM,,,
9/15/2025 12:00:00 AM,Reynolds Elementary,870,Davis R,REY01 AM,7:35:00 AM,7:15:35 AM,,7:15:35 AM,,,
9/15/2025 12:00:00 AM,Reynolds Elementary,871,Johnson T,REY02 AM,7:35:00 AM,7:30:42 AM,,7:30:42 AM,,,
9/15/2025 12:00:00 AM,Reynolds Elementary,872,Williams M,REY03 AM,7:35:00 AM,7:13:49 AM,,7:13:49 AM,,,
9/15/2025 12:00:00 AM,Reynolds Elementary,873,Johnson T,REY04 AM,7:35:00 AM,7:10:20 AM,,7:10:20 AM,,,
9/15/2025 12:00:00 AM,Reynolds Elementary,874,Brown K,REY05 AM,7:35:00 AM,7:18:09 AM,,7:18:09 AM,,,
9/15/2025 12:00:00 AM,Westfield Middle School,880,Johnson T,WES01 AM,8:05:00 AM,7:51:20 AM,,7:51:20 AM,,,
9/15/2025 12:00:00 AM,Westfield Middle School,881,Williams M,WES02 AM,8:05:00 AM,7:52:49 AM,,7:52:49 AM,,,
9/15/2025 12:00:00 AM,Westfield Middle School,882,Miller S,WES03 AM,8:05:00 AM,8:14:48 AM,,8:14:48 AM,,,
9/15/2025 12:00:00 AM,Westfield Middle School,883,Anderson C,WES04 AM,8:05:00 AM,7:57:57 AM,,7:57:57 AM,,,
9/15/2025 12:00:00 AM,Lakewood Middle School,890,Johnson T,LAK01 AM,8:05:00 AM,,,7:58:02 AM,,,
9/15/2025 12:00:00 AM,Lakewood Middle School,891,Thomas D,LAK02 AM,8:05:00 AM,8:20:50 AM,,8:20:50 AM,,,
9/15/2025 12:00:00 AM,Lakewood Middle School,892,Davis R,LAK03 AM,8:05:00 AM,7:56:10 AM,,7:56:10 AM,,,
9/15/2025 12:00:00 AM,Lakewood Middle School,893,Davis R,LAK04 AM,8:05:00 AM,7:53:03 AM,,7:53:03 AM,,,
9/15/2025 12:00:00 AM,Riverside Middle School,900,Moore A,RIV01 AM,8:05:00 AM,8:10:17 AM,,8:10:17 AM,,,
9/15/2025 12:00:00 AM,Riverside Middle School,901,Thomas D,RIV02 AM,8:05:00 AM,7:52:44 AM,,7:52:44 AM,,,
9/15/2025 12:00:00 AM,Riverside Middle School,902,Davis R,RIV03 AM,8:05:00 AM,7:58:43 AM,,7:58:43 AM,,,
9/15/2025 12:00:00 AM,Riverside Middle School,903,Johnson T,RIV04 AM,8:05:00 AM,7:50:13 AM,,7:50:13 AM,,,
9/15/2025 12:00:00 AM,Metro High School,910,Anderson C,MET01 AM,8:55:00 AM,8:36:42 AM,,8:36:42 AM,,,
9/15/2025 12:00:00 AM,Metro High School,911,Taylor B,MET02 AM,8:55:00 AM,9:02:03 AM,,9:02:03 AM,,,
9/15/2025 12:00:00 AM,Metro High School,912,Moore A,MET03 AM,8:55:00 AM,8:41:09 AM,,8:41:09 AM,,,
9/15/2025 12:00:00 AM,Northgate High School,920,Taylor B,NOR01 AM,8:55:00 AM,8:30:14 AM,,8:30:14 AM,,,
9/15/2025 12:00:00 AM,Northgate High School,921,Brown K,NOR02 AM,8:55:00 AM,8:43:41 AM,,8:43:41 AM,,,
9/15/2025 12:00:00 AM,Northgate High School,922,Miller S,NOR03 AM,8:55:00 AM,8:42:55 AM,,8:42:55 AM,,,
9/16/2025 12:00:00 AM,Anderson Elementary,800,Miller S,AND01 AM,7:35:00 AM,7:23:48 AM,,7:23:48 AM,,,
9/16/2025 12:00:00 AM,Anderson Elementary,801,Johnson T,AND02 AM,7:35:00 AM,7:30:20 AM,,7:30:20 AM,,,
9/16/2025 12:00:00 AM,Anderson Elementary,802,Miller S,AND03 AM,7:35:00 AM,7:17:16 AM,,7:17:16 AM,,,
9/16/2025 12:00:00 AM,Anderson Elementary,803,Thomas D,AND04 AM,7:35:00 AM,7:18:30 AM,,7:18:30 AM,,,
9/16/2025 12:00:00 AM,Anderson Elementary,804,Wilson J,AND05 AM,7:35:00 AM,,,7:15:06 AM,,,
9/16/2025 12:00:00 AM,Bammel Elementary,810,Taylor B,BAM01 AM,7:35:00 AM,7:28:06 AM,,7:28:06 AM,,,
9/16/2025 12:00:00 AM,Bammel Elementary,811,Johnson T,BAM02 AM,7:35:00 AM,7:12:26 AM,,7:12:26 AM,,,
9/16/2025 12:00:00 AM,Bammel Elementary,812,Davis R,BAM03 AM,7:35:00 AM,7:28:51 AM,,7:28:51 AM,,,
9/16/2025 12:00:00 AM,Bammel Elementary,813,Brown K,BAM04 AM,7:35:00 AM,7:30:59 AM,,7:30:59 AM,,,
9/16/2025 12:00:00 AM,Bammel Elementary,814,Thomas D,BAM05 AM,7:35:00 AM,7:17:44 AM,,7:17:44 AM,,,
9/16/2025 12:00:00 AM,Cooper Elementary,820,Thomas D,COO01 AM,7:35:00 AM,7:22:12 AM,,7:22:12 AM,,,
9/16/2025 12:00:00 AM,Cooper Elementary,821,Brown K,COO02 AM,7:35:00 AM,7:29:42 AM,,7:29:42 AM,,,
9/16/2025 12:00:00 AM,Cooper Elementary,822,Miller S,COO03 AM,7:35:00 AM,7:17:09 AM,,7:17:09 AM,,,
9/16/2025 12:00:00 AM,Cooper Elementary,823,Moore A,COO04 AM,7:35:00 AM,7:25:13 AM,,7:25:13 AM,,,
9/16/2025 12:00:00 AM,Cooper Elementary,824,Anderson C,COO05 AM,7:35:00 AM,7:14:57 AM,,7:14:57 AM,,,
9/16/2025 12:00:00 AM,Heritage Elementary,830,Thomas D,HER01 AM,7:35:00 AM,7:16:27 AM,,7:16:27 AM,,,
9/16/2025 12:00:00 AM,Heritage Elementary,831,Moore A,HER02 AM,7:35:00 AM,7:13:29 AM,,7:13:29 AM,,,
9/16/2025 12:00:00 AM,Heritage Elementary,832,Williams M,HER03 AM,7:35:00 AM,7:18:58 AM,,7:18:58 AM,,,
9/16/2025 12:00:00 AM,Heritage Elementary,833,Johnson T,HER04 AM,7:35:00 AM,7:11:34 AM,,7:11:34 AM,,,
9/16/2025 12:00:00 AM,Heritage Elementary,834,Wilson J,HER05 AM,7:35:00 AM,7:25:02 AM,,7:25:02 AM,,,
9/16/2025 12:00:00 AM,Jenkins Elementary,840,Thomas D,JEN01 AM,7:35:00 AM,7:17:46 AM,,7:17:46 AM,,,
9/16/2025 12:00:00 AM,Jenkins Elementary,841,Johnson T,JEN02 AM,7:35:00 AM,7:30:49 AM,,7:30:49 AM,,,
9/16/2025 12:00:00 AM,Jenkins Elementary,842,Williams M,JEN03 AM,7:35:00 AM,7:15:51 AM,,7:15:51 AM,,,
9/16/2025 12:00:00 AM,Jenkins Elementary,843,Brown K,JEN04 AM,7:35:00 AM,7:41:24 AM,,7:41:24 AM,,,
9/16/2025 12:00:00 AM,Jenkins Elementary,844,Brown K,JEN05 AM,7:35:00 AM,7:12:34 AM,,7:12:34 AM,,,
9/16/2025 12:00:00 AM,Lewis Elementary,850,Thomas D,LEW01 AM,7:35:00 AM,7:41:24 AM,,7:41:24 AM,,,
9/16/2025 12:00:00 AM,Lewis Elementary,851,Davis R,LEW02 AM,7:35:00 AM,7:10:21 AM,,7:10:21 AM,,,
9/16/2025 12:00:00 AM,Lewis Elementary,852,Brown K,LEW03 AM,7:35:00 AM,7:44:14 AM,,7:44:14 AM,,,
9/16/2025 12:00:00 AM,Lewis Elementary,853,Johnson T,LEW04 AM,7:35:00 AM,7:29:40 AM,,7:29:40 AM,,,
9/16/2025 12:00:00 AM,Lewis Elementary,854,Wilson J,LEW05 AM,7:35:00 AM,7:36:49 AM,,7:36:49 AM,,,
9/16/2025 12:00:00 AM,Marshall Elementary,860,Moore A,MAR01 AM,7:35:00 AM,7:14:07 AM,,7:14:07 AM,,,
9/16/2025 12:00:00 AM,Marshall Elementary,861,Taylor B,MAR02 AM,7:35:00 AM,7:23:33 AM,,7:23:33 AM,,,
9/16/2025 12:00:00 AM,Marshall Elementary,862,Moore A,MAR03 AM,7:35:00 AM,7:21:46 AM,,7:21:46 AM,,,
9/16/2025 12:00:00 AM,Marshall Elementary,863,Davis R,MAR04 AM,7:35:00 AM,7:48:45 AM,,7:48:45 AM,,,
9/16/2025 12:00:00 AM,Marshall Elementary,864,Johnson T,MAR05 AM,7:35:00 AM,7:40:40 AM,,7:40:40 AM,,,
9/16/2025 12:00:00 AM,Reynolds Elementary,870,Davis R,REY01 AM,7:35:00 AM,7:19:21 AM,,7:19:21 AM,,,
9/16/2025 12:00:00 AM,Reynolds Elementary,871,Miller S,REY02 AM,7:35:00 AM,7:22:55 AM,,7:22:55 AM,,,
9/16/2025 12:00:00 AM,Reynolds Elementary,872,Davis R,REY03 AM,7:35:00 AM,7:14:33 AM,,7:14:33 AM,,,
9/16/2025 12:00:00 AM,Reynolds Elementary,873,Wilson J,REY04 AM,7:35:00 AM,7:10:03 AM,,7:10:03 AM,,,
9/16/2025 12:00:00 AM,Reynolds Elementary,874,Anderson C,REY05 AM,7:35:00 AM,7:20:56 AM,,7:20:56 AM,,,
9/16/2025 12:00:00 AM,Westfield Middle School,880,Thomas D,WES01 AM,8:05:00 AM,7:46:46 AM,,7:46:46 AM,,,
9/16/2025 12:00:00 AM,Westfield Middle School,881,Davis R,WES02 AM,8:05:00 AM,7:40:20 AM,,7:40:20 AM,,,
9/16/2025 12:00:00 AM,Westfield Middle School,882,Thomas D,WES03 AM,8:05:00 AM,7:45:48 AM,,7:45:48 AM,,,
9/16/2025 12:00:00 AM,Westfield Middle School,883,Anderson C,WES04 AM,8:05:00 AM,8:06:58 AM,,8:06:58 AM,,,
9/16/2025 12:00:00 AM,Lakewood Middle School,890,Brown K,LAK01 AM,8:05:00 AM,,,7:45:21 AM,,,
9/16/2025 12:00:00 AM,Lakewood Middle School,891,Thomas D,LAK02 AM,8:05:00 AM,,,7:49:43 AM,,,
9/16/2025 12:00:00 AM,Lakewood Middle School,892,Johnson T,LAK03 AM,8:05:00 AM,7:41:04 AM,,7:41:04 AM,,,
9/16/2025 12:00:00 AM,Lakewood Middle School,893,Moore A,LAK04 AM,8:05:00 AM,,,7:49:48 AM,,,
9/16/2025 12:00:00 AM,Riverside Middle School,900,Thomas D,RIV01 AM,8:05:00 AM,7:56:04 AM,,7:56:04 AM,,,
9/16/2025 12:00:00 AM,Riverside Middle School,901,Miller S,RIV02 AM,8:05:00 AM,7:43:26 AM,,7:43:26 AM,,,
9/16/2025 12:00:00 AM,Riverside Middle School,902,Moore A,RIV03 AM,8:05:00 AM,7:59:33 AM,,7:59:33 AM,,,
9/16/2025 12:00:00 AM,Riverside Middle School,903,Davis R,RIV04 AM,8:05:00 AM,7:48:56 AM,,7:48:56 AM,,,
9/16/2025 12:00:00 AM,Metro High School,910,Brown K,MET01 AM,8:55:00 AM,8:42:57 AM,,8:42:57 AM,,,
9/16/2025 12:00:00 AM,Metro High School,911,Taylor B,MET02 AM,8:55:00 AM,8:33:41 AM,,8:33:41 AM,,,
9/16/2025 12:00:00 AM,Metro High School,912,Davis R,MET03 AM,8:55:00 AM,8:33:00 AM,,8:33:00 AM,,,
9/16/2025 12:00:00 AM,Northgate High School,920,Anderson C,NOR01 AM,8:55:00 AM,8:49:13 AM,,8:49:13 AM,,,
9/16/2025 12:00:00 AM,Northgate High School,921,Johnson T,NOR02 AM,8:55:00 AM,8:49:32 AM,,8:49:32 AM,,,
9/16/2025 12:00:00 AM,Northgate High School,922,Taylor B,NOR03 AM,8:55:00 AM,9:05:51 AM,,9:05:51 AM,,,
9/17/2025 12:00:00 AM,Anderson Elementary,800,Moore A,AND01 AM,7:35:00 AM,7:21:53 AM,,7:21:53 AM,,,
9/17/2025 12:00:00 AM,Anderson Elementary,801,Anderson C,AND02 AM,7:35:00 AM,7:13:50 AM,,7:13:50 AM,,,
9/17/2025 12:00:00 AM,Anderson Elementary,802,Johnson T,AND03 AM,7:35:00 AM,7:21:36 AM,,7:21:36 AM,,,
9/17/2025 12:00:00 AM,Anderson Elementary,803,Brown K,AND04 AM,7:35:00 AM,7:17:25 AM,,7:17:25 AM,,,
9/17/2025 12:00:00 AM,Anderson Elementary,804,Williams M,AND05 AM,7:35:00 AM,,,7:18:11 AM,,,
9/17/2025 12:00:00 AM,Bammel Elementary,810,Thomas D,BAM01 AM,7:35:00 AM,7:11:58 AM,,7:11:58 AM,,,
9/17/2025 12:00:00 AM,Bammel Elementary,811,Miller S,BAM02 AM,7:35:00 AM,7:50:22 AM,,7:50:22 AM,,,
9/17/2025 12:00:00 AM,Bammel Elementary,812,Brown K,BAM03 AM,7:35:00 AM,7:19:34 AM,,7:19:34 AM,,,
9/17/2025 12:00:00 AM,Bammel Elementary,813,Williams M,BAM04 AM,7:35:00 AM,7:39:00 AM,,7:39:00 AM,,,
9/17/2025 12:00:00 AM,Bammel Elementary,814,Anderson C,BAM05 AM,7:35:00 AM,7:20:59 AM,,7:20:59 AM,,,
9/17/2025 12:00:00 AM,Cooper Elementary,820,Miller S,COO01 AM,7:35:00 AM,7:22:40 AM,,7:22:40 AM,,,
9/17/2025 12:00:00 AM,Cooper Elementary,821,Anderson C,COO02 AM,7:35:00 AM,7:18:58 AM,,7:18:58 AM,,,
9/17/2025 12:00:00 AM,Cooper Elementary,822,Davis R,COO03 AM,7:35:00 AM,7:20:52 AM,,7:20:52 AM,,,
9/17/2025 12:00:00 AM,Cooper Elementary,823,Miller S,COO04 AM,7:35:00 AM,7:28:54 AM,,7:28:54 AM,,,
9/17/2025 12:00:00 AM,Cooper Elementary,824,Thomas D,COO05 AM,7:35:00 AM,7:46:26 AM,,7:46:26 AM,,,
9/17/2025 12:00:00 AM,Heritage Elementary,830,Taylor B,HER01 AM,7:35:00 AM,7:18:10 AM,,7:18:10 AM,,,
9/17/2025 12:00:00 AM,Heritage Elementary,831,Brown K,HER02 AM,7:35:00 AM,7:13:51 AM,,7:13:51 AM,,,
9/17/2025 12:00:00 AM,Heritage Elementary,832,Thomas D,HER03 AM,7:35:00 AM,7:11:04 AM,,7:11:04 AM,,,
9/17/2025 12:00:00 AM,Heritage Elementary,833,Davis R,HER04 AM,7:35:00 AM,7:23:05 AM,,7:23:05 AM,,,
9/17/2025 12:00:00 AM,Heritage Elementary,834,Taylor B,HER05 AM,7:35:00 AM,,,7:27:43 AM,,,
9/17/2025 12:00:00 AM,Jenkins Elementary,840,Moore A,JEN01 AM,7:35:00 AM,7:14:42 AM,,7:14:42 AM,,,
9/17/2025 12:00:00 AM,Jenkins Elementary,841,Williams M,JEN02 AM,7:35:00 AM,7:44:18 AM,,7:44:18 AM,,,
9/17/2025 12:00:00 AM,Jenkins Elementary,842,Moore A,JEN03 AM,7:35:00 AM,7:29:52 AM,,7:29:52 AM,,,
9/17/2025 12:00:00 AM,Jenkins Elementary,843,Williams M,JEN04 AM,7:35:00 AM,7:13:06 AM,,7:13:06 AM,,,
9/17/2025 12:00:00 AM,Jenkins Elementary,844,Johnson T,JEN05 AM,7:35:00 AM,7:46:05 AM,,7:46:05 AM,,,
9/17/2025 12:00:00 AM,Lewis Elementary,850,Moore A,LEW01 AM,7:35:00 AM,7:13:21 AM,,7:13:21 AM,,,
9/17/2025 12:00:00 AM,Lewis Elementary,851,Davis R,LEW02 AM,7:35:00 AM,7:44:15 AM,,7:44:15 AM,,,
9/17/2025 12:00:00 AM,Lewis Elementary,852,Taylor B,LEW03 AM,7:35:00 AM,7:36:31 AM,,7:36:31 AM,,,
9/17/2025 12:00:00 AM,Lewis Elementary,853,Taylor B,LEW04 AM,7:35:00 AM,7:18:55 AM,,7:18:55 AM,,,
9/17/2025 12:00:00 AM,Lewis Elementary,854,Johnson T,LEW05 AM,7:35:00 AM,7:26:05 AM,,7:26:05 AM,,,
9/17/2025 12:00:00 AM,Marshall Elementary,860,Wilson J,MAR01 AM,7:35:00 AM,7:20:34 AM,,7:20:34 AM,,,
9/17/2025 12:00:00 AM,Marshall Elementary,861,Brown K,MAR02 AM,7:35:00 AM,7:12:08 AM,,7:12:08 AM,,,
9/17/2025 12:00:00 AM,Marshall Elementary,862,Moore A,MAR03 AM,7:35:00 AM,7:13:18 AM,,7:13:18 AM,,,
9/17/2025 12:00:00 AM,Marshall Elementary,863,Davis R,MAR04 AM,7:35:00 AM,7:13:27 AM,,7:13:27 AM,,,
9/17/2025 12:00:00 AM,Marshall Elementary,864,Thomas D,MAR05 AM,7:35:00 AM,7:11:32 AM,,7:11:32 AM,,,
9/17/2025 12:00:00 AM,Reynolds Elementary,870,Johnson T,REY01 AM,7:35:00 AM,7:16:05 AM,,7:16:05 AM,,,
9/17/2025 12:00:00 AM,Reynolds Elementary,871,Brown K,REY02 AM,7:35:00 AM,7:11:28 AM,,7:11:28 AM,,,
9/17/2025 12:00:00 AM,Reynolds Elementary,872,Anderson C,REY03 AM,7:35:00 AM,7:13:09 AM,,7:13:09 AM,,,
9/17/2025 12:00:00 AM,Reynolds Elementary,873,Anderson C,REY04 AM,7:35:00 AM,,,7:17:20 AM,,,
9/17/2025 12:00:00 AM,Reynolds Elementary,874,Johnson T,REY05 AM,7:35:00 AM,7:30:42 AM,,7:30:42 AM,,,
9/17/2025 12:00:00 AM,Westfield Middle School,880,Johnson T,WES01 AM,8:05:00 AM,7:57:10 AM,,7:57:10 AM,,,
9/17/2025 12:00:00 AM,Westfield Middle School,881,Anderson C,WES02 AM,8:05:00 AM,7:42:25 AM,,7:42:25 AM,,,
9/17/2025 12:00:00 AM,Westfield Middle School,882,Anderson C,WES03 AM,8:05:00 AM,7:52:50 AM,,7:52:50 AM,,,
9/17/2025 12:00:00 AM,Westfield Middle School,883,Moore A,WES04 AM,8:05:00 AM,7:58:43 AM,,7:58:43 AM,,,
9/17/2025 12:00:00 AM,Lakewood Middle School,890,Wilson J,LAK01 AM,8:05:00 AM,7:42:10 AM,,7:42:10 AM,,,
9/17/2025 12:00:00 AM,Lakewood Middle School,891,Davis R,LAK02 AM,8:05:00 AM,7:44:06 AM,,7:44:06 AM,,,
9/17/2025 12:00:00 AM,Lakewood Middle School,892,Anderson C,LAK03 AM,8:05:00 AM,7:41:20 AM,,7:41:20 AM,,,
9/17/2025 12:00:00 AM,Lakewood Middle School,893,Anderson C,LAK04 AM,8:05:00 AM,7:58:59 AM,,7:58:59 AM,,,
9/17/2025 12:00:00 AM,Riverside Middle School,900,Davis R,RIV01 AM,8:05:00 AM,7:59:05 AM,,7:59:05 AM,,,
9/17/2025 12:00:00 AM,Riverside Middle School,901,Wilson J,RIV02 AM,8:05:00 AM,7:54:46 AM,,7:54:46 AM,,,
9/17/2025 12:00:00 AM,Riverside Middle School,902,Davis R,RIV03 AM,8:05:00 AM,7:46:54 AM,,7:46:54 AM,,,
9/17/2025 12:00:00 AM,Riverside Middle School,903,Williams M,RIV04 AM,8:05:00 AM,7:49:11 AM,,7:49:11 AM,,,
9/17/2025 12:00:00 AM,Metro High School,910,Johnson T,MET01 AM,8:55:00 AM,8:46:48 AM,,8:46:48 AM,,,
9/17/2025 12:00:00 AM,Metro High School,911,Brown K,MET02 AM,8:55:00 AM,9:10:21 AM,,9:10:21 AM,,,
9/17/2025 12:00:00 AM,Metro High School,912,Taylor B,MET03 AM,8:55:00 AM,8:42:19 AM,,8:42:19 AM,,,
9/17/2025 12:00:00 AM,Northgate High School,920,Wilson J,NOR01 AM,8:55:00 AM,8:37:23 AM,,8:37:23 AM,,,
9/17/2025 12:00:00 AM,Northgate High School,921,Thomas D,NOR02 AM,8:55:00 AM,8:48:51 AM,,8:48:51 AM,,,
9/17/2025 12:00:00 AM,Northgate High School,922,Miller S,NOR03 AM,8:55:00 AM,8:43:37 AM,,8:43:37 AM,,,
9/18/2025 12:00:00 AM,Anderson Elementary,800,Wilson J,AND01 AM,7:35:00 AM,,,7:28:30 AM,,,
9/18/2025 12:00:00 AM,Anderson Elementary,801,Brown K,AND02 AM,7:35:00 AM,7:21:19 AM,,7:21:19 AM,,,
9/18/2025 12:00:00 AM,Anderson Elementary,802,Taylor B,AND03 AM,7:35:00 AM,7:47:59 AM,,7:47:59 AM,,,
9/18/2025 12:00:00 AM,Anderson Elementary,803,Johnson T,AND04 AM,7:35:00 AM,7:14:47 AM,,7:14:47 AM,,,
9/18/2025 12:00:00 AM,Anderson Elementary,804,Anderson C,AND05 AM,7:35:00 AM,7:27:47 AM,,7:27:47 AM,,,
9/18/2025 12:00:00 AM,Bammel Elementary,810,Miller S,BAM01 AM,7:35:00 AM,7:29:24 AM,,7:29:24 AM,,,
9/18/2025 12:00:00 AM,Bammel Elementary,811,Wilson J,BAM02 AM,7:35:00 AM,7:25:49 AM,,7:25:49 AM,,,
9/18/2025 12:00:00 AM,Bammel Elementary,812,Taylor B,BAM03 AM,7:35:00 AM,7:19:35 AM,,7:19:35 AM,,,
9/18/2025 12:00:00 AM,Bammel Elementary,813,Anderson C,BAM04 AM,7:35:00 AM,7:49:42 AM,,7:49:42 AM,,,
9/18/2025 12:00:00 AM,Bammel Elementary,814,Brown K,BAM05 AM,7:35:00 AM,7:27:41 AM,,7:27:41 AM,,,
9/18/2025 12:00:00 AM,Cooper Elementary,820,Thomas D,COO01 AM,7:35:00 AM,7:25:53 AM,,7:25:53 AM,,,
9/18/2025 12:00:00 AM,Cooper Elementary,821,Moore A,COO02 AM,7:35:00 AM,7:27:46 AM,,7:27:46 AM,,,
9/18/2025 12:00:00 AM,Cooper Elementary,822,Brown K,COO03 AM,7:35:00 AM,7:25:20 AM,,7:25:20 AM,,,
9/18/2025 12:00:00 AM,Cooper Elementary,823,Moore A,COO04 AM,7:35:00 AM,7:10:29 AM,,7:10:29 AM,,,
9/18/2025 12:00:00 AM,Cooper Elementary,824,Wilson J,COO05 AM,7:35:00 AM,7:22:36 AM,,7:22:36 AM,,,
9/18/2025 12:00:00 AM,Heritage Elementary,830,Thomas D,HER01 AM,7:35:00 AM,7:25:36 AM,,7:25:36 AM,,,
9/18/2025 12:00:00 AM,Heritage Elementary,831,Anderson C,HER02 AM,7:35:00 AM,7:27:13 AM,,7:27:13 AM,,,
9/18/2025 12:00:00 AM,Heritage Elementary,832,Johnson T,HER03 AM,7:35:00 AM,7:27:08 AM,,7:27:08 AM,,,
9/18/2025 12:00:00 AM,Heritage Elementary,833,Johnson T,HER04 AM,7:35:00 AM,7:13:31 AM,,7:13:31 AM,,,
9/18/2025 12:00:00 AM,Heritage Elementary,834,Wilson J,HER05 AM,7:35:00 AM,7:19:11 AM,,7:19:11 AM,,,
9/18/2025 12:00:00 AM,Jenkins Elementary,840,Johnson T,JEN01 AM,7:35:00 AM,7:21:15 AM,,7:21:15 AM,,,
9/18/2025 12:00:00 AM,Jenkins Elementary,841,Brown K,JEN02 AM,7:35:00 AM,7:49:46 AM,,7:49:46 AM,,,
9/18/2025 12:00:00 AM,Jenkins Elementary,842,Wilson J,JEN03 AM,7:35:00 AM,7:28:19 AM,,7:28:19 AM,,,
9/18/2025 12:00:00 AM,Jenkins Elementary,843,Johnson T,JEN04 AM,7:35:00 AM,7:15:05 AM,,7:15:05 AM,,,
9/18/2025 12:00:00 AM,Jenkins Elementary,844,Brown K,JEN05 AM,7:35:00 AM,7:25:07 AM,,7:25:07 AM,,,
9/18/2025 12:00:00 AM,Lewis Elementary,850,Williams M,LEW01 AM,7:35:00 AM,7:18:25 AM,,7:18:25 AM,,,
9/18/2025 12:00:00 AM,Lewis Elementary,851,Anderson C,LEW02 AM,7:35:00 AM,7:23:12 AM,,7:23:12 AM,,,
9/18/2025 12:00:00 AM,Lewis Elementary,852,Johnson T,LEW03 AM,7:35:00 AM,7:16:41 AM,,7:16:41 AM,,,
9/18/2025 12:00:00 AM,Lewis Elementary,853,Williams M,LEW04 AM,7:35:00 AM,7:13:43 AM,,7:13:43 AM,,,
9/18/2025 12:00:00 AM,Lewis Elementary,854,Brown K,LEW05 AM,7:35:00 AM,,,7:20:12 AM,,,
9/18/2025 12:00:00 AM,Marshall Elementary,860,Johnson T,MAR01 AM,7:35:00 AM,7:39:45 AM,,7:39:45 AM,,,
9/18/2025 12:00:00 AM,Marshall Elementary,861,Williams M,MAR02 AM,7:35:00 AM,7:16:07 AM,,7:16:07 AM,,,
9/18/2025 12:00:00 AM,Marshall Elementary,862,Brown K,MAR03 AM,7:35:00 AM,7:30:16 AM,,7:30:16 AM,,,
9/18/2025 12:00:00 AM,Marshall Elementary,863,Thomas D,MAR04 AM,7:35:00 AM,7:23:35 AM,,7:23:35 AM,,,
9/18/2025 12:00:00 AM,Marshall Elementary,864,Moore A,MAR05 AM,7:35:00 AM,7:36:26 AM,,7:36:26 AM,,,
9/18/2025 12:00:00 AM,Reynolds Elementary,870,Brown K,REY01 AM,7:35:00 AM,,,7:10:02 AM,,,
9/18/2025 12:00:00 AM,Reynolds Elementary,871,Thomas D,REY02 AM,7:35:00 AM,7:46:28 AM,,7:46:28 AM,,,
9/18/2025 12:00:00 AM,Reynolds Elementary,872,Miller S,REY03 AM,7:35:00 AM,7:25:15 AM,,7:25:15 AM,,,
9/18/2025 12:00:00 AM,Reynolds Elementary,873,Anderson C,REY04 AM,7:35:00 AM,7:27:51 AM,,7:27:51 AM,,,
9/18/2025 12:00:00 AM,Reynolds Elementary,874,Taylor B,REY05 AM,7:35:00 AM,7:28:31 AM,,7:28:31 AM,,,
9/18/2025 12:00:00 AM,Westfield Middle School,880,Williams M,WES01 AM,8:05:00 AM,8:00:55 AM,,8:00:55 AM,,,
9/18/2025 12:00:00 AM,Westfield Middle School,881,Williams M,WES02 AM,8:05:00 AM,7:46:45 AM,,7:46:45 AM,,,
9/18/2025 12:00:00 AM,Westfield Middle School,882,Miller S,WES03 AM,8:05:00 AM,7:48:11 AM,,7:48:11 AM,,,
9/18/2025 12:00:00 AM,Westfield Middle School,883,Wilson J,WES04 AM,8:05:00 AM,7:47:38 AM,,7:47:38 AM,,,
9/18/2025 12:00:00 AM,Lakewood Middle School,890,Moore A,LAK01 AM,8:05:00 AM,7:46:59 AM,,7:46:59 AM,,,
9/18/2025 12:00:00 AM,Lakewood Middle School,891,Davis R,LAK02 AM,8:05:00 AM,,,7:45:25 AM,,,
9/18/2025 12:00:00 AM,Lakewood Middle School,892,Williams M,LAK03 AM,8:05:00 AM,7:59:28 AM,,7:59:28 AM,,,
9/18/2025 12:00:00 AM,Lakewood Middle School,893,Davis R,LAK04 AM,8:05:00 AM,7:43:04 AM,,7:43:04 AM,,,
9/18/2025 12:00:00 AM,Riverside Middle School,900,Wilson J,RIV01 AM,8:05:00 AM,7:58:20 AM,,7:58:20 AM,,,
9/18/2025 12:00:00 AM,Riverside Middle School,901,Thomas D,RIV02 AM,8:05:00 AM,7:48:50 AM,,7:48:50 AM,,,
9/18/2025 12:00:00 AM,Riverside Middle School,902,Williams M,RIV03 AM,8:05:00 AM,7:48:38 AM,,7:48:38 AM,,,
9/18/2025 12:00:00 AM,Riverside Middle School,903,Johnson T,RIV04 AM,8:05:00 AM,7:42:17 AM,,7:42:17 AM,,,
9/18/2025 12:00:00 AM,Metro High School,910,Thomas D,MET01 AM,8:55:00 AM,8:32:36 AM,,8:32:36 AM,,,
9/18/2025 12:00:00 AM,Metro High School,911,Moore A,MET02 AM,8:55:00 AM,,,9:07:03 AM,,,
9/18/2025 12:00:00 AM,Metro High School,912,Johnson T,MET03 AM,8:55:00 AM,9:06:42 AM,,9:06:42 AM,,,
9/18/2025 12:00:00 AM,Northgate High School,920,Wilson J,NOR01 AM,8:55:00 AM,8:31:36 AM,,8:31:36 AM,,,
9/18/2025 12:00:00 AM,Northgate High School,921,Taylor B,NOR02 AM,8:55:00 AM,9:07:53 AM,,9:07:53 AM,,,
9/18/2025 12:00:00 AM,Northgate High School,922,Moore A,NOR03 AM,8:55:00 AM,8:41:34 AM,,8:41:34 AM,,,
9/19/2025 12:00:00 AM,Anderson Elementary,800,Taylor B,AND01 AM,7:35:00 AM,7:41:28 AM,,7:41:28 AM,,,
9/19/2025 12:00:00 AM,Anderson Elementary,801,Wilson J,AND02 AM,7:35:00 AM,7:28:53 AM,,7:28:53 AM,,,
9/19/2025 12:00:00 AM,Anderson Elementary,802,Brown K,AND03 AM,7:35:00 AM,7:15:43 AM,,7:15:43 AM,,,
9/19/2025 12:00:00 AM,Anderson Elementary,803,Taylor B,AND04 AM,7:35:00 AM,7:18:37 AM,,7:18:37 AM,,,
9/19/2025 12:00:00 AM,Anderson Elementary,804,Williams M,AND05 AM,7:35:00 AM,7:28:50 AM,,7:28:50 AM,,,
9/19/2025 12:00:00 AM,Bammel Elementary,810,Taylor B,BAM01 AM,7:35:00 AM,7:13:35 AM,,7:13:35 AM,,,
9/19/2025 12:00:00 AM,Bammel Elementary,811,Miller S,BAM02 AM,7:35:00 AM,7:11:59 AM,,7:11:59 AM,,,
9/19/2025 12:00:00 AM,Bammel Elementary,812,Thomas D,BAM03 AM,7:35:00 AM,7:22:28 AM,,7:22:28 AM,,,
9/19/2025 12:00:00 AM,Bammel Elementary,813,Brown K,BAM04 AM,7:35:00 AM,7:41:37 AM,,7:41:37 AM,,,
9/19/2025 12:00:00 AM,Bammel Elementary,814,Davis R,BAM05 AM,7:35:00 AM,7:18:34 AM,,7:18:34 AM,,,
9/19/2025 12:00:00 AM,Cooper Elementary,820,Brown K,COO01 AM,7:35:00 AM,7:48:33 AM,,7:48:33 AM,,,
9/19/2025 12:00:00 AM,Cooper Elementary,821,Davis R,COO02 AM,7:35:00 AM,7:37:37 AM,,7:37:37 AM,,,
9/19/2025 12:00:00 AM,Cooper Elementary,822,Moore A,COO03 AM,7:35:00 AM,7:24:30 AM,,7:24:30 AM,,,
9/19/2025 12:00:00 AM,Cooper Elementary,823,Anderson C,COO04 AM,7:35:00 AM,7:20:49 AM,,7:20:49 AM,,,
9/19/2025 12:00:00 AM,Cooper Elementary,824,Williams M,COO05 AM,7:35:00 AM,7:17:20 AM,,7:17:20 AM,,,
9/19/2025 12:00:00 AM,Heritage Elementary,830,Williams M,HER01 AM,7:35:00 AM,7:15:57 AM,,7:15:57 AM,,,
9/19/2025 12:00:00 AM,Heritage Elementary,831,Anderson C,HER02 AM,7:35:00 AM,7:13:34 AM,,7:13:34 AM,,,
9/19/2025 12:00:00 AM,Heritage Elementary,832,Miller S,HER03 AM,7:35:00 AM,7:27:50 AM,,7:27:50 AM,,,
9/19/2025 12:00:00 AM,Heritage Elementary,833,Moore A,HER04 AM,7:35:00 AM,7:13:39 AM,,7:13:39 AM,,,
9/19/2025 12:00:00 AM,Heritage Elementary,834,Anderson C,HER05 AM,7:35:00 AM,7:21:44 AM,,7:21:44 AM,,,
9/19/2025 12:00:00 AM,Jenkins Elementary,840,Williams M,JEN01 AM,7:35:00 AM,7:11:43 AM,,7:11:43 AM,,,
9/19/2025 12:00:00 AM,Jenkins Elementary,841,Williams M,JEN02 AM,7:35:00 AM,7:17:43 AM,,7:17:43 AM,,,
9/19/2025 12:00:00 AM,Jenkins Elementary,842,Davis R,JEN03 AM,7:35:00 AM,7:10:08 AM,,7:10:08 AM,,,
9/19/2025 12:00:00 AM,Jenkins Elementary,843,Johnson T,JEN04 AM,7:35:00 AM,7:10:36 AM,,7:10:36 AM,,,
9/19/2025 12:00:00 AM,Jenkins Elementary,844,Moore A,JEN05 AM,7:35:00 AM,7:46:55 AM,,7:46:55 AM,,,
9/19/2025 12:00:00 AM,Lewis Elementary,850,Brown K,LEW01 AM,7:35:00 AM,7:21:20 AM,,7:21:20 AM,,,
9/19/2025 12:00:00 AM,Lewis Elementary,851,Miller S,LEW02 AM,7:35:00 AM,7:23:12 AM,,7:23:12 AM,,,
9/19/2025 12:00:00 AM,Lewis Elementary,852,Moore A,LEW03 AM,7:35:00 AM,7:48:08 AM,,7:48:08 AM,,,
9/19/2025 12:00:00 AM,Lewis Elementary,853,Wilson J,LEW04 AM,7:35:00 AM,7:19:14 AM,,7:19:14 AM,,,
9/19/2025 12:00:00 AM,Lewis Elementary,854,Brown K,LEW05 AM,7:35:00 AM,7:16:27 AM,,7:16:27 AM,,,
9/19/2025 12:00:00 AM,Marshall Elementary,860,Williams M,MAR01 AM,7:35:00 AM,7:27:05 AM,,7:27:05 AM,,,
9/19/2025 12:00:00 AM,Marshall Elementary,861,Anderson C,MAR02 AM,7:35:00 AM,7:29:00 AM,,7:29:00 AM,,,
9/19/2025 12:00:00 AM,Marshall Elementary,862,Taylor B,MAR03 AM,7:35:00 AM,7:38:12 AM,,7:38:12 AM,,,
9/19/2025 12:00:00 AM,Marshall Elementary,863,Miller S,MAR04 AM,7:35:00 AM,7:17:50 AM,,7:17:50 AM,,,
9/19/2025 12:00:00 AM,Marshall Elementary,864,Davis R,MAR05 AM,7:35:00 AM,7:23:47 AM,,7:23:47 AM,,,
9/19/2025 12:00:00 AM,Reynolds Elementary,870,Anderson C,REY01 AM,7:35:00 AM,7:13:22 AM,,7:13:22 AM,,,
9/19/2025 12:00:00 AM,Reynolds Elementary,871,Anderson C,REY02 AM,7:35:00 AM,7:23:32 AM,,7:23:32 AM,,,
9/19/2025 12:00:00 AM,Reynolds Elementary,872,Miller S,REY03 AM,7:35:00 AM,7:21:41 AM,,7:21:41 AM,,,
9/19/2025 12:00:00 AM,Reynolds Elementary,873,Taylor B,REY04 AM,7:35:00 AM,7:13:39 AM,,7:13:39 AM,,,
9/19/2025 12:00:00 AM,Reynolds Elementary,874,Moore A,REY05 AM,7:35:00 AM,7:23:42 AM,,7:23:42 AM,,,
9/19/2025 12:00:00 AM,Westfield Middle School,880,Brown K,WES01 AM,8:05:00 AM,8:20:30 AM,,8:20:30 AM,,,
9/19/2025 12:00:00 AM,Westfield Middle School,881,Johnson T,WES02 AM,8:05:00 AM,,,7:42:50 AM,,,
9/19/2025 12:00:00 AM,Westfield Middle School,882,Thomas D,WES03 AM,8:05:00 AM,8:11:54 AM,,8:11:54 AM,,,
9/19/2025 12:00:00 AM,Westfield Middle School,883,Williams M,WES04 AM,8:05:00 AM,7:48:28 AM,,7:48:28 AM,,,
9/19/2025 12:00:00 AM,Lakewood Middle School,890,Miller S,LAK01 AM,8:05:00 AM,7:49:16 AM,,7:49:16 AM,,,
9/19/2025 12:00:00 AM,Lakewood Middle School,891,Thomas D,LAK02 AM,8:05:00 AM,7:46:45 AM,,7:46:45 AM,,,
9/19/2025 12:00:00 AM,Lakewood Middle School,892,Thomas D,LAK03 AM,8:05:00 AM,7:43:29 AM,,7:43:29 AM,,,
9/19/2025 12:00:00 AM,Lakewood Middle School,893,Thomas D,LAK04 AM,8:05:00 AM,7:42:33 AM,,7:42:33 AM,,,
9/19/2025 12:00:00 AM,Riverside Middle School,900,Thomas D,RIV01 AM,8:05:00 AM,7:45:06 AM,,7:45:06 AM,,,
9/19/2025 12:00:00 AM,Riverside Middle School,901,Thomas D,RIV02 AM,8:05:00 AM,7:48:45 AM,,7:48:45 AM,,,
9/19/2025 12:00:00 AM,Riverside Middle School,902,Brown K,RIV03 AM,8:05:00 AM,7:53:36 AM,,7:53:36 AM,,,
9/19/2025 12:00:00 AM,Riverside Middle School,903,Brown K,RIV04 AM,8:05:00 AM,8:15:13 AM,,8:15:13 AM,,,
9/19/2025 12:00:00 AM,Metro High School,910,Brown K,MET01 AM,8:55:00 AM,8:47:00 AM,,8:47:00 AM,,,
9/19/2025 12:00:00 AM,Metro High School,911,Moore A,MET02 AM,8:55:00 AM,8:50:32 AM,,8:50:32 AM,,,
9/19/2025 12:00:00 AM,Metro High School,912,Johnson T,MET03 AM,8:55:00 AM,8:41:12 AM,,8:41:12 AM,,,
9/19/2025 12:00:00 AM,Northgate High School,920,Wilson J,NOR01 AM,8:55:00 AM,8:30:05 AM,,8:30:05 AM,,,
9/19/2025 12:00:00 AM,Northgate High School,921,Brown K,NOR02 AM,8:55:00 AM,8:41:26 AM,,8:41:26 AM,,,
9/19/2025 12:00:00 AM,Northgate High School,922,Johnson T,NOR03 AM,8:55:00 AM,8:38:58 AM,,8:38:58 AM,,,
9/22/2025 12:00:00 AM,Anderson Elementary,800,Williams M,AND01 AM,7:35:00 AM,7:29:27 AM,,7:29:27 AM,,,
9/22/2025 12:00:00 AM,Anderson Elementary,801,Wilson J,AND02 AM,7:35:00 AM,7:28:45 AM,,7:28:45 AM,,,
9/22/2025 12:00:00 AM,Anderson Elementary,802,Thomas D,AND03 AM,7:35:00 AM,7:11:30 AM,,7:11:30 AM,,,
9/22/2025 12:00:00 AM,Anderson Elementary,803,Davis R,AND04 AM,7:35:00 AM,7:26:24 AM,,7:26:24 AM,,,
9/22/2025 12:00:00 AM,Anderson Elementary,804,Davis R,AND05 AM,7:35:00 AM,7:13:35 AM,,7:13:35 AM,,,
9/22/2025 12:00:00 AM,Bammel Elementary,810,Wilson J,BAM01 AM,7:35:00 AM,7:12:27 AM,,7:12:27 AM,,,
9/22/2025 12:00:00 AM,Bammel Elementary,811,Brown K,BAM02 AM,7:35:00 AM,7:28:08 AM,,7:28:08 AM,,,
9/22/2025 12:00:00 AM,Bammel Elementary,812,Johnson T,BAM03 AM,7:35:00 AM,7:28:35 AM,,7:28:35 AM,,,
9/22/2025 12:00:00 AM,Bammel Elementary,813,Wilson J,BAM04 AM,7:35:00 AM,7:37:29 AM,,7:37:29 AM,,,
9/22/2025 12:00:00 AM,Bammel Elementary,814,Brown K,BAM05 AM,7:35:00 AM,7:37:34 AM,,7:37:34 AM,,,
9/22/2025 12:00:00 AM,Cooper Elementary,820,Miller S,COO01 AM,7:35:00 AM,7:26:38 AM,,7:26:38 AM,,,
9/22/2025 12:00:00 AM,Cooper Elementary,821,Wilson J,COO02 AM,7:35:00 AM,7:26:06 AM,,7:26:06 AM,,,
9/22/2025 12:00:00 AM,Cooper Elementary,822,Anderson C,COO03 AM,7:35:00 AM,7:12:09 AM,,7:12:09 AM,,,
9/22/2025 12:00:00 AM,Cooper Elementary,823,Moore A,COO04 AM,7:35:00 AM,7:20:26 AM,,7:20:26 AM,,,
9/22/2025 12:00:00 AM,Cooper Elementary,824,Anderson C,COO05 AM,7:35:00 AM,7:13:39 AM,,7:13:39 AM,,,
9/22/2025 12:00:00 AM,Heritage Elementary,830,Brown K,HER01 AM,7:35:00 AM,7:16:15 AM,,7:16:15 AM,,,
9/22/2025 12:00:00 AM,Heritage Elementary,831,Taylor B,HER02 AM,7:35:00 AM,7:19:35 AM,,7:19:35 AM,,,
9/22/2025 12:00:00 AM,Heritage Elementary,832,Williams M,HER03 AM,7:35:00 AM,7:46:05 AM,,7:46:05 AM,,,
9/22/2025 12:00:00 AM,Heritage Elementary,833,Thomas D,HER04 AM,7:35:00 AM,7:29:02 AM,,7:29:02 AM,,,
9/22/2025 12:00:00 AM,Heritage Elementary,834,Williams M,HER05 AM,7:35:00 AM,7:12:50 AM,,7:12:50 AM,,,
9/22/2025 12:00:00 AM,Jenkins Elementary,840,Moore A,JEN01 AM,7:35:00 AM,7:12:13 AM,,7:12:13 AM,,,
9/22/2025 12:00:00 AM,Jenkins Elementary,841,Williams M,JEN02 AM,7:35:00 AM,7:48:46 AM,,7:48:46 AM,,,
9/22/2025 12:00:00 AM,Jenkins Elementary,842,Williams M,JEN03 AM,7:35:00 AM,7:20:02 AM,,7:20:02 AM,,,
9/22/2025 12:00:00 AM,Jenkins Elementary,843,Miller S,JEN04 AM,7:35:00 AM,7:19:28 AM,,7:19:28 AM,,,
9/22/2025 12:00:00 AM,Jenkins Elementary,844,Miller S,JEN05 AM,7:35:00 AM,7:42:02 AM,,7:42:02 AM,,,
9/22/2025 12:00:00 AM,Lewis Elementary,850,Anderson C,LEW01 AM,7:35:00 AM,7:13:19 AM,,7:13:19 AM,,,
9/22/2025 12:00:00 AM,Lewis Elementary,851,Johnson T,LEW02 AM,7:35:00 AM,7:29:28 AM,,7:29:28 AM,,,
9/22/2025 12:00:00 AM,Lewis Elementary,852,Wilson J,LEW03 AM,7:35:00 AM,7:38:13 AM,,7:38:13 AM,,,
9/22/2025 12:00:00 AM,Lewis Elementary,853,Taylor B,LEW04 AM,7:35:00 AM,,,7:23:06 AM,,,
9/22/2025 12:00:00 AM,Lewis Elementary,854,Anderson C,LEW05 AM,7:35:00 AM,7:37:38 AM,,7:37:38 AM,,,
9/22/2025 12:00:00 AM,Marshall Elementary,860,Brown K,MAR01 AM,7:35:00 AM,7:30:25 AM,,7:30:25 AM,,,
9/22/2025 12:00:00 AM,Marshall Elementary,861,Williams M,MAR02 AM,7:35:00 AM,7:25:28 AM,,7:25:28 AM,,,
9/22/2025 12:00:00 AM,Marshall Elementary,862,Johnson T,MAR03 AM,7:35:00 AM,7:27:21 AM,,7:27:21 AM,,,
9/22/2025 12:00:00 AM,Marshall Elementary,863,Taylor B,MAR04 AM,7:35:00 AM,,,7:11:02 AM,,,
9/22/2025 12:00:00 AM,Marshall Elementary,864,Brown K,MAR05 AM,7:35:00 AM,7:13:03 AM,,7:13:03 AM,,,
9/22/2025 12:00:00 AM,Reynolds Elementary,870,Johnson T,REY01 AM,7:35:00 AM,7:40:43 AM,,7:40:43 AM,,,
9/22/2025 12:00:00 AM,Reynolds Elementary,871,Miller S,REY02 AM,7:35:00 AM,7:29:56 AM,,7:29:56 AM,,,
9/22/2025 12:00:00 AM,Reynolds Elementary,872,Thomas D,REY03 AM,7:35:00 AM,7:39:41 AM,,7:39:41 AM,,,
9/22/2025 12:00:00 AM,Reynolds Elementary,873,Wilson J,REY04 AM,7:35:00 AM,7:20:09 AM,,7:20:09 AM,,,
9/22/2025 12:00:00 AM,Reynolds Elementary,874,Johnson T,REY05 AM,7:35:00 AM,7:17:58 AM,,7:17:58 AM,,,
9/22/2025 12:00:00 AM,Westfield Middle School,880,Davis R,WES01 AM,8:05:00 AM,8:14:17 AM,,8:14:17 AM,,,
9/22/2025 12:00:00 AM,Westfield Middle School,881,Thomas D,WES02 AM,8:05:00 AM,7:49:55 AM,,7:49:55 AM,,,
9/22/2025 12:00:00 AM,Westfield Middle School,882,Wilson J,WES03 AM,8:05:00 AM,7:55:40 AM,,7:55:40 AM,,,
9/22/2025 12:00:00 AM,Westfield Middle School,883,Miller S,WES04 AM,8:05:00 AM,7:43:16 AM,,7:43:16 AM,,,
9/22/2025 12:00:00 AM,Lakewood Middle School,890,Davis R,LAK01 AM,8:05:00 AM,,,7:55:36 AM,,,
9/22/2025 12:00:00 AM,Lakewood Middle School,891,Johnson T,LAK02 AM,8:05:00 AM,7:43:35 AM,,7:43:35 AM,,,
9/22/2025 12:00:00 AM,Lakewood Middle School,892,Moore A,LAK03 AM,8:05:00 AM,7:56:39 AM,,7:56:39 AM,,,
9/22/2025 12:00:00 AM,Lakewood Middle School,893,Anderson C,LAK04 AM,8:05:00 AM,7:42:55 AM,,7:42:55 AM,,,
9/22/2025 12:00:00 AM,Riverside Middle School,900,Davis R,RIV01 AM,8:05:00 AM,,,7:54:29 AM,,,
9/22/2025 12:00:00 AM,Riverside Middle School,901,Johnson T,RIV02 AM,8:05:00 AM,7:56:00 AM,,7:56:00 AM,,,
9/22/2025 12:00:00 AM,Riverside Middle School,902,Brown K,RIV03 AM,8:05:00 AM,7:55:06 AM,,7:55:06 AM,,,
9/22/2025 12:00:00 AM,Riverside Middle School,903,Williams M,RIV04 AM,8:05:00 AM,,,7:45:36 AM,,,
9/22/2025 12:00:00 AM,Metro High School,910,Anderson C,MET01 AM,8:55:00 AM,8:33:35 AM,,8:33:35 AM,,,
9/22/2025 12:00:00 AM,Metro High School,911,Williams M,MET02 AM,8:55:00 AM,8:34:02 AM,,8:34:02 AM,,,
9/22/2025 12:00:00 AM,Metro High School,912,Davis R,MET03 AM,8:55:00 AM,8:38:38 AM,,8:38:38 AM,,,
9/22/2025 12:00:00 AM,Northgate High School,920,Miller S,NOR01 AM,8:55:00 AM,8:47:32 AM,,8:47:32 AM,,,
9/22/2025 12:00:00 AM,Northgate High School,921,Brown K,NOR02 AM,8:55:00 AM,8:43:08 AM,,8:43:08 AM,,,
9/22/2025 12:00:00 AM,Northgate High School,922,Davis R,NOR03 AM,8:55:00 AM,8:34:47 AM,,8:34:47 AM,,,
9/23/2025 12:00:00 AM,Anderson Elementary,800,Johnson T,AND01 AM,7:35:00 AM,7:10:13 AM,,7:10:13 AM,,,
9/23/2025 12:00:00 AM,Anderson Elementary,801,Taylor B,AND02 AM,7:35:00 AM,7:26:44 AM,,7:26:44 AM,,,
9/23/2025 12:00:00 AM,Anderson Elementary,802,Williams M,AND03 AM,7:35:00 AM,7:29:26 AM,,7:29:26 AM,,,
9/23/2025 12:00:00 AM,Anderson Elementary,803,Taylor B,AND04 AM,7:35:00 AM,7:19:25 AM,,7:19:25 AM,,,
9/23/2025 12:00:00 AM,Anderson Elementary,804,Brown K,AND05 AM,7:35:00 AM,7:37:26 AM,,7:37:26 AM,,,
9/23/2025 12:00:00 AM,Bammel Elementary,810,Anderson C,BAM01 AM,7:35:00 AM,7:30:16 AM,,7:30:16 AM,,,
9/23/2025 12:00:00 AM,Bammel Elementary,811,Williams M,BAM02 AM,7:35:00 AM,7:39:07 AM,,7:39:07 AM,,,
9/23/2025 12:00:00 AM,Bammel Elementary,812,Moore A,BAM03 AM,7:35:00 AM,7:29:24 AM,,7:29:24 AM,,,
9/23/2025 12:00:00 AM,Bammel Elementary,813,Johnson T,BAM04 AM,7:35:00 AM,7:21:49 AM,,7:21:49 AM,,,
9/23/2025 12:00:00 AM,Bammel Elementary,814,Miller S,BAM05 AM,7:35:00 AM,7:24:45 AM,,7:24:45 AM,,,
9/23/2025 12:00:00 AM,Cooper Elementary,820,Brown K,COO01 AM,7:35:00 AM,7:18:08 AM,,7:18:08 AM,,,
9/23/2025 12:00:00 AM,Cooper Elementary,821,Brown K,COO02 AM,7:35:00 AM,7:47:21 AM,,7:47:21 AM,,,
9/23/2025 12:00:00 AM,Cooper Elementary,822,Anderson C,COO03 AM,7:35:00 AM,7:29:34 AM,,7:29:34 AM,,,
9/23/2025 12:00:00 AM,Cooper Elementary,823,Davis R,COO04 AM,7:35:00 AM,7:28:42 AM,,7:28:42 AM,,,
9/23/2025 12:00:00 AM,Cooper Elementary,824,Miller S,COO05 AM,7:35:00 AM,7:38:56 AM,,7:38:56 AM,,,
9/23/2025 12:00:00 AM,Heritage Elementary,830,Johnson T,HER01 AM,7:35:00 AM,7:23:04 AM,,7:23:04 AM,,,
9/23/2025 12:00:00 AM,Heritage Elementary,831,Taylor B,HER02 AM,7:35:00 AM,7:18:58 AM,,7:18:58 AM,,,
9/23/2025 12:00:00 AM,Heritage Elementary,832,Wilson J,HER03 AM,7:35:00 AM,7:41:15 AM,,7:41:15 AM,,,
9/23/2025 12:00:00 AM,Heritage Elementary,833,Anderson C,HER04 AM,7:35:00 AM,7:28:27 AM,,7:28:27 AM,,,
9/23/2025 12:00:00 AM,Heritage Elementary,834,Johnson T,HER05 AM,7:35:00 AM,7:11:58 AM,,7:11:58 AM,,,
9/23/2025 12:00:00 AM,Jenkins Elementary,840,Wilson J,JEN01 AM,7:35:00 AM,7:18:19 AM,,7:18:19 AM,,,
9/23/2025 12:00:00 AM,Jenkins Elementary,841,Davis R,JEN02 AM,7:35:00 AM,7:12:07 AM,,7:12:07 AM,,,
9/23/2025 12:00:00 AM,Jenkins Elementary,842,Anderson C,JEN03 AM,7:35:00 AM,7:23:50 AM,,7:23:50 AM,,,
9/23/2025 12:00:00 AM,Jenkins Elementary,843,Thomas D,JEN04 AM,7:35:00 AM,7:16:14 AM,,7:16:14 AM,,,
9/23/2025 12:00:00 AM,Jenkins Elementary,844,Wilson J,JEN05 AM,7:35:00 AM,7:38:59 AM,,7:38:59 AM,,,
9/23/2025 12:00:00 AM,Lewis Elementary,850,Brown K,LEW01 AM,7:35:00 AM,7:22:47 AM,,7:22:47 AM,,,
9/23/2025 12:00:00 AM,Lewis Elementary,851,Williams M,LEW02 AM,7:35:00 AM,7:10:10 AM,,7:10:10 AM,,,
9/23/2025 12:00:00 AM,Lewis Elementary,852,Taylor B,LEW03 AM,7:35:00 AM,7:26:36 AM,,7:26:36 AM,,,
9/23/2025 12:00:00 AM,Lewis Elementary,853,Johnson T,LEW04 AM,7:35:00 AM,7:46:44 AM,,7:46:44 AM,,,
9/23/2025 12:00:00 AM,Lewis Elementary,854,Anderson C,LEW05 AM,7:35:00 AM,,,7:28:30 AM,,,
9/23/2025 12:00:00 AM,Marshall Elementary,860,Wilson J,MAR01 AM,7:35:00 AM,7:24:07 AM,,7:24:07 AM,,,
9/23/2025 12:00:00 AM,Marshall Elementary,861,Moore A,MAR02 AM,7:35:00 AM,7:10:44 AM,,7:10:44 AM,,,
9/23/2025 12:00:00 AM,Marshall Elementary,862,Brown K,MAR03 AM,7:35:00 AM,7:18:11 AM,,7:18:11 AM,,,
9/23/2025 12:00:00 AM,Marshall Elementary,863,Davis R,MAR04 AM,7:35:00 AM,7:19:39 AM,,7:19:39 AM,,,
9/23/2025 12:00:00 AM,Marshall Elementary,864,Thomas D,MAR05 AM,7:35:00 AM,7:14:38 AM,,7:14:38 AM,,,
9/23/2025 12:00:00 AM,Reynolds Elementary,870,Wilson J,REY01 AM,7:35:00 AM,7:23:27 AM,,7:23:27 AM,,,
9/23/2025 12:00:00 AM,Reynolds Elementary,871,Taylor B,REY02 AM,7:35:00 AM,7:25:24 AM,,7:25:24 AM,,,
9/23/2025 12:00:00 AM,Reynolds Elementary,872,Williams M,REY03 AM,7:35:00 AM,7:27:09 AM,,7:27:09 AM,,,
9/23/2025 12:00:00 AM,Reynolds Elementary,873,Anderson C,REY04 AM,7:35:00 AM,7:25:45 AM,,7:25:45 AM,,,
9/23/2025 12:00:00 AM,Reynolds Elementary,874,Miller S,REY05 AM,7:35:00 AM,7:15:12 AM,,7:15:12 AM,,,
9/23/2025 12:00:00 AM,Westfield Middle School,880,Anderson C,WES01 AM,8:05:00 AM,7:57:48 AM,,7:57:48 AM,,,
9/23/2025 12:00:00 AM,Westfield Middle School,881,Brown K,WES02 AM,8:05:00 AM,7:49:25 AM,,7:49:25 AM,,,
9/23/2025 12:00:00 AM,Westfield Middle School,882,Moore A,WES03 AM,8:05:00 AM,7:40:50 AM,,7:40:50 AM,,,
9/23/2025 12:00:00 AM,Westfield Middle School,883,Taylor B,WES04 AM,8:05:00 AM,7:53:00 AM,,7:53:00 AM,,,
9/23/2025 12:00:00 AM,Lakewood Middle School,890,Brown K,LAK01 AM,8:05:00 AM,7:58:14 AM,,7:58:14 AM,,,
9/23/2025 12:00:00 AM,Lakewood Middle School,891,Thomas D,LAK02 AM,8:05:00 AM,7:45:42 AM,,7:45:42 AM,,,
9/23/2025 12:00:00 AM,Lakewood Middle School,892,Williams M,LAK03 AM,8:05:00 AM,7:40:42 AM,,7:40:42 AM,,,
9/23/2025 12:00:00 AM,Lakewood Middle School,893,Moore A,LAK04 AM,8:05:00 AM,7:42:59 AM,,7:42:59 AM,,,
9/23/2025 12:00:00 AM,Riverside Middle School,900,Wilson J,RIV01 AM,8:05:00 AM,7:59:30 AM,,7:59:30 AM,,,
9/23/2025 12:00:00 AM,Riverside Middle School,901,Taylor B,RIV02 AM,8:05:00 AM,7:58:09 AM,,7:58:09 AM,,,
9/23/2025 12:00:00 AM,Riverside Middle School,902,Taylor B,RIV03 AM,8:05:00 AM,7:40:29 AM,,7:40:29 AM,,,
9/23/2025 12:00:00 AM,Riverside Middle School,903,Williams M,RIV04 AM,8:05:00 AM,7:55:08 AM,,7:55:08 AM,,,
9/23/2025 12:00:00 AM,Metro High School,910,Thomas D,MET01 AM,8:55:00 AM,8:33:26 AM,,8:33:26 AM,,,
9/23/2025 12:00:00 AM,Metro High School,911,Williams M,MET02 AM,8:55:00 AM,8:38:21 AM,,8:38:21 AM,,,
9/23/2025 12:00:00 AM,Metro High School,912,Brown K,MET03 AM,8:55:00 AM,8:47:37 AM,,8:47:37 AM,,,
9/23/2025 12:00:00 AM,Northgate High School,920,Taylor B,NOR01 AM,8:55:00 AM,,,8:39:00 AM,,,
9/23/2025 12:00:00 AM,Northgate High School,921,Moore A,NOR02 AM,8:55:00 AM,8:41:36 AM,,8:41:36 AM,,,
9/23/2025 12:00:00 AM,Northgate High School,922,Wilson J,NOR03 AM,8:55:00 AM,8:49:16 AM,,8:49:16 AM,,,
9/24/2025 12:00:00 AM,Anderson Elementary,800,Johnson T,AND01 AM,7:35:00 AM,7:18:17 AM,,7:18:17 AM,,,
9/24/2025 12:00:00 AM,Anderson Elementary,801,Wilson J,AND02 AM,7:35:00 AM,7:18:14 AM,,7:18:14 AM,,,
9/24/2025 12:00:00 AM,Anderson Elementary,802,Williams M,AND03 AM,7:35:00 AM,7:25:29 AM,,7:25:29 AM,,,
9/24/2025 12:00:00 AM,Anderson Elementary,803,Anderson C,AND04 AM,7:35:00 AM,7:13:53 AM,,7:13:53 AM,,,
9/24/2025 12:00:00 AM,Anderson Elementary,804,Wilson J,AND05 AM,7:35:00 AM,7:21:47 AM,,7:21:47 AM,,,
9/24/2025 12:00:00 AM,Bammel Elementary,810,Thomas D,BAM01 AM,7:35:00 AM,7:11:15 AM,,7:11:15 AM,,,
9/24/2025 12:00:00 AM,Bammel Elementary,811,Moore A,BAM02 AM,7:35:00 AM,7:14:48 AM,,7:14:48 AM,,,
9/24/2025 12:00:00 AM,Bammel Elementary,812,Thomas D,BAM03 AM,7:35:00 AM,7:24:36 AM,,7:24:36 AM,,,
9/24/2025 12:00:00 AM,Bammel Elementary,813,Davis R,BAM04 AM,7:35:00 AM,7:30:57 AM,,7:30:57 AM,,,
9/24/2025 12:00:00 AM,Bammel Elementary,814,Wilson J,BAM05 AM,7:35:00 AM,7:14:22 AM,,7:14:22 AM,,,
9/24/2025 12:00:00 AM,Cooper Elementary,820,Davis R,COO01 AM,7:35:00 AM,7:21:17 AM,,7:21:17 AM,,,
9/24/2025 12:00:00 AM,Cooper Elementary,821,Johnson T,COO02 AM,7:35:00 AM,7:19:06 AM,,7:19:06 AM,,,
9/24/2025 12:00:00 AM,Cooper Elementary,822,Thomas D,COO03 AM,7:35:00 AM,7:20:37 AM,,7:20:37 AM,,,
9/24/2025 12:00:00 AM,Cooper Elementary,823,Davis R,COO04 AM,7:35:00 AM,7:40:45 AM,,7:40:45 AM,,,
9/24/2025 12:00:00 AM,Cooper Elementary,824,Davis R,COO05 AM,7:35:00 AM,7:44:23 AM,,7:44:23 AM,,,
9/24/2025 12:00:00 AM,Heritage Elementary,830,Davis R,HER01 AM,7:35:00 AM,7:16:18 AM,,7:16:18 AM,,,
9/24/2025 12:00:00 AM,Heritage Elementary,831,Thomas D,HER02 AM,7:35:00 AM,7:18:50 AM,,7:18:50 AM,,,
9/24/2025 12:00:00 AM,Heritage Elementary,832,Miller S,HER03 AM,7:35:00 AM,7:12:03 AM,,7:12:03 AM,,,
9/24/2025 12:00:00 AM,Heritage Elementary,833,Miller S,HER04 AM,7:35:00 AM,7:29:19 AM,,7:29:19 AM,,,
9/24/2025 12:00:00 AM,Heritage Elementary,834,Brown K,HER05 AM,7:35:00 AM,7:13:39 AM,,7:13:39 AM,,,
9/24/2025 12:00:00 AM,Jenkins Elementary,840,Davis R,JEN01 AM,7:35:00 AM,7:26:39 AM,,7:26:39 AM,,,
9/24/2025 12:00:00 AM,Jenkins Elementary,841,Davis R,JEN02 AM,7:35:00 AM,7:39:01 AM,,7:39:01 AM,,,
9/24/2025 12:00:00 AM,Jenkins Elementary,842,Taylor B,JEN03 AM,7:35:00 AM,7:30:28 AM,,7:30:28 AM,,,
9/24/2025 12:00:00 AM,Jenkins Elementary,843,Johnson T,JEN04 AM,7:35:00 AM,7:10:23 AM,,7:10:23 AM,,,
9/24/2025 12:00:00 AM,Jenkins Elementary,844,Taylor B,JEN05 AM,7:35:00 AM,7:30:13 AM,,7:30:13 AM,,,
9/24/2025 12:00:00 AM,Lewis Elementary,850,Johnson T,LEW01 AM,7:35:00 AM,7:25:10 AM,,7:25:10 AM,,,
9/24/2025 12:00:00 AM,Lewis Elementary,851,Miller S,LEW02 AM,7:35:00 AM,7:13:29 AM,,7:13:29 AM,,,
9/24/2025 12:00:00 AM,Lewis Elementary,852,Miller S,LEW03 AM,7:35:00 AM,7:11:50 AM,,7:11:50 AM,,,
9/24/2025 12:00:00 AM,Lewis Elementary,853,Taylor B,LEW04 AM,7:35:00 AM,7:15:40 AM,,7:15:40 AM,,,
9/24/2025 12:00:00 AM,Lewis Elementary,854,Thomas D,LEW05 AM,7:35:00 AM,7:41:24 AM,,7:41:24 AM,,,
9/24/2025 12:00:00 AM,Marshall Elementary,860,Davis R,MAR01 AM,7:35:00 AM,7:16:36 AM,,7:16:36 AM,,,
9/24/2025 12:00:00 AM,Marshall Elementary,861,Anderson C,MAR02 AM,7:35:00 AM,7:14:02 AM,,7:14:02 AM,,,
9/24/2025 12:00:00 AM,Marshall Elementary,862,Johnson T,MAR03 AM,7:35:00 AM,7:43:18 AM,,7:43:18 AM,,,
9/24/2025 12:00:00 AM,Marshall Elementary,863,Wilson J,MAR04 AM,7:35:00 AM,7:20:47 AM,,7:20:47 AM,,,
9/24/2025 12:00:00 AM,Marshall Elementary,864,Miller S,MAR05 AM,7:35:00 AM,7:13:29 AM,,7:13:29 AM,,,
9/24/2025 12:00:00 AM,Reynolds Elementary,870,Wilson J,REY01 AM,7:35:00 AM,7:22:37 AM,,7:22:37 AM,,,
9/24/2025 12:00:00 AM,Reynolds Elementary,871,Anderson C,REY02 AM,7:35:00 AM,7:24:18 AM,,7:24:18 AM,,,
9/24/2025 12:00:00 AM,Reynolds Elementary,872,Anderson C,REY03 AM,7:35:00 AM,7:20:00 AM,,7:20:00 AM,,,
9/24/2025 12:00:00 AM,Reynolds Elementary,873,Wilson J,REY04 AM,7:35:00 AM,7:20:12 AM,,7:20:12 AM,,,
9/24/2025 12:00:00 AM,Reynolds Elementary,874,Davis R,REY05 AM,7:35:00 AM,7:11:47 AM,,7:11:47 AM,,,
9/24/2025 12:00:00 AM,Westfield Middle School,880,Wilson J,WES01 AM,8:05:00 AM,8:00:26 AM,,8:00:26 AM,,,
9/24/2025 12:00:00 AM,Westfield Middle School,881,Wilson J,WES02 AM,8:05:00 AM,7:55:09 AM,,7:55:09 AM,,,
9/24/2025 12:00:00 AM,Westfield Middle School,882,Wilson J,WES03 AM,8:05:00 AM,7:42:25 AM,,7:42:25 AM,,,
9/24/2025 12:00:00 AM,Westfield Middle School,883,Miller S,WES04 AM,8:05:00 AM,7:55:02 AM,,7:55:02 AM,,,
9/24/2025 12:00:00 AM,Lakewood Middle School,890,Williams M,LAK01 AM,8:05:00 AM,7:57:14 AM,,7:57:14 AM,,,
9/24/2025 12:00:00 AM,Lakewood Middle School,891,Williams M,LAK02 AM,8:05:00 AM,7:56:06 AM,,7:56:06 AM,,,
9/24/2025 12:00:00 AM,Lakewood Middle School,892,Wilson J,LAK03 AM,8:05:00 AM,7:47:34 AM,,7:47:34 AM,,,
9/24/2025 12:00:00 AM,Lakewood Middle School,893,Wilson J,LAK04 AM,8:05:00 AM,7:43:03 AM,,7:43:03 AM,,,
9/24/2025 12:00:00 AM,Riverside Middle School,900,Thomas D,RIV01 AM,8:05:00 AM,8:20:59 AM,,8:20:59 AM,,,
9/24/2025 12:00:00 AM,Riverside Middle School,901,Moore A,RIV02 AM,8:05:00 AM,7:48:47 AM,,7:48:47 AM,,,
9/24/2025 12:00:00 AM,Riverside Middle School,902,Thomas D,RIV03 AM,8:05:00 AM,7:47:51 AM,,7:47:51 AM,,,
9/24/2025 12:00:00 AM,Riverside Middle School,903,Thomas D,RIV04 AM,8:05:00 AM,7:54:50 AM,,7:54:50 AM,,,
9/24/2025 12:00:00 AM,Metro High School,910,Taylor B,MET01 AM,8:55:00 AM,9:03:09 AM,,9:03:09 AM,,,
9/24/2025 12:00:00 AM,Metro High School,911,Brown K,MET02 AM,8:55:00 AM,8:44:07 AM,,8:44:07 AM,,,
9/24/2025 12:00:00 AM,Metro High School,912,Johnson T,MET03 AM,8:55:00 AM,8:39:59 AM,,8:39:59 AM,,,
9/24/2025 12:00:00 AM,Northgate High School,920,Wilson J,NOR01 AM,8:55:00 AM,8:40:51 AM,,8:40:51 AM,,,
9/24/2025 12:00:00 AM,Northgate High School,921,Brown K,NOR02 AM,8:55:00 AM,8:31:10 AM,,8:31:10 AM,,,
9/24/2025 12:00:00 AM,Northgate High School,922,Taylor B,NOR03 AM,8:55:00 AM,8:43:54 AM,,8:43:54 AM,,,
9/25/2025 12:00:00 AM,Anderson Elementary,800,Taylor B,AND01 AM,7:35:00 AM,7:28:32 AM,,7:28:32 AM,,,
9/25/2025 12:00:00 AM,Anderson Elementary,801,Moore A,AND02 AM,7:35:00 AM,7:23:27 AM,,7:23:27 AM,,,
9/25/2025 12:00:00 AM,Anderson Elementary,802,Davis R,AND03 AM,7:35:00 AM,7:26:06 AM,,7:26:06 AM,,,
9/25/2025 12:00:00 AM,Anderson Elementary,803,Williams M,AND04 AM,7:35:00 AM,7:20:45 AM,,7:20:45 AM,,,
9/25/2025 12:00:00 AM,Anderson Elementary,804,Wilson J,AND05 AM,7:35:00 AM,7:25:00 AM,,7:25:00 AM,,,
9/25/2025 12:00:00 AM,Bammel Elementary,810,Brown K,BAM01 AM,7:35:00 AM,7:16:26 AM,,7:16:26 AM,,,
9/25/2025 12:00:00 AM,Bammel Elementary,811,Davis R,BAM02 AM,7:35:00 AM,7:21:22 AM,,7:21:22 AM,,,
9/25/2025 12:00:00 AM,Bammel Elementary,812,Wilson J,BAM03 AM,7:35:00 AM,7:18:34 AM,,7:18:34 AM,,,
9/25/2025 12:00:00 AM,Bammel Elementary,813,Davis R,BAM04 AM,7:35:00 AM,7:14:37 AM,,7:14:37 AM,,,
9/25/2025 12:00:00 AM,Bammel Elementary,814,Taylor B,BAM05 AM,7:35:00 AM,7:26:37 AM,,7:26:37 AM,,,
9/25/2025 12:00:00 AM,Cooper Elementary,820,Thomas D,COO01 AM,7:35:00 AM,7:40:04 AM,,7:40:04 AM,,,
9/25/2025 12:00:00 AM,Cooper Elementary,821,Miller S,COO02 AM,7:35:00 AM,7:15:16 AM,,7:15:16 AM,,,
9/25/2025 12:00:00 AM,Cooper Elementary,822,Thomas D,COO03 AM,7:35:00 AM,7:21:07 AM,,7:21:07 AM,,,
9/25/2025 12:00:00 AM,Cooper Elementary,823,Thomas D,COO04 AM,7:35:00 AM,7:13:06 AM,,7:13:06 AM,,,
9/25/2025 12:00:00 AM,Cooper Elementary,824,Thomas D,COO05 AM,7:35:00 AM,7:10:32 AM,,7:10:32 AM,,,
9/25/2025 12:00:00 AM,Heritage Elementary,830,Moore A,HER01 AM,7:35:00 AM,7:16:02 AM,,7:16:02 AM,,,
9/25/2025 12:00:00 AM,Heritage Elementary,831,Anderson C,HER02 AM,7:35:00 AM,7:19:33 AM,,7:19:33 AM,,,
9/25/2025 12:00:00 AM,Heritage Elementary,832,Taylor B,HER03 AM,7:35:00 AM,7:13:35 AM,,7:13:35 AM,,,
9/25/2025 12:00:00 AM,Heritage Elementary,833,Davis R,HER04 AM,7:35:00 AM,7:16:50 AM,,7:16:50 AM,,,
9/25/2025 12:00:00 AM,Heritage Elementary,834,Moore A,HER05 AM,7:35:00 AM,7:11:22 AM,,7:11:22 AM,,,
9/25/2025 12:00:00 AM,Jenkins Elementary,840,Thomas D,JEN01 AM,7:35:00 AM,7:16:34 AM,,7:16:34 AM,,,
9/25/2025 12:00:00 AM,Jenkins Elementary,841,Williams M,JEN02 AM,7:35:00 AM,7:25:26 AM,,7:25:26 AM,,,
9/25/2025 12:00:00 AM,Jenkins Elementary,842,Davis R,JEN03 AM,7:35:00 AM,7:21:19 AM,,7:21:19 AM,,,
9/25/2025 12:00:00 AM,Jenkins Elementary,843,Anderson C,JEN04 AM,7:35:00 AM,7:42:52 AM,,7:42:52 AM,,,
9/25/2025 12:00:00 AM,Jenkins Elementary,844,Wilson J,JEN05 AM,7:35:00 AM,7:45:38 AM,,7:45:38 AM,,,
9/25/2025 12:00:00 AM,Lewis Elementary,850,Thomas D,LEW01 AM,7:35:00 AM,7:23:13 AM,,7:23:13 AM,,,
9/25/2025 12:00:00 AM,Lewis Elementary,851,Anderson C,LEW02 AM,7:35:00 AM,7:20:23 AM,,7:20:23 AM,,,
9/25/2025 12:00:00 AM,Lewis Elementary,852,Davis R,LEW03 AM,7:35:00 AM,7:15:53 AM,,7:15:53 AM,,,
9/25/2025 12:00:00 AM,Lewis Elementary,853,Johnson T,LEW04 AM,7:35:00 AM,7:18:08 AM,,7:18:08 AM,,,
9/25/2025 12:00:00 AM,Lewis Elementary,854,Brown K,LEW05 AM,7:35:00 AM,7:16:31 AM,,7:16:31 AM,,,
9/25/2025 12:00:00 AM,Marshall Elementary,860,Wilson J,MAR01 AM,7:35:00 AM,7:25:11 AM,,7:25:11 AM,,,
9/25/2025 12:00:00 AM,Marshall Elementary,861,Moore A,MAR02 AM,7:35:00 AM,7:14:20 AM,,7:14:20 AM,,,
9/25/2025 12:00:00 AM,Marshall Elementary,862,Johnson T,MAR03 AM,7:35:00 AM,7:11:05 AM,,7:11:05 AM,,,
9/25/2025 12:00:00 AM,Marshall Elementary,863,Brown K,MAR04 AM,7:35:00 AM,7:14:46 AM,,7:14:46 AM,,,
9/25/2025 12:00:00 AM,Marshall Elementary,864,Thomas D,MAR05 AM,7:35:00 AM,7:22:18 AM,,7:22:18 AM,,,
9/25/2025 12:00:00 AM,Reynolds Elementary,870,Davis R,REY01 AM,7:35:00 AM,7:24:26 AM,,7:24:26 AM,,,
9/25/2025 12:00:00 AM,Reynolds Elementary,871,Johnson T,REY02 AM,7:35:00 AM,7:14:34 AM,,7:14:34 AM,,,
9/25/2025 12:00:00 AM,Reynolds Elementary,872,Miller S,REY03 AM,7:35:00 AM,7:17:11 AM,,7:17:11 AM,,,
9/25/2025 12:00:00 AM,Reynolds Elementary,873,Davis R,REY04 AM,7:35:00 AM,7:47:14 AM,,7:47:14 AM,,,
9/25/2025 12:00:00 AM,Reynolds Elementary,874,Taylor B,REY05 AM,7:35:00 AM,7:22:55 AM,,7:22:55 AM,,,
9/25/2025 12:00:00 AM,Westfield Middle School,880,Moore A,WES01 AM,8:05:00 AM,7:58:19 AM,,7:58:19 AM,,,
9/25/2025 12:00:00 AM,Westfield Middle School,881,Wilson J,WES02 AM,8:05:00 AM,7:42:36 AM,,7:42:36 AM,,,
9/25/2025 12:00:00 AM,Westfield Middle School,882,Davis R,WES03 AM,8:05:00 AM,7:43:57 AM,,7:43:57 AM,,,
9/25/2025 12:00:00 AM,Westfield Middle School,883,Miller S,WES04 AM,8:05:00 AM,7:51:24 AM,,7:51:24 AM,,,
9/25/2025 12:00:00 AM,Lakewood Middle School,890,Taylor B,LAK01 AM,8:05:00 AM,7:46:10 AM,,7:46:10 AM,,,
9/25/2025 12:00:00 AM,Lakewood Middle School,891,Anderson C,LAK02 AM,8:05:00 AM,7:44:47 AM,,7:44:47 AM,,,
9/25/2025 12:00:00 AM,Lakewood Middle School,892,Anderson C,LAK03 AM,8:05:00 AM,7:40:53 AM,,7:40:53 AM,,,
9/25/2025 12:00:00 AM,Lakewood Middle School,893,Williams M,LAK04 AM,8:05:00 AM,7:50:48 AM,,7:50:48 AM,,,
9/25/2025 12:00:00 AM,Riverside Middle School,900,Davis R,RIV01 AM,8:05:00 AM,7:55:33 AM,,7:55:33 AM,,,
9/25/2025 12:00:00 AM,Riverside Middle School,901,Anderson C,RIV02 AM,8:05:00 AM,7:47:54 AM,,7:47:54 AM,,,
9/25/2025 12:00:00 AM,Riverside Middle School,902,Wilson J,RIV03 AM,8:05:00 AM,8:00:47 AM,,8:00:47 AM,,,
9/25/2025 12:00:00 AM,Riverside Middle School,903,Wilson J,RIV04 AM,8:05:00 AM,7:47:59 AM,,7:47:59 AM,,,
9/25/2025 12:00:00 AM,Metro High School,910,Anderson C,MET01 AM,8:55:00 AM,8:50:48 AM,,8:50:48 AM,,,
9/25/2025 12:00:00 AM,Metro High School,911,Williams M,MET02 AM,8:55:00 AM,8:43:50 AM,,8:43:50 AM,,,
9/25/2025 12:00:00 AM,Metro High School,912,Brown K,MET03 AM,8:55:00 AM,8:40:22 AM,,8:40:22 AM,,,
9/25/2025 12:00:00 AM,Northgate High School,920,Williams M,NOR01 AM,8:55:00 AM,8:47:02 AM,,8:47:02 AM,,,
9/25/2025 12:00:00 AM,Northgate High School,921,Wilson J,NOR02 AM,8:55:00 AM,8:34:31 AM,,8:34:31 AM,,,
9/25/2025 12:00:00 AM,Northgate High School,922,Thomas D,NOR03 AM,8:55:00 AM,8:43:13 AM,,8:43:13 AM,,,
9/26/2025 12:00:00 AM,Anderson Elementary,800,Wilson J,AND01 AM,7:35:00 AM,7:21:28 AM,,7:21:28 AM,,,
9/26/2025 12:00:00 AM,Anderson Elementary,801,Thomas D,AND02 AM,7:35:00 AM,7:19:50 AM,,7:19:50 AM,,,
9/26/2025 12:00:00 AM,Anderson Elementary,802,Anderson C,AND03 AM,7:35:00 AM,7:43:31 AM,,7:43:31 AM,,,
9/26/2025 12:00:00 AM,Anderson Elementary,803,Johnson T,AND04 AM,7:35:00 AM,7:23:18 AM,,7:23:18 AM,,,
9/26/2025 12:00:00 AM,Anderson Elementary,804,Johnson T,AND05 AM,7:35:00 AM,7:45:44 AM,,7:45:44 AM,,,
9/26/2025 12:00:00 AM,Bammel Elementary,810,Miller S,BAM01 AM,7:35:00 AM,,,7:21:34 AM,,,
9/26/2025 12:00:00 AM,Bammel Elementary,811,Moore A,BAM02 AM,7:35:00 AM,7:26:59 AM,,7:26:59 AM,,,
9/26/2025 12:00:00 AM,Bammel Elementary,812,Thomas D,BAM03 AM,7:35:00 AM,7:20:50 AM,,7:20:50 AM,,,
9/26/2025 12:00:00 AM,Bammel Elementary,813,Thomas D,BAM04 AM,7:35:00 AM,7:30:36 AM,,7:30:36 AM,,,
9/26/2025 12:00:00 AM,Bammel Elementary,814,Wilson J,BAM05 AM,7:35:00 AM,7:19:07 AM,,7:19:07 AM,,,
9/26/2025 12:00:00 AM,Cooper Elementary,820,Taylor B,COO01 AM,7:35:00 AM,7:22:56 AM,,7:22:56 AM,,,
9/26/2025 12:00:00 AM,Cooper Elementary,821,Miller S,COO02 AM,7:35:00 AM,7:29:12 AM,,7:29:12 AM,,,
9/26/2025 12:00:00 AM,Cooper Elementary,822,Anderson C,COO03 AM,7:35:00 AM,7:10:47 AM,,7:10:47 AM,,,
9/26/2025 12:00:00 AM,Cooper Elementary,823,Johnson T,COO04 AM,7:35:00 AM,7:27:14 AM,,7:27:14 AM,,,
9/26/2025 12:00:00 AM,Cooper Elementary,824,Brown K,COO05 AM,7:35:00 AM,7:18:08 AM,,7:18:08 AM,,,
9/26/2025 12:00:00 AM,Heritage Elementary,830,Williams M,HER01 AM,7:35:00 AM,7:10:22 AM,,7:10:22 AM,,,
9/26/2025 12:00:00 AM,Heritage Elementary,831,Thomas D,HER02 AM,7:35:00 AM,7:22:06 AM,,7:22:06 AM,,,
9/26/2025 12:00:00 AM,Heritage Elementary,832,Thomas D,HER03 AM,7:35:00 AM,7:11:19 AM,,7:11:19 AM,,,
9/26/2025 12:00:00 AM,Heritage Elementary,833,Brown K,HER04 AM,7:35:00 AM,7:22:55 AM,,7:22:55 AM,,,
9/26/2025 12:00:00 AM,Heritage Elementary,834,Brown K,HER05 AM,7:35:00 AM,7:30:16 AM,,7:30:16 AM,,,
9/26/2025 12:00:00 AM,Jenkins Elementary,840,Davis R,JEN01 AM,7:35:00 AM,7:14:27 AM,,7:14:27 AM,,,
9/26/2025 12:00:00 AM,Jenkins Elementary,841,Brown K,JEN02 AM,7:35:00 AM,,,7:28:21 AM,,,
9/26/2025 12:00:00 AM,Jenkins Elementary,842,Brown K,JEN03 AM,7:35:00 AM,7:19:12 AM,,7:19:12 AM,,,
9/26/2025 12:00:00 AM,Jenkins Elementary,843,Johnson T,JEN04 AM,7:35:00 AM,7:23:08 AM,,7:23:08 AM,,,
9/26/2025 12:00:00 AM,Jenkins Elementary,844,Johnson T,JEN05 AM,7:35:00 AM,7:25:10 AM,,7:25:10 AM,,,
9/26/2025 12:00:00 AM,Lewis Elementary,850,Williams M,LEW01 AM,7:35:00 AM,7:15:09 AM,,7:15:09 AM,,,
9/26/2025 12:00:00 AM,Lewis Elementary,851,Moore A,LEW02 AM,7:35:00 AM,7:43:07 AM,,7:43:07 AM,,,
9/26/2025 12:00:00 AM,Lewis Elementary,852,Miller S,LEW03 AM,7:35:00 AM,7:29:09 AM,,7:29:09 AM,,,
9/26/2025 12:00:00 AM,Lewis Elementary,853,Williams M,LEW04 AM,7:35:00 AM,7:30:09 AM,,7:30:09 AM,,,
9/26/2025 12:00:00 AM,Lewis Elementary,854,Miller S,LEW05 AM,7:35:00 AM,7:16:51 AM,,7:16:51 AM,,,
9/26/2025 12:00:00 AM,Marshall Elementary,860,Williams M,MAR01 AM,7:35:00 AM,7:26:30 AM,,7:26:30 AM,,,
9/26/2025 12:00:00 AM,Marshall Elementary,861,Wilson J,MAR02 AM,7:35:00 AM,7:41:37 AM,,7:41:37 AM,,,
9/26/2025 12:00:00 AM,Marshall Elementary,862,Anderson C,MAR03 AM,7:35:00 AM,7:28:10 AM,,7:28:10 AM,,,
9/26/2025 12:00:00 AM,Marshall Elementary,863,Moore A,MAR04 AM,7:35:00 AM,7:13:27 AM,,7:13:27 AM,,,
9/26/2025 12:00:00 AM,Marshall Elementary,864,Johnson T,MAR05 AM,7:35:00 AM,7:22:19 AM,,7:22:19 AM,,,
9/26/2025 12:00:00 AM,Reynolds Elementary,870,Williams M,REY01 AM,7:35:00 AM,7:15:18 AM,,7:15:18 AM,,,
9/26/2025 12:00:00 AM,Reynolds Elementary,871,Anderson C,REY02 AM,7:35:00 AM,7:48:57 AM,,7:48:57 AM,,,
9/26/2025 12:00:00 AM,Reynolds Elementary,872,Wilson J,REY03 AM,7:35:00 AM,7:40:34 AM,,7:40:34 AM,,,
9/26/2025 12:00:00 AM,Reynolds Elementary,873,Anderson C,REY04 AM,7:35:00 AM,7:22:27 AM,,7:22:27 AM,,,
9/26/2025 12:00:00 AM,Reynolds Elementary,874,Brown K,REY05 AM,7:35:00 AM,7:19:57 AM,,7:19:57 AM,,,
9/26/2025 12:00:00 AM,Westfield Middle School,880,Davis R,WES01 AM,8:05:00 AM,8:17:45 AM,,8:17:45 AM,,,
9/26/2025 12:00:00 AM,Westfield Middle School,881,Thomas D,WES02 AM,8:05:00 AM,8:07:16 AM,,8:07:16 AM,,,
9/26/2025 12:00:00 AM,Westfield Middle School,882,Davis R,WES03 AM,8:05:00 AM,7:45:12 AM,,7:45:12 AM,,,
9/26/2025 12:00:00 AM,Westfield Middle School,883,Moore A,WES04 AM,8:05:00 AM,7:50:19 AM,,7:50:19 AM,,,
9/26/2025 12:00:00 AM,Lakewood Middle School,890,Davis R,LAK01 AM,8:05:00 AM,8:00:58 AM,,8:00:58 AM,,,
9/26/2025 12:00:00 AM,Lakewood Middle School,891,Davis R,LAK02 AM,8:05:00 AM,8:07:59 AM,,8:07:59 AM,,,
9/26/2025 12:00:00 AM,Lakewood Middle School,892,Anderson C,LAK03 AM,8:05:00 AM,7:42:51 AM,,7:42:51 AM,,,
9/26/2025 12:00:00 AM,Lakewood Middle School,893,Davis R,LAK04 AM,8:05:00 AM,7:47:01 AM,,7:47:01 AM,,,
9/26/2025 12:00:00 AM,Riverside Middle School,900,Moore A,RIV01 AM,8:05:00 AM,7:56:45 AM,,7:56:45 AM,,,
9/26/2025 12:00:00 AM,Riverside Middle School,901,Anderson C,RIV02 AM,8:05:00 AM,8:17:32 AM,,8:17:32 AM,,,
9/26/2025 12:00:00 AM,Riverside Middle School,902,Brown K,RIV03 AM,8:05:00 AM,,,8:12:32 AM,,,
9/26/2025 12:00:00 AM,Riverside Middle School,903,Davis R,RIV04 AM,8:05:00 AM,7:49:40 AM,,7:49:40 AM,,,
9/26/2025 12:00:00 AM,Metro High School,910,Miller S,MET01 AM,8:55:00 AM,8:31:06 AM,,8:31:06 AM,,,
9/26/2025 12:00:00 AM,Metro High School,911,Brown K,MET02 AM,8:55:00 AM,8:40:22 AM,,8:40:22 AM,,,
9/26/2025 12:00:00 AM,Metro High School,912,Thomas D,MET03 AM,8:55:00 AM,8:49:16 AM,,8:49:16 AM,,,
9/26/2025 12:00:00 AM,Northgate High School,920,Johnson T,NOR01 AM,8:55:00 AM,8:45:12 AM,,8:45:12 AM,,,
9/26/2025 12:00:00 AM,Northgate High School,921,Johnson T,NOR02 AM,8:55:00 AM,8:42:34 AM,,8:42:34 AM,,,
9/26/2025 12:00:00 AM,Northgate High School,922,Moore A,NOR03 AM,8:55:00 AM,8:41:41 AM,,8:41:41 AM,,,
9/29/2025 12:00:00 AM,Anderson Elementary,800,Johnson T,AND01 AM,7:35:00 AM,7:28:21 AM,,7:28:21 AM,,,
9/29/2025 12:00:00 AM,Anderson Elementary,801,Brown K,AND02 AM,7:35:00 AM,7:19:35 AM,,7:19:35 AM,,,
9/29/2025 12:00:00 AM,Anderson Elementary,802,Williams M,AND03 AM,7:35:00 AM,7:26:52 AM,,7:26:52 AM,,,
9/29/2025 12:00:00 AM,Anderson Elementary,803,Moore A,AND04 AM,7:35:00 AM,7:50:44 AM,,7:50:44 AM,,,
9/29/2025 12:00:00 AM,Anderson Elementary,804,Moore A,AND05 AM,7:35:00 AM,7:16:32 AM,,7:16:32 AM,,,
9/29/2025 12:00:00 AM,Bammel Elementary,810,Johnson T,BAM01 AM,7:35:00 AM,,,7:17:51 AM,,,
9/29/2025 12:00:00 AM,Bammel Elementary,811,Brown K,BAM02 AM,7:35:00 AM,7:22:51 AM,,7:22:51 AM,,,
9/29/2025 12:00:00 AM,Bammel Elementary,812,Brown K,BAM03 AM,7:35:00 AM,7:10:27 AM,,7:10:27 AM,,,
9/29/2025 12:00:00 AM,Bammel Elementary,813,Moore A,BAM04 AM,7:35:00 AM,7:22:51 AM,,7:22:51 AM,,,
9/29/2025 12:00:00 AM,Bammel Elementary,814,Anderson C,BAM05 AM,7:35:00 AM,7:26:29 AM,,7:26:29 AM,,,
9/29/2025 12:00:00 AM,Cooper Elementary,820,Anderson C,COO01 AM,7:35:00 AM,7:28:33 AM,,7:28:33 AM,,,
9/29/2025 12:00:00 AM,Cooper Elementary,821,Williams M,COO02 AM,7:35:00 AM,7:29:11 AM,,7:29:11 AM,,,
9/29/2025 12:00:00 AM,Cooper Elementary,822,Johnson T,COO03 AM,7:35:00 AM,7:18:03 AM,,7:18:03 AM,,,
9/29/2025 12:00:00 AM,Cooper Elementary,823,Johnson T,COO04 AM,7:35:00 AM,7:39:10 AM,,7:39:10 AM,,,
9/29/2025 12:00:00 AM,Cooper Elementary,824,Johnson T,COO05 AM,7:35:00 AM,7:22:02 AM,,7:22:02 AM,,,
9/29/2025 12:00:00 AM,Heritage Elementary,830,Taylor B,HER01 AM,7:35:00 AM,7:12:52 AM,,7:12:52 AM,,,
9/29/2025 12:00:00 AM,Heritage Elementary,831,Brown K,HER02 AM,7:35:00 AM,7:19:43 AM,,7:19:43 AM,,,
9/29/2025 12:00:00 AM,Heritage Elementary,832,Anderson C,HER03 AM,7:35:00 AM,,,7:17:04 AM,,,
9/29/2025 12:00:00 AM,Heritage Elementary,833,Williams M,HER04 AM,7:35:00 AM,7:25:35 AM,,7:25:35 AM,,,
9/29/2025 12:00:00 AM,Heritage Elementary,834,Johnson T,HER05 AM,7:35:00 AM,7:16:07 AM,,7:16:07 AM,,,
9/29/2025 12:00:00 AM,Jenkins Elementary,840,Brown K,JEN01 AM,7:35:00 AM,7:24:43 AM,,7:24:43 AM,,,
9/29/2025 12:00:00 AM,Jenkins Elementary,841,Davis R,JEN02 AM,7:35:00 AM,7:23:02 AM,,7:23:02 AM,,,
9/29/2025 12:00:00 AM,Jenkins Elementary,842,Johnson T,JEN03 AM,7:35:00 AM,7:13:23 AM,,7:13:23 AM,,,
9/29/2025 12:00:00 AM,Jenkins Elementary,843,Miller S,JEN04 AM,7:35:00 AM,7:26:13 AM,,7:26:13 AM,,,
9/29/2025 12:00:00 AM,Jenkins Elementary,844,Moore A,JEN05 AM,7:35:00 AM,7:16:16 AM,,7:16:16 AM,,,
9/29/2025 12:00:00 AM,Lewis Elementary,850,Thomas D,LEW01 AM,7:35:00 AM,7:23:36 AM,,7:23:36 AM,,,
9/29/2025 12:00:00 AM,Lewis Elementary,851,Moore A,LEW02 AM,7:35:00 AM,7:49:09 AM,,7:49:09 AM,,,
9/29/2025 12:00:00 AM,Lewis Elementary,852,Miller S,LEW03 AM,7:35:00 AM,7:38:18 AM,,7:38:18 AM,,,
9/29/2025 12:00:00 AM,Lewis Elementary,853,Miller S,LEW04 AM,7:35:00 AM,,,7:21:47 AM,,,
9/29/2025 12:00:00 AM,Lewis Elementary,854,Brown K,LEW05 AM,7:35:00 AM,7:28:24 AM,,7:28:24 AM,,,
9/29/2025 12:00:00 AM,Marshall Elementary,860,Davis R,MAR01 AM,7:35:00 AM,7:11:55 AM,,7:11:55 AM,,,
9/29/2025 12:00:00 AM,Marshall Elementary,861,Miller S,MAR02 AM,7:35:00 AM,7:42:16 AM,,7:42:16 AM,,,
9/29/2025 12:00:00 AM,Marshall Elementary,862,Taylor B,MAR03 AM,7:35:00 AM,7:20:20 AM,,7:20:20 AM,,,
9/29/2025 12:00:00 AM,Marshall Elementary,863,Williams M,MAR04 AM,7:35:00 AM,7:12:23 AM,,7:12:23 AM,,,
9/29/2025 12:00:00 AM,Marshall Elementary,864,Thomas D,MAR05 AM,7:35:00 AM,7:23:46 AM,,7:23:46 AM,,,
9/29/2025 12:00:00 AM,Reynolds Elementary,870,Miller S,REY01 AM,7:35:00 AM,7:16:29 AM,,7:16:29 AM,,,
9/29/2025 12:00:00 AM,Reynolds Elementary,871,Williams M,REY02 AM,7:35:00 AM,7:22:48 AM,,7:22:48 AM,,,
9/29/2025 12:00:00 AM,Reynolds Elementary,872,Taylor B,REY03 AM,7:35:00 AM,,,7:22:56 AM,,,
9/29/2025 12:00:00 AM,Reynolds Elementary,873,Taylor B,REY04 AM,7:35:00 AM,7:18:03 AM,,7:18:03 AM,,,
9/29/2025 12:00:00 AM,Reynolds Elementary,874,Taylor B,REY05 AM,7:35:00 AM,7:14:53 AM,,7:14:53 AM,,,
9/29/2025 12:00:00 AM,Westfield Middle School,880,Davis R,WES01 AM,8:05:00 AM,7:58:55 AM,,7:58:55 AM,,,
9/29/2025 12:00:00 AM,Westfield Middle School,881,Brown K,WES02 AM,8:05:00 AM,7:56:13 AM,,7:56:13 AM,,,
9/29/2025 12:00:00 AM,Westfield Middle School,882,Miller S,WES03 AM,8:05:00 AM,7:44:25 AM,,7:44:25 AM,,,
9/29/2025 12:00:00 AM,Westfield Middle School,883,Johnson T,WES04 AM,8:05:00 AM,8:00:43 AM,,8:00:43 AM,,,
9/29/2025 12:00:00 AM,Lakewood Middle School,890,Wilson J,LAK01 AM,8:05:00 AM,7:46:27 AM,,7:46:27 AM,,,
9/29/2025 12:00:00 AM,Lakewood Middle School,891,Taylor B,LAK02 AM,8:05:00 AM,7:46:31 AM,,7:46:31 AM,,,
9/29/2025 12:00:00 AM,Lakewood Middle School,892,Anderson C,LAK03 AM,8:05:00 AM,7:55:30 AM,,7:55:30 AM,,,
9/29/2025 12:00:00 AM,Lakewood Middle School,893,Brown K,LAK04 AM,8:05:00 AM,7:40:09 AM,,7:40:09 AM,,,
9/29/2025 12:00:00 AM,Riverside Middle School,900,Thomas D,RIV01 AM,8:05:00 AM,7:45:06 AM,,7:45:06 AM,,,
9/29/2025 12:00:00 AM,Riverside Middle School,901,Miller S,RIV02 AM,8:05:00 AM,7:48:36 AM,,7:48:36 AM,,,
9/29/2025 12:00:00 AM,Riverside Middle School,902,Davis R,RIV03 AM,8:05:00 AM,,,7:54:47 AM,,,
9/29/2025 12:00:00 AM,Riverside Middle School,903,Miller S,RIV04 AM,8:05:00 AM,7:48:17 AM,,7:48:17 AM,,,
9/29/2025 12:00:00 AM,Metro High School,910,Johnson T,MET01 AM,8:55:00 AM,9:08:05 AM,,9:08:05 AM,,,
9/29/2025 12:00:00 AM,Metro High School,911,Miller S,MET02 AM,8:55:00 AM,8:44:11 AM,,8:44:11 AM,,,
9/29/2025 12:00:00 AM,Metro High School,912,Taylor B,MET03 AM,8:55:00 AM,8:42:50 AM,,8:42:50 AM,,,
9/29/2025 12:00:00 AM,Northgate High School,920,Moore A,NOR01 AM,8:55:00 AM,8:40:16 AM,,8:40:16 AM,,,
9/29/2025 12:00:00 AM,Northgate High School,921,Thomas D,NOR02 AM,8:55:00 AM,8:36:44 AM,,8:36:44 AM,,,
9/29/2025 12:00:00 AM,Northgate High School,922,Moore A,NOR03 AM,8:55:00 AM,8:30:03 AM,,8:30:03 AM,,,
9/30/2025 12:00:00 AM,Anderson Elementary,800,Moore A,AND01 AM,7:35:00 AM,7:25:29 AM,,7:25:29 AM,,,
9/30/2025 12:00:00 AM,Anderson Elementary,801,Thomas D,AND02 AM,7:35:00 AM,,,7:18:27 AM,,,
9/30/2025 12:00:00 AM,Anderson Elementary,802,Moore A,AND03 AM,7:35:00 AM,7:30:10 AM,,7:30:10 AM,,,
9/30/2025 12:00:00 AM,Anderson Elementary,803,Johnson T,AND04 AM,7:35:00 AM,7:28:57 AM,,7:28:57 AM,,,
9/30/2025 12:00:00 AM,Anderson Elementary,804,Johnson T,AND05 AM,7:35:00 AM,7:25:57 AM,,7:25:57 AM,,,
9/30/2025 12:00:00 AM,Bammel Elementary,810,Brown K,BAM01 AM,7:35:00 AM,7:50:41 AM,,7:50:41 AM,,,
9/30/2025 12:00:00 AM,Bammel Elementary,811,Miller S,BAM02 AM,7:35:00 AM,7:29:14 AM,,7:29:14 AM,,,
9/30/2025 12:00:00 AM,Bammel Elementary,812,Davis R,BAM03 AM,7:35:00 AM,7:23:12 AM,,7:23:12 AM,,,
9/30/2025 12:00:00 AM,Bammel Elementary,813,Anderson C,BAM04 AM,7:35:00 AM,7:12:47 AM,,7:12:47 AM,,,
9/30/2025 12:00:00 AM,Bammel Elementary,814,Thomas D,BAM05 AM,7:35:00 AM,7:20:48 AM,,7:20:48 AM,,,
9/30/2025 12:00:00 AM,Cooper Elementary,820,Brown K,COO01 AM,7:35:00 AM,7:15:25 AM,,7:15:25 AM,,,
9/30/2025 12:00:00 AM,Cooper Elementary,821,Brown K,COO02 AM,7:35:00 AM,7:22:41 AM,,7:22:41 AM,,,
9/30/2025 12:00:00 AM,Cooper Elementary,822,Moore A,COO03 AM,7:35:00 AM,7:23:06 AM,,7:23:06 AM,,,
9/30/2025 12:00:00 AM,Cooper Elementary,823,Brown K,COO04 AM,7:35:00 AM,7:14:40 AM,,7:14:40 AM,,,
9/30/2025 12:00:00 AM,Cooper Elementary,824,Williams M,COO05 AM,7:35:00 AM,,,7:25:10 AM,,,
9/30/2025 12:00:00 AM,Heritage Elementary,830,Johnson T,HER01 AM,7:35:00 AM,7:27:04 AM,,7:27:04 AM,,,
9/30/2025 12:00:00 AM,Heritage Elementary,831,Brown K,HER02 AM,7:35:00 AM,7:10:06 AM,,7:10:06 AM,,,
9/30/2025 12:00:00 AM,Heritage Elementary,832,Taylor B,HER03 AM,7:35:00 AM,7:26:23 AM,,7:26:23 AM,,,
9/30/2025 12:00:00 AM,Heritage Elementary,833,Wilson J,HER04 AM,7:35:00 AM,7:13:50 AM,,7:13:50 AM,,,
9/30/2025 12:00:00 AM,Heritage Elementary,834,Johnson T,HER05 AM,7:35:00 AM,7:10:24 AM,,7:10:24 AM,,,
9/30/2025 12:00:00 AM,Jenkins Elementary,840,Wilson J,JEN01 AM,7:35:00 AM,7:11:03 AM,,7:11:03 AM,,,
9/30/2025 12:00:00 AM,Jenkins Elementary,841,Anderson C,JEN02 AM,7:35:00 AM,7:19:47 AM,,7:19:47 AM,,,
9/30/2025 12:00:00 AM,Jenkins Elementary,842,Taylor B,JEN03 AM,7:35:00 AM,7:25:01 AM,,7:25:01 AM,,,
9/30/2025 12:00:00 AM,Jenkins Elementary,843,Davis R,JEN04 AM,7:35:00 AM,7:46:55 AM,,7:46:55 AM,,,
9/30/2025 12:00:00 AM,Jenkins Elementary,844,Wilson J,JEN05 AM,7:35:00 AM,7:27:34 AM,,7:27:34 AM,,,
9/30/2025 12:00:00 AM,Lewis Elementary,850,Thomas D,LEW01 AM,7:35:00 AM,,,7:24:50 AM,,,
9/30/2025 12:00:00 AM,Lewis Elementary,851,Thomas D,LEW02 AM,7:35:00 AM,7:30:38 AM,,7:30:38 AM,,,
9/30/2025 12:00:00 AM,Lewis Elementary,852,Johnson T,LEW03 AM,7:35:00 AM,7:20:52 AM,,7:20:52 AM,,,
9/30/2025 12:00:00 AM,Lewis Elementary,853,Johnson T,LEW04 AM,7:35:00 AM,7:23:39 AM,,7:23:39 AM,,,
9/30/2025 12:00:00 AM,Lewis Elementary,854,Brown K,LEW05 AM,7:35:00 AM,7:16:05 AM,,7:16:05 AM,,,
9/30/2025 12:00:00 AM,Marshall Elementary,860,Anderson C,MAR01 AM,7:35:00 AM,,,7:16:17 AM,,,
9/30/2025 12:00:00 AM,Marshall Elementary,861,Moore A,MAR02 AM,7:35:00 AM,7:42:18 AM,,7:42:18 AM,,,
9/30/2025 12:00:00 AM,Marshall Elementary,862,Brown K,MAR03 AM,7:35:00 AM,7:17:05 AM,,7:17:05 AM,,,
9/30/2025 12:00:00 AM,Marshall Elementary,863,Moore A,MAR04 AM,7:35:00 AM,7:10:59 AM,,7:10:59 AM,,,
9/30/2025 12:00:00 AM,Marshall Elementary,864,Williams M,MAR05 AM,7:35:00 AM,7:22:57 AM,,7:22:57 AM,,,
9/30/2025 12:00:00 AM,Reynolds Elementary,870,Wilson J,REY01 AM,7:35:00 AM,7:17:57 AM,,7:17:57 AM,,,
9/30/2025 12:00:00 AM,Reynolds Elementary,871,Thomas D,REY02 AM,7:35:00 AM,7:49:17 AM,,7:49:17 AM,,,
9/30/2025 12:00:00 AM,Reynolds Elementary,872,Williams M,REY03 AM,7:35:00 AM,7:15:39 AM,,7:15:39 AM,,,
9/30/2025 12:00:00 AM,Reynolds Elementary,873,Davis R,REY04 AM,7:35:00 AM,7:22:49 AM,,7:22:49 AM,,,
9/30/2025 12:00:00 AM,Reynolds Elementary,874,Moore A,REY05 AM,7:35:00 AM,7:16:36 AM,,7:16:36 AM,,,
9/30/2025 12:00:00 AM,Westfield Middle School,880,Brown K,WES01 AM,8:05:00 AM,7:42:02 AM,,7:42:02 AM,,,
9/30/2025 12:00:00 AM,Westfield Middle School,881,Johnson T,WES02 AM,8:05:00 AM,8:06:38 AM,,8:06:38 AM,,,
9/30/2025 12:00:00 AM,Westfield Middle School,882,Williams M,WES03 AM,8:05:00 AM,7:52:15 AM,,7:52:15 AM,,,
9/30/2025 12:00:00 AM,Westfield Middle School,883,Williams M,WES04 AM,8:05:00 AM,7:47:03 AM,,7:47:03 AM,,,
9/30/2025 12:00:00 AM,Lakewood Middle School,890,Miller S,LAK01 AM,8:05:00 AM,7:59:25 AM,,7:59:25 AM,,,
9/30/2025 12:00:00 AM,Lakewood Middle School,891,Moore A,LAK02 AM,8:05:00 AM,7:47:54 AM,,7:47:54 AM,,,
9/30/2025 12:00:00 AM,Lakewood Middle School,892,Miller S,LAK03 AM,8:05:00 AM,7:58:33 AM,,7:58:33 AM,,,
9/30/2025 12:00:00 AM,Lakewood Middle School,893,Brown K,LAK04 AM,8:05:00 AM,7:57:00 AM,,7:57:00 AM,,,
9/30/2025 12:00:00 AM,Riverside Middle School,900,Johnson T,RIV01 AM,8:05:00 AM,7:53:23 AM,,7:53:23 AM,,,
9/30/2025 12:00:00 AM,Riverside Middle School,901,Moore A,RIV02 AM,8:05:00 AM,,,7:54:41 AM,,,
9/30/2025 12:00:00 AM,Riverside Middle School,902,Williams M,RIV03 AM,8:05:00 AM,7:56:11 AM,,7:56:11 AM,,,
9/30/2025 12:00:00 AM,Riverside Middle School,903,Williams M,RIV04 AM,8:05:00 AM,7:44:28 AM,,7:44:28 AM,,,
9/30/2025 12:00:00 AM,Metro High School,910,Johnson T,MET01 AM,8:55:00 AM,8:44:36 AM,,8:44:36 AM,,,
9/30/2025 12:00:00 AM,Metro High School,911,Taylor B,MET02 AM,8:55:00 AM,8:56:47 AM,,8:56:47 AM,,,
9/30/2025 12:00:00 AM,Metro High School,912,Williams M,MET03 AM,8:55:00 AM,8:49:16 AM,,8:49:16 AM,,,
9/30/2025 12:00:00 AM,Northgate High School,920,Moore A,NOR01 AM,8:55:00 AM,8:45:53 AM,,8:45:53 AM,,,
9/30/2025 12:00:00 AM,Northgate High School,921,Davis R,NOR02 AM,8:55:00 AM,9:05:37 AM,,9:05:37 AM,,,
9/30/2025 12:00:00 AM,Northgate High School,922,Williams M,NOR03 AM,8:55:00 AM,8:37:44 AM,,8:37:44 AM,,,
10/1/2025 12:00:00 AM,Anderson Elementary,800,Moore A,AND01 AM,7:35:00 AM,7:21:39 AM,,7:21:39 AM,,,
10/1/2025 12:00:00 AM,Anderson Elementary,801,Davis R,AND02 AM,7:35:00 AM,7:37:43 AM,,7:37:43 AM,,,
10/1/2025 12:00:00 AM,Anderson Elementary,802,Wilson J,AND03 AM,7:35:00 AM,7:11:26 AM,,7:11:26 AM,,,
10/1/2025 12:00:00 AM,Anderson Elementary,803,Johnson T,AND04 AM,7:35:00 AM,7:11:33 AM,,7:11:33 AM,,,
10/1/2025 12:00:00 AM,Anderson Elementary,804,Johnson T,AND05 AM,7:35:00 AM,7:28:29 AM,,7:28:29 AM,,,
10/1/2025 12:00:00 AM,Bammel Elementary,810,Davis R,BAM01 AM,7:35:00 AM,7:20:56 AM,,7:20:56 AM,,,
10/1/2025 12:00:00 AM,Bammel Elementary,811,Thomas D,BAM02 AM,7:35:00 AM,7:46:09 AM,,7:46:09 AM,,,
10/1/2025 12:00:00 AM,Bammel Elementary,812,Johnson T,BAM03 AM,7:35:00 AM,7:38:26 AM,,7:38:26 AM,,,
10/1/2025 12:00:00 AM,Bammel Elementary,813,Anderson C,BAM04 AM,7:35:00 AM,7:28:29 AM,,7:28:29 AM,,,
10/1/2025 12:00:00 AM,Bammel Elementary,814,Miller S,BAM05 AM,7:35:00 AM,7:41:48 AM,,7:41:48 AM,,,
10/1/2025 12:00:00 AM,Cooper Elementary,820,Brown K,COO01 AM,7:35:00 AM,7:16:40 AM,,7:16:40 AM,,,
10/1/2025 12:00:00 AM,Cooper Elementary,821,Thomas D,COO02 AM,7:35:00 AM,7:18:54 AM,,7:18:54 AM,,,
10/1/2025 12:00:00 AM,Cooper Elementary,822,Johnson T,COO03 AM,7:35:00 AM,7:27:29 AM,,7:27:29 AM,,,
10/1/2025 12:00:00 AM,Cooper Elementary,823,Davis R,COO04 AM,7:35:00 AM,7:11:24 AM,,7:11:24 AM,,,
10/1/2025 12:00:00 AM,Cooper Elementary,824,Johnson T,COO05 AM,7:35:00 AM,7:30:47 AM,,7:30:47 AM,,,
10/1/2025 12:00:00 AM,Heritage Elementary,830,Williams M,HER01 AM,7:35:00 AM,7:38:14 AM,,7:38:14 AM,,,
10/1/2025 12:00:00 AM,Heritage Elementary,831,Thomas D,HER02 AM,7:35:00 AM,7:16:00 AM,,7:16:00 AM,,,
10/1/2025 12:00:00 AM,Heritage Elementary,832,Wilson J,HER03 AM,7:35:00 AM,7:17:16 AM,,7:17:16 AM,,,
10/1/2025 12:00:00 AM,Heritage Elementary,833,Johnson T,HER04 AM,7:35:00 AM,7:49:25 AM,,7:49:25 AM,,,
10/1/2025 12:00:00 AM,Heritage Elementary,834,Thomas D,HER05 AM,7:35:00 AM,7:15:15 AM,,7:15:15 AM,,,
10/1/2025 12:00:00 AM,Jenkins Elementary,840,Johnson T,JEN01 AM,7:35:00 AM,7:16:38 AM,,7:16:38 AM,,,
10/1/2025 12:00:00 AM,Jenkins Elementary,841,Taylor B,JEN02 AM,7:35:00 AM,7:49:56 AM,,7:49:56 AM,,,
10/1/2025 12:00:00 AM,Jenkins Elementary,842,Brown K,JEN03 AM,7:35:00 AM,7:45:39 AM,,7:45:39 AM,,,
10/1/2025 12:00:00 AM,Jenkins Elementary,843,Davis R,JEN04 AM,7:35:00 AM,7:42:39 AM,,7:42:39 AM,,,
10/1/2025 12:00:00 AM,Jenkins Elementary,844,Davis R,JEN05 AM,7:35:00 AM,7:13:47 AM,,7:13:47 AM,,,
10/1/2025 12:00:00 AM,Lewis Elementary,850,Moore A,LEW01 AM,7:35:00 AM,7:27:15 AM,,7:27:15 AM,,,
10/1/2025 12:00:00 AM,Lewis Elementary,851,Wilson J,LEW02 AM,7:35:00 AM,7:14:47 AM,,7:14:47 AM,,,
10/1/2025 12:00:00 AM,Lewis Elementary,852,Williams M,LEW03 AM,7:35:00 AM,7:29:41 AM,,7:29:41 AM,,,
10/1/2025 12:00:00 AM,Lewis Elementary,853,Miller S,LEW04 AM,7:35:00 AM,,,7:23:46 AM,,,
10/1/2025 12:00:00 AM,Lewis Elementary,854,Anderson C,LEW05 AM,7:35:00 AM,7:43:20 AM,,7:43:20 AM,,,
10/1/2025 12:00:00 AM,Marshall Elementary,860,Moore A,MAR01 AM,7:35:00 AM,7:26:18 AM,,7:26:18 AM,,,
10/1/2025 12:00:00 AM,Marshall Elementary,861,Wilson J,MAR02 AM,7:35:00 AM,7:36:36 AM,,7:36:36 AM,,,
10/1/2025 12:00:00 AM,Marshall Elementary,862,Thomas D,MAR03 AM,7:35:00 AM,7:12:52 AM,,7:12:52 AM,,,
10/1/2025 12:00:00 AM,Marshall Elementary,863,Taylor B,MAR04 AM,7:35:00 AM,7:23:40 AM,,7:23:40 AM,,,
10/1/2025 12:00:00 AM,Marshall Elementary,864,Taylor B,MAR05 AM,7:35:00 AM,7:10:58 AM,,7:10:58 AM,,,
10/1/2025 12:00:00 AM,Reynolds Elementary,870,Miller S,REY01 AM,7:35:00 AM,7:25:20 AM,,7:25:20 AM,,,
10/1/2025 12:00:00 AM,Reynolds Elementary,871,Johnson T,REY02 AM,7:35:00 AM,7:15:31 AM,,7:15:31 AM,,,
10/1/2025 12:00:00 AM,Reynolds Elementary,872,Thomas D,REY03 AM,7:35:00 AM,7:25:02 AM,,7:25:02 AM,,,
10/1/2025 12:00:00 AM,Reynolds Elementary,873,Anderson C,REY04 AM,7:35:00 AM,7:24:29 AM,,7:24:29 AM,,,
10/1/2025 12:00:00 AM,Reynolds Elementary,874,Taylor B,REY05 AM,7:35:00 AM,7:11:00 AM,,7:11:00 AM,,,
10/1/2025 12:00:00 AM,Westfield Middle School,880,Davis R,WES01 AM,8:05:00 AM,7:58:59 AM,,7:58:59 AM,,,
10/1/2025 12:00:00 AM,Westfield Middle School,881,Taylor B,WES02 AM,8:05:00 AM,7:43:54 AM,,7:43:54 AM,,,
10/1/2025 12:00:00 AM,Westfield Middle School,882,Wilson J,WES03 AM,8:05:00 AM,7:49:24 AM,,7:49:24 AM,,,
10/1/2025 12:00:00 AM,Westfield Middle School,883,Wilson J,WES04 AM,8:05:00 AM,7:58:46 AM,,7:58:46 AM,,,
10/1/2025 12:00:00 AM,Lakewood Middle School,890,Wilson J,LAK01 AM,8:05:00 AM,7:57:58 AM,,7:57:58 AM,,,
10/1/2025 12:00:00 AM,Lakewood Middle School,891,Johnson T,LAK02 AM,8:05:00 AM,7:50:57 AM,,7:50:57 AM,,,
10/1/2025 12:00:00 AM,Lakewood Middle School,892,Brown K,LAK03 AM,8:05:00 AM,7:43:01 AM,,7:43:01 AM,,,
10/1/2025 12:00:00 AM,Lakewood Middle School,893,Anderson C,LAK04 AM,8:05:00 AM,7:43:35 AM,,7:43:35 AM,,,
10/1/2025 12:00:00 AM,Riverside Middle School,900,Johnson T,RIV01 AM,8:05:00 AM,7:50:10 AM,,7:50:10 AM,,,
10/1/2025 12:00:00 AM,Riverside Middle School,901,Davis R,RIV02 AM,8:05:00 AM,7:50:46 AM,,7:50:46 AM,,,
10/1/2025 12:00:00 AM,Riverside Middle School,902,Anderson C,RIV03 AM,8:05:00 AM,7:47:31 AM,,7:47:31 AM,,,
10/1/2025 12:00:00 AM,Riverside Middle School,903,Thomas D,RIV04 AM,8:05:00 AM,7:40:56 AM,,7:40:56 AM,,,
10/1/2025 12:00:00 AM,Metro High School,910,Williams M,MET01 AM,8:55:00 AM,8:33:17 AM,,8:33:17 AM,,,
10/1/2025 12:00:00 AM,Metro High School,911,Thomas D,MET02 AM,8:55:00 AM,8:49:18 AM,,8:49:18 AM,,,
10/1/2025 12:00:00 AM,Metro High School,912,Taylor B,MET03 AM,8:55:00 AM,9:01:45 AM,,9:01:45 AM,,,
10/1/2025 12:00:00 AM,Northgate High School,920,Davis R,NOR01 AM,8:55:00 AM,8:48:18 AM,,8:48:18 AM,,,
10/1/2025 12:00:00 AM,Northgate High School,921,Taylor B,NOR02 AM,8:55:00 AM,8:37:08 AM,,8:37:08 AM,,,
10/1/2025 12:00:00 AM,Northgate High School,922,Johnson T,NOR03 AM,8:55:00 AM,8:38:04 AM,,8:38:04 AM,,,
10/2/2025 12:00:00 AM,Anderson Elementary,800,Davis R,AND01 AM,7:35:00 AM,7:44:25 AM,,7:44:25 AM,,,
10/2/2025 12:00:00 AM,Anderson Elementary,801,Johnson T,AND02 AM,7:35:00 AM,7:14:56 AM,,7:14:56 AM,,,
10/2/2025 12:00:00 AM,Anderson Elementary,802,Davis R,AND03 AM,7:35:00 AM,7:12:07 AM,,7:12:07 AM,,,
10/2/2025 12:00:00 AM,Anderson Elementary,803,Thomas D,AND04 AM,7:35:00 AM,7:25:44 AM,,7:25:44 AM,,,
10/2/2025 12:00:00 AM,Anderson Elementary,804,Williams M,AND05 AM,7:35:00 AM,7:25:25 AM,,7:25:25 AM,,,
10/2/2025 12:00:00 AM,Bammel Elementary,810,Taylor B,BAM01 AM,7:35:00 AM,7:46:20 AM,,7:46:20 AM,,,
10/2/2025 12:00:00 AM,Bammel Elementary,811,Miller S,BAM02 AM,7:35:00 AM,7:20:14 AM,,7:20:14 AM,,,
10/2/2025 12:00:00 AM,Bammel Elementary,812,Wilson J,BAM03 AM,7:35:00 AM,7:14:13 AM,,7:14:13 AM,,,
10/2/2025 12:00:00 AM,Bammel Elementary,813,Wilson J,BAM04 AM,7:35:00 AM,7:15:39 AM,,7:15:39 AM,,,
10/2/2025 12:00:00 AM,Bammel Elementary,814,Moore A,BAM05 AM,7:35:00 AM,7:40:34 AM,,7:40:34 AM,,,
10/2/2025 12:00:00 AM,Cooper Elementary,820,Brown K,COO01 AM,7:35:00 AM,7:28:23 AM,,7:28:23 AM,,,
10/2/2025 12:00:00 AM,Cooper Elementary,821,Williams M,COO02 AM,7:35:00 AM,7:27:20 AM,,7:27:20 AM,,,
10/2/2025 12:00:00 AM,Cooper Elementary,822,Williams M,COO03 AM,7:35:00 AM,7:12:20 AM,,7:12:20 AM,,,
10/2/2025 12:00:00 AM,Cooper Elementary,823,Williams M,COO04 AM,7:35:00 AM,7:20:44 AM,,7:20:44 AM,,,
10/2/2025 12:00:00 AM,Cooper Elementary,824,Anderson C,COO05 AM,7:35:00 AM,7:13:25 AM,,7:13:25 AM,,,
10/2/2025 12:00:00 AM,Heritage Elementary,830,Williams M,HER01 AM,7:35:00 AM,7:24:56 AM,,7:24:56 AM,,,
10/2/2025 12:00:00 AM,Heritage Elementary,831,Wilson J,HER02 AM,7:35:00 AM,7:29:49 AM,,7:29:49 AM,,,
10/2/2025 12:00:00 AM,Heritage Elementary,832,Davis R,HER03 AM,7:35:00 AM,7:10:06 AM,,7:10:06 AM,,,
10/2/2025 12:00:00 AM,Heritage Elementary,833,Brown K,HER04 AM,7:35:00 AM,7:11:44 AM,,7:11:44 AM,,,
10/2/2025 12:00:00 AM,Heritage Elementary,834,Anderson C,HER05 AM,7:35:00 AM,7:20:15 AM,,7:20:15 AM,,,
10/2/2025 12:00:00 AM,Jenkins Elementary,840,Brown K,JEN01 AM,7:35:00 AM,7:16:30 AM,,7:16:30 AM,,,
10/2/2025 12:00:00 AM,Jenkins Elementary,841,Brown K,JEN02 AM,7:35:00 AM,7:23:43 AM,,7:23:43 AM,,,
10/2/2025 12:00:00 AM,Jenkins Elementary,842,Brown K,JEN03 AM,7:35:00 AM,7:21:08 AM,,7:21:08 AM,,,
10/2/2025 12:00:00 AM,Jenkins Elementary,843,Taylor B,JEN04 AM,7:35:00 AM,7:20:55 AM,,7:20:55 AM,,,
10/2/2025 12:00:00 AM,Jenkins Elementary,844,Moore A,JEN05 AM,7:35:00 AM,7:11:39 AM,,7:11:39 AM,,,
10/2/2025 12:00:00 AM,Lewis Elementary,850,Davis R,LEW01 AM,7:35:00 AM,7:25:49 AM,,7:25:49 AM,,,
10/2/2025 12:00:00 AM,Lewis Elementary,851,Moore A,LEW02 AM,7:35:00 AM,7:44:44 AM,,7:44:44 AM,,,
10/2/2025 12:00:00 AM,Lewis Elementary,852,Davis R,LEW03 AM,7:35:00 AM,7:29:15 AM,,7:29:15 AM,,,
10/2/2025 12:00:00 AM,Lewis Elementary,853,Miller S,LEW04 AM,7:35:00 AM,7:29:40 AM,,7:29:40 AM,,,
10/2/2025 12:00:00 AM,Lewis Elementary,854,Wilson J,LEW05 AM,7:35:00 AM,7:17:29 AM,,7:17:29 AM,,,
10/2/2025 12:00:00 AM,Marshall Elementary,860,Johnson T,MAR01 AM,7:35:00 AM,7:18:12 AM,,7:18:12 AM,,,
10/2/2025 12:00:00 AM,Marshall Elementary,861,Williams M,MAR02 AM,7:35:00 AM,7:16:17 AM,,7:16:17 AM,,,
10/2/2025 12:00:00 AM,Marshall Elementary,862,Thomas D,MAR03 AM,7:35:00 AM,7:12:53 AM,,7:12:53 AM,,,
10/2/2025 12:00:00 AM,Marshall Elementary,863,Johnson T,MAR04 AM,7:35:00 AM,7:11:56 AM,,7:11:56 AM,,,
10/2/2025 12:00:00 AM,Marshall Elementary,864,Moore A,MAR05 AM,7:35:00 AM,7:42:18 AM,,7:42:18 AM,,,
10/2/2025 12:00:00 AM,Reynolds Elementary,870,Williams M,REY01 AM,7:35:00 AM,7:13:37 AM,,7:13:37 AM,,,
10/2/2025 12:00:00 AM,Reynolds Elementary,871,Miller S,REY02 AM,7:35:00 AM,7:20:14 AM,,7:20:14 AM,,,
10/2/2025 12:00:00 AM,Reynolds Elementary,872,Davis R,REY03 AM,7:35:00 AM,7:14:45 AM,,7:14:45 AM,,,
10/2/2025 12:00:00 AM,Reynolds Elementary,873,Anderson C,REY04 AM,7:35:00 AM,7:28:54 AM,,7:28:54 AM,,,
10/2/2025 12:00:00 AM,Reynolds Elementary,874,Taylor B,REY05 AM,7:35:00 AM,7:13:54 AM,,7:13:54 AM,,,
10/2/2025 12:00:00 AM,Westfield Middle School,880,Miller S,WES01 AM,8:05:00 AM,7:49:25 AM,,7:49:25 AM,,,
10/2/2025 12:00:00 AM,Westfield Middle School,881,Moore A,WES02 AM,8:05:00 AM,7:41:17 AM,,7:41:17 AM,,,
10/2/2025 12:00:00 AM,Westfield Middle School,882,Taylor B,WES03 AM,8:05:00 AM,7:48:51 AM,,7:48:51 AM,,,
10/2/2025 12:00:00 AM,Westfield Middle School,883,Johnson T,WES04 AM,8:05:00 AM,7:50:22 AM,,7:50:22 AM,,,
10/2/2025 12:00:00 AM,Lakewood Middle School,890,Wilson J,LAK01 AM,8:05:00 AM,7:49:56 AM,,7:49:56 AM,,,
10/2/2025 12:00:00 AM,Lakewood Middle School,891,Anderson C,LAK02 AM,8:05:00 AM,7:44:50 AM,,7:44:50 AM,,,
10/2/2025 12:00:00 AM,Lakewood Middle School,892,Wilson J,LAK03 AM,8:05:00 AM,7:57:09 AM,,7:57:09 AM,,,
10/2/2025 12:00:00 AM,Lakewood Middle School,893,Miller S,LAK04 AM,8:05:00 AM,7:54:12 AM,,7:54:12 AM,,,
10/2/2025 12:00:00 AM,Riverside Middle School,900,Johnson T,RIV01 AM,8:05:00 AM,7:46:01 AM,,7:46:01 AM,,,
10/2/2025 12:00:00 AM,Riverside Middle School,901,Davis R,RIV02 AM,8:05:00 AM,7:47:03 AM,,7:47:03 AM,,,
10/2/2025 12:00:00 AM,Riverside Middle School,902,Miller S,RIV03 AM,8:05:00 AM,7:54:17 AM,,7:54:17 AM,,,
10/2/2025 12:00:00 AM,Riverside Middle School,903,Taylor B,RIV04 AM,8:05:00 AM,7:42:56 AM,,7:42:56 AM,,,
10/2/2025 12:00:00 AM,Metro High School,910,Thomas D,MET01 AM,8:55:00 AM,8:50:19 AM,,8:50:19 AM,,,
10/2/2025 12:00:00 AM,Metro High School,911,Johnson T,MET02 AM,8:55:00 AM,8:35:40 AM,,8:35:40 AM,,,
10/2/2025 12:00:00 AM,Metro High School,912,Brown K,MET03 AM,8:55:00 AM,8:37:00 AM,,8:37:00 AM,,,
10/2/2025 12:00:00 AM,Northgate High School,920,Davis R,NOR01 AM,8:55:00 AM,9:01:58 AM,,9:01:58 AM,,,
10/2/2025 12:00:00 AM,Northgate High School,921,Miller S,NOR02 AM,8:55:00 AM,8:43:06 AM,,8:43:06 AM,,,
10/2/2025 12:00:00 AM,Northgate High School,922,Wilson J,NOR03 AM,8:55:00 AM,8:57:42 AM,,8:57:42 AM,,,
10/3/2025 12:00:00 AM,Anderson Elementary,800,Johnson T,AND01 AM,7:35:00 AM,7:26:53 AM,,7:26:53 AM,,,
10/3/2025 12:00:00 AM,Anderson Elementary,801,Moore A,AND02 AM,7:35:00 AM,7:10:49 AM,,7:10:49 AM,,,
10/3/2025 12:00:00 AM,Anderson Elementary,802,Miller S,AND03 AM,7:35:00 AM,7:17:53 AM,,7:17:53 AM,,,
10/3/2025 12:00:00 AM,Anderson Elementary,803,Brown K,AND04 AM,7:35:00 AM,7:24:42 AM,,7:24:42 AM,,,
10/3/2025 12:00:00 AM,Anderson Elementary,804,Anderson C,AND05 AM,7:35:00 AM,7:21:49 AM,,7:21:49 AM,,,
10/3/2025 12:00:00 AM,Bammel Elementary,810,Thomas D,BAM01 AM,7:35:00 AM,7:50:26 AM,,7:50:26 AM,,,
10/3/2025 12:00:00 AM,Bammel Elementary,811,Thomas D,BAM02 AM,7:35:00 AM,7:12:01 AM,,7:12:01 AM,,,
10/3/2025 12:00:00 AM,Bammel Elementary,812,Miller S,BAM03 AM,7:35:00 AM,7:47:34 AM,,7:47:34 AM,,,
10/3/2025 12:00:00 AM,Bammel Elementary,813,Wilson J,BAM04 AM,7:35:00 AM,7:28:40 AM,,7:28:40 AM,,,
10/3/2025 12:00:00 AM,Bammel Elementary,814,Thomas D,BAM05 AM,7:35:00 AM,7:16:47 AM,,7:16:47 AM,,,
10/3/2025 12:00:00 AM,Cooper Elementary,820,Thomas D,COO01 AM,7:35:00 AM,7:14:38 AM,,7:14:38 AM,,,
10/3/2025 12:00:00 AM,Cooper Elementary,821,Taylor B,COO02 AM,7:35:00 AM,7:14:01 AM,,7:14:01 AM,,,
10/3/2025 12:00:00 AM,Cooper Elementary,822,Williams M,COO03 AM,7:35:00 AM,7:10:50 AM,,7:10:50 AM,,,
10/3/2025 12:00:00 AM,Cooper Elementary,823,Brown K,COO04 AM,7:35:00 AM,7:46:50 AM,,7:46:50 AM,,,
10/3/2025 12:00:00 AM,Cooper Elementary,824,Taylor B,COO05 AM,7:35:00 AM,7:18:24 AM,,7:18:24 AM,,,
10/3/2025 12:00:00 AM,Heritage Elementary,830,Brown K,HER01 AM,7:35:00 AM,7:26:24 AM,,7:26:24 AM,,,
10/3/2025 12:00:00 AM,Heritage Elementary,831,Miller S,HER02 AM,7:35:00 AM,7:16:58 AM,,7:16:58 AM,,,
10/3/2025 12:00:00 AM,Heritage Elementary,832,Anderson C,HER03 AM,7:35:00 AM,7:23:12 AM,,7:23:12 AM,,,
10/3/2025 12:00:00 AM,Heritage Elementary,833,Davis R,HER04 AM,7:35:00 AM,7:20:21 AM,,7:20:21 AM,,,
10/3/2025 12:00:00 AM,Heritage Elementary,834,Taylor B,HER05 AM,7:35:00 AM,7:23:33 AM,,7:23:33 AM,,,
10/3/2025 12:00:00 AM,Jenkins Elementary,840,Miller S,JEN01 AM,7:35:00 AM,7:15:03 AM,,7:15:03 AM,,,
10/3/2025 12:00:00 AM,Jenkins Elementary,841,Moore A,JEN02 AM,7:35:00 AM,7:16:07 AM,,7:16:07 AM,,,
10/3/2025 12:00:00 AM,Jenkins Elementary,842,Taylor B,JEN03 AM,7:35:00 AM,7:43:39 AM,,7:43:39 AM,,,
10/3/2025 12:00:00 AM,Jenkins Elementary,843,Moore A,JEN04 AM,7:35:00 AM,7:22:26 AM,,7:22:26 AM,,,
10/3/2025 12:00:00 AM,Jenkins Elementary,844,Johnson T,JEN05 AM,7:35:00 AM,7:24:08 AM,,7:24:08 AM,,,
10/3/2025 12:00:00 AM,Lewis Elementary,850,Thomas D,LEW01 AM,7:35:00 AM,7:41:28 AM,,7:41:28 AM,,,
10/3/2025 12:00:00 AM,Lewis Elementary,851,Anderson C,LEW02 AM,7:35:00 AM,7:13:49 AM,,7:13:49 AM,,,
10/3/2025 12:00:00 AM,Lewis Elementary,852,Brown K,LEW03 AM,7:35:00 AM,7:39:14 AM,,7:39:14 AM,,,
10/3/2025 12:00:00 AM,Lewis Elementary,853,Miller S,LEW04 AM,7:35:00 AM,7:12:27 AM,,7:12:27 AM,,,
10/3/2025 12:00:00 AM,Lewis Elementary,854,Miller S,LEW05 AM,7:35:00 AM,7:27:22 AM,,7:27:22 AM,,,
10/3/2025 12:00:00 AM,Marshall Elementary,860,Thomas D,MAR01 AM,7:35:00 AM,,,7:26:10 AM,,,
10/3/2025 12:00:00 AM,Marshall Elementary,861,Anderson C,MAR02 AM,7:35:00 AM,7:21:57 AM,,7:21:57 AM,,,
10/3/2025 12:00:00 AM,Marshall Elementary,862,Thomas D,MAR03 AM,7:35:00 AM,7:13:13 AM,,7:13:13 AM,,,
10/3/2025 12:00:00 AM,Marshall Elementary,863,Moore A,MAR04 AM,7:35:00 AM,7:10:15 AM,,7:10:15 AM,,,
10/3/2025 12:00:00 AM,Marshall Elementary,864,Thomas D,MAR05 AM,7:35:00 AM,7:25:07 AM,,7:25:07 AM,,,
10/3/2025 12:00:00 AM,Reynolds Elementary,870,Moore A,REY01 AM,7:35:00 AM,7:28:00 AM,,7:28:00 AM,,,
10/3/2025 12:00:00 AM,Reynolds Elementary,871,Brown K,REY02 AM,7:35:00 AM,7:23:17 AM,,7:23:17 AM,,,
10/3/2025 12:00:00 AM,Reynolds Elementary,872,Davis R,REY03 AM,7:35:00 AM,7:43:22 AM,,7:43:22 AM,,,
10/3/2025 12:00:00 AM,Reynolds Elementary,873,Miller S,REY04 AM,7:35:00 AM,7:18:07 AM,,7:18:07 AM,,,
10/3/2025 12:00:00 AM,Reynolds Elementary,874,Miller S,REY05 AM,7:35:00 AM,7:19:27 AM,,7:19:27 AM,,,
10/3/2025 12:00:00 AM,Westfield Middle School,880,Brown K,WES01 AM,8:05:00 AM,7:58:36 AM,,7:58:36 AM,,,
10/3/2025 12:00:00 AM,Westfield Middle School,881,Thomas D,WES02 AM,8:05:00 AM,7:40:11 AM,,7:40:11 AM,,,
10/3/2025 12:00:00 AM,Westfield Middle School,882,Johnson T,WES03 AM,8:05:00 AM,,,7:42:47 AM,,,
10/3/2025 12:00:00 AM,Westfield Middle School,883,Miller S,WES04 AM,8:05:00 AM,8:20:43 AM,,8:20:43 AM,,,
10/3/2025 12:00:00 AM,Lakewood Middle School,890,Johnson T,LAK01 AM,8:05:00 AM,7:53:14 AM,,7:53:14 AM,,,
10/3/2025 12:00:00 AM,Lakewood Middle School,891,Thomas D,LAK02 AM,8:05:00 AM,7:56:22 AM,,7:56:22 AM,,,
10/3/2025 12:00:00 AM,Lakewood Middle School,892,Wilson J,LAK03 AM,8:05:00 AM,7:56:55 AM,,7:56:55 AM,,,
10/3/2025 12:00:00 AM,Lakewood Middle School,893,Williams M,LAK04 AM,8:05:00 AM,7:59:44 AM,,7:59:44 AM,,,
10/3/2025 12:00:00 AM,Riverside Middle School,900,Williams M,RIV01 AM,8:05:00 AM,7:42:05 AM,,7:42:05 AM,,,
10/3/2025 12:00:00 AM,Riverside Middle School,901,Johnson T,RIV02 AM,8:05:00 AM,7:43:04 AM,,7:43:04 AM,,,
10/3/2025 12:00:00 AM,Riverside Middle School,902,Brown K,RIV03 AM,8:05:00 AM,7:46:53 AM,,7:46:53 AM,,,
10/3/2025 12:00:00 AM,Riverside Middle School,903,Davis R,RIV04 AM,8:05:00 AM,7:58:23 AM,,7:58:23 AM,,,
10/3/2025 12:00:00 AM,Metro High School,910,Johnson T,MET01 AM,8:55:00 AM,8:34:27 AM,,8:34:27 AM,,,
10/3/2025 12:00:00 AM,Metro High School,911,Miller S,MET02 AM,8:55:00 AM,8:47:18 AM,,8:47:18 AM,,,
10/3/2025 12:00:00 AM,Metro High School,912,Thomas D,MET03 AM,8:55:00 AM,8:50:06 AM,,8:50:06 AM,,,
10/3/2025 12:00:00 AM,Northgate High School,920,Brown K,NOR01 AM,8:55:00 AM,,,8:42:14 AM,,,
10/3/2025 12:00:00 AM,Northgate High School,921,Wilson J,NOR02 AM,8:55:00 AM,8:30:01 AM,,8:30:01 AM,,,
10/3/2025 12:00:00 AM,Northgate High School,922,Miller S,NOR03 AM,8:55:00 AM,8:32:06 AM,,8:32:06 AM,,,
10/6/2025 12:00:00 AM,Anderson Elementary,800,Thomas D,AND01 AM,7:35:00 AM,7:17:43 AM,,7:17:43 AM,,,
10/6/2025 12:00:00 AM,Anderson Elementary,801,Taylor B,AND02 AM,7:35:00 AM,7:30:11 AM,,7:30:11 AM,,,
10/6/2025 12:00:00 AM,Anderson Elementary,802,Davis R,AND03 AM,7:35:00 AM,7:16:40 AM,,7:16:40 AM,,,
10/6/2025 12:00:00 AM,Anderson Elementary,803,Taylor B,AND04 AM,7:35:00 AM,7:19:25 AM,,7:19:25 AM,,,
10/6/2025 12:00:00 AM,Anderson Elementary,804,Williams M,AND05 AM,7:35:00 AM,7:18:10 AM,,7:18:10 AM,,,
10/6/2025 12:00:00 AM,Bammel Elementary,810,Williams M,BAM01 AM,7:35:00 AM,7:19:14 AM,,7:19:14 AM,,,
10/6/2025 12:00:00 AM,Bammel Elementary,811,Moore A,BAM02 AM,7:35:00 AM,7:20:42 AM,,7:20:42 AM,,,
10/6/2025 12:00:00 AM,Bammel Elementary,812,Thomas D,BAM03 AM,7:35:00 AM,7:20:47 AM,,7:20:47 AM,,,
10/6/2025 12:00:00 AM,Bammel Elementary,813,Thomas D,BAM04 AM,7:35:00 AM,7:27:21 AM,,7:27:21 AM,,,
10/6/2025 12:00:00 AM,Bammel Elementary,814,Anderson C,BAM05 AM,7:35:00 AM,7:41:17 AM,,7:41:17 AM,,,
10/6/2025 12:00:00 AM,Cooper Elementary,820,Moore A,COO01 AM,7:35:00 AM,7:18:46 AM,,7:18:46 AM,,,
10/6/2025 12:00:00 AM,Cooper Elementary,821,Williams M,COO02 AM,7:35:00 AM,7:19:55 AM,,7:19:55 AM,,,
10/6/2025 12:00:00 AM,Cooper Elementary,822,Johnson T,COO03 AM,7:35:00 AM,7:15:51 AM,,7:15:51 AM,,,
10/6/2025 12:00:00 AM,Cooper Elementary,823,Miller S,COO04 AM,7:35:00 AM,7:17:52 AM,,7:17:52 AM,,,
10/6/2025 12:00:00 AM,Cooper Elementary,824,Davis R,COO05 AM,7:35:00 AM,7:27:18 AM,,7:27:18 AM,,,
10/6/2025 12:00:00 AM,Heritage Elementary,830,Brown K,HER01 AM,7:35:00 AM,7:10:10 AM,,7:10:10 AM,,,
10/6/2025 12:00:00 AM,Heritage Elementary,831,Taylor B,HER02 AM,7:35:00 AM,7:12:55 AM,,7:12:55 AM,,,
10/6/2025 12:00:00 AM,Heritage Elementary,832,Williams M,HER03 AM,7:35:00 AM,7:17:44 AM,,7:17:44 AM,,,
10/6/2025 12:00:00 AM,Heritage Elementary,833,Anderson C,HER04 AM,7:35:00 AM,7:20:14 AM,,7:20:14 AM,,,
10/6/2025 12:00:00 AM,Heritage Elementary,834,Williams M,HER05 AM,7:35:00 AM,7:23:36 AM,,7:23:36 AM,,,
10/6/2025 12:00:00 AM,Jenkins Elementary,840,Davis R,JEN01 AM,7:35:00 AM,7:17:53 AM,,7:17:53 AM,,,
10/6/2025 12:00:00 AM,Jenkins Elementary,841,Miller S,JEN02 AM,7:35:00 AM,7:29:04 AM,,7:29:04 AM,,,
10/6/2025 12:00:00 AM,Jenkins Elementary,842,Moore A,JEN03 AM,7:35:00 AM,7:21:37 AM,,7:21:37 AM,,,
10/6/2025 12:00:00 AM,Jenkins Elementary,843,Johnson T,JEN04 AM,7:35:00 AM,7:13:53 AM,,7:13:53 AM,,,
10/6/2025 12:00:00 AM,Jenkins Elementary,844,Thomas D,JEN05 AM,7:35:00 AM,7:23:18 AM,,7:23:18 AM,,,
10/6/2025 12:00:00 AM,Lewis Elementary,850,Brown K,LEW01 AM,7:35:00 AM,7:39:20 AM,,7:39:20 AM,,,
10/6/2025 12:00:00 AM,Lewis Elementary,851,Davis R,LEW02 AM,7:35:00 AM,7:42:03 AM,,7:42:03 AM,,,
10/6/2025 12:00:00 AM,Lewis Elementary,852,Brown K,LEW03 AM,7:35:00 AM,7:37:37 AM,,7:37:37 AM,,,
10/6/2025 12:00:00 AM,Lewis Elementary,853,Anderson C,LEW04 AM,7:35:00 AM,7:10:05 AM,,7:10:05 AM,,,
10/6/2025 12:00:00 AM,Lewis Elementary,854,Taylor B,LEW05 AM,7:35:00 AM,7:37:49 AM,,7:37:49 AM,,,
10/6/2025 12:00:00 AM,Marshall Elementary,860,Moore A,MAR01 AM,7:35:00 AM,7:28:15 AM,,7:28:15 AM,,,
10/6/2025 12:00:00 AM,Marshall Elementary,861,Moore A,MAR02 AM,7:35:00 AM,7:12:18 AM,,7:12:18 AM,,,
10/6/2025 12:00:00 AM,Marshall Elementary,862,Wilson J,MAR03 AM,7:35:00 AM,7:29:26 AM,,7:29:26 AM,,,
10/6/2025 12:00:00 AM,Marshall Elementary,863,Brown K,MAR04 AM,7:35:00 AM,7:38:48 AM,,7:38:48 AM,,,
10/6/2025 12:00:00 AM,Marshall Elementary,864,Williams M,MAR05 AM,7:35:00 AM,7:43:37 AM,,7:43:37 AM,,,
10/6/2025 12:00:00 AM,Reynolds Elementary,870,Thomas D,REY01 AM,7:35:00 AM,7:45:14 AM,,7:45:14 AM,,,
10/6/2025 12:00:00 AM,Reynolds Elementary,871,Wilson J,REY02 AM,7:35:00 AM,7:50:25 AM,,7:50:25 AM,,,
10/6/2025 12:00:00 AM,Reynolds Elementary,872,Williams M,REY03 AM,7:35:00 AM,7:18:25 AM,,7:18:25 AM,,,
10/6/2025 12:00:00 AM,Reynolds Elementary,873,Johnson T,REY04 AM,7:35:00 AM,7:10:58 AM,,7:10:58 AM,,,
10/6/2025 12:00:00 AM,Reynolds Elementary,874,Brown K,REY05 AM,7:35:00 AM,7:14:28 AM,,7:14:28 AM,,,
10/6/2025 12:00:00 AM,Westfield Middle School,880,Johnson T,WES01 AM,8:05:00 AM,7:57:31 AM,,7:57:31 AM,,,
10/6/2025 12:00:00 AM,Westfield Middle School,881,Wilson J,WES02 AM,8:05:00 AM,8:16:10 AM,,8:16:10 AM,,,
10/6/2025 12:00:00 AM,Westfield Middle School,882,Miller S,WES03 AM,8:05:00 AM,7:56:33 AM,,7:56:33 AM,,,
10/6/2025 12:00:00 AM,Westfield Middle School,883,Anderson C,WES04 AM,8:05:00 AM,7:41:51 AM,,7:41:51 AM,,,
10/6/2025 12:00:00 AM,Lakewood Middle School,890,Johnson T,LAK01 AM,8:05:00 AM,7:50:12 AM,,7:50:12 AM,,,
10/6/2025 12:00:00 AM,Lakewood Middle School,891,Moore A,LAK02 AM,8:05:00 AM,7:40:44 AM,,7:40:44 AM,,,
10/6/2025 12:00:00 AM,Lakewood Middle School,892,Johnson T,LAK03 AM,8:05:00 AM,7:43:01 AM,,7:43:01 AM,,,
10/6/2025 12:00:00 AM,Lakewood Middle School,893,Miller S,LAK04 AM,8:05:00 AM,7:50:55 AM,,7:50:55 AM,,,
10/6/2025 12:00:00 AM,Riverside Middle School,900,Moore A,RIV01 AM,8:05:00 AM,7:51:46 AM,,7:51:46 AM,,,
10/6/2025 12:00:00 AM,Riverside Middle School,901,Thomas D,RIV02 AM,8:05:00 AM,7:48:14 AM,,7:48:14 AM,,,
10/6/2025 12:00:00 AM,Riverside Middle School,902,Anderson C,RIV03 AM,8:05:00 AM,7:57:42 AM,,7:57:42 AM,,,
10/6/2025 12:00:00 AM,Riverside Middle School,903,Davis R,RIV04 AM,8:05:00 AM,7:48:38 AM,,7:48:38 AM,,,
10/6/2025 12:00:00 AM,Metro High School,910,Thomas D,MET01 AM,8:55:00 AM,8:50:34 AM,,8:50:34 AM,,,
10/6/2025 12:00:00 AM,Metro High School,911,Johnson T,MET02 AM,8:55:00 AM,8:39:57 AM,,8:39:57 AM,,,
10/6/2025 12:00:00 AM,Metro High School,912,Wilson J,MET03 AM,8:55:00 AM,8:43:14 AM,,8:43:14 AM,,,
10/6/2025 12:00:00 AM,Northgate High School,920,Moore A,NOR01 AM,8:55:00 AM,8:43:26 AM,,8:43:26 AM,,,
10/6/2025 12:00:00 AM,Northgate High School,921,Johnson T,NOR02 AM,8:55:00 AM,8:44:30 AM,,8:44:30 AM,,,
10/6/2025 12:00:00 AM,Northgate High School,922,Taylor B,NOR03 AM,8:55:00 AM,8:35:55 AM,,8:35:55 AM,,,
10/7/2025 12:00:00 AM,Anderson Elementary,800,Brown K,AND01 AM,7:35:00 AM,7:38:13 AM,,7:38:13 AM,,,
10/7/2025 12:00:00 AM,Anderson Elementary,801,Wilson J,AND02 AM,7:35:00 AM,7:18:38 AM,,7:18:38 AM,,,
10/7/2025 12:00:00 AM,Anderson Elementary,802,Brown K,AND03 AM,7:35:00 AM,7:12:51 AM,,7:12:51 AM,,,
10/7/2025 12:00:00 AM,Anderson Elementary,803,Brown K,AND04 AM,7:35:00 AM,7:20:43 AM,,7:20:43 AM,,,
10/7/2025 12:00:00 AM,Anderson Elementary,804,Brown K,AND05 AM,7:35:00 AM,7:23:02 AM,,7:23:02 AM,,,
10/7/2025 12:00:00 AM,Bammel Elementary,810,Williams M,BAM01 AM,7:35:00 AM,7:27:31 AM,,7:27:31 AM,,,
10/7/2025 12:00:00 AM,Bammel Elementary,811,Anderson C,BAM02 AM,7:35:00 AM,7:38:57 AM,,7:38:57 AM,,,
10/7/2025 12:00:00 AM,Bammel Elementary,812,Johnson T,BAM03 AM,7:35:00 AM,7:26:52 AM,,7:26:52 AM,,,
10/7/2025 12:00:00 AM,Bammel Elementary,813,Anderson C,BAM04 AM,7:35:00 AM,,,7:48:02 AM,,,
10/7/2025 12:00:00 AM,Bammel Elementary,814,Davis R,BAM05 AM,7:35:00 AM,7:11:14 AM,,7:11:14 AM,,,
10/7/2025 12:00:00 AM,Cooper Elementary,820,Thomas D,COO01 AM,7:35:00 AM,7:17:06 AM,,7:17:06 AM,,,
10/7/2025 12:00:00 AM,Cooper Elementary,821,Anderson C,COO02 AM,7:35:00 AM,7:19:38 AM,,7:19:38 AM,,,
10/7/2025 12:00:00 AM,Cooper Elementary,822,Wilson J,COO03 AM,7:35:00 AM,7:24:08 AM,,7:24:08 AM,,,
10/7/2025 12:00:00 AM,Cooper Elementary,823,Williams M,COO04 AM,7:35:00 AM,7:18:18 AM,,7:18:18 AM,,,
10/7/2025 12:00:00 AM,Cooper Elementary,824,Wilson J,COO05 AM,7:35:00 AM,7:11:44 AM,,7:11:44 AM,,,
10/7/2025 12:00:00 AM,Heritage Elementary,830,Johnson T,HER01 AM,7:35:00 AM,7:15:41 AM,,7:15:41 AM,,,
10/7/2025 12:00:00 AM,Heritage Elementary,831,Anderson C,HER02 AM,7:35:00 AM,7:28:51 AM,,7:28:51 AM,,,
10/7/2025 12:00:00 AM,Heritage Elementary,832,Anderson C,HER03 AM,7:35:00 AM,7:16:01 AM,,7:16:01 AM,,,
10/7/2025 12:00:00 AM,Heritage Elementary,833,Taylor B,HER04 AM,7:35:00 AM,7:19:37 AM,,7:19:37 AM,,,
10/7/2025 12:00:00 AM,Heritage Elementary,834,Moore A,HER05 AM,7:35:00 AM,7:15:05 AM,,7:15:05 AM,,,
10/7/2025 12:00:00 AM,Jenkins Elementary,840,Wilson J,JEN01 AM,7:35:00 AM,7:23:36 AM,,7:23:36 AM,,,
10/7/2025 12:00:00 AM,Jenkins Elementary,841,Miller S,JEN02 AM,7:35:00 AM,7:11:42 AM,,7:11:42 AM,,,
10/7/2025 12:00:00 AM,Jenkins Elementary,842,Miller S,JEN03 AM,7:35:00 AM,7:13:12 AM,,7:13:12 AM,,,
10/7/2025 12:00:00 AM,Jenkins Elementary,843,Anderson C,JEN04 AM,7:35:00 AM,7:27:06 AM,,7:27:06 AM,,,
10/7/2025 12:00:00 AM,Jenkins Elementary,844,Brown K,JEN05 AM,7:35:00 AM,7:23:55 AM,,7:23:55 AM,,,
10/7/2025 12:00:00 AM,Lewis Elementary,850,Davis R,LEW01 AM,7:35:00 AM,7:19:43 AM,,7:19:43 AM,,,
10/7/2025 12:00:00 AM,Lewis Elementary,851,Thomas D,LEW02 AM,7:35:00 AM,7:25:17 AM,,7:25:17 AM,,,
10/7/2025 12:00:00 AM,Lewis Elementary,852,Johnson T,LEW03 AM,7:35:00 AM,7:45:08 AM,,7:45:08 AM,,,
10/7/2025 12:00:00 AM,Lewis Elementary,853,Moore A,LEW04 AM,7:35:00 AM,7:16:56 AM,,7:16:56 AM,,,
10/7/2025 12:00:00 AM,Lewis Elementary,854,Taylor B,LEW05 AM,7:35:00 AM,7:24:16 AM,,7:24:16 AM,,,
10/7/2025 12:00:00 AM,Marshall Elementary,860,Wilson J,MAR01 AM,7:35:00 AM,7:38:09 AM,,7:38:09 AM,,,
10/7/2025 12:00:00 AM,Marshall Elementary,861,Wilson J,MAR02 AM,7:35:00 AM,7:47:36 AM,,7:47:36 AM,,,
10/7/2025 12:00:00 AM,Marshall Elementary,862,Johnson T,MAR03 AM,7:35:00 AM,7:10:39 AM,,7:10:39 AM,,,
10/7/2025 12:00:00 AM,Marshall Elementary,863,Davis R,MAR04 AM,7:35:00 AM,7:10:46 AM,,7:10:46 AM,,,
10/7/2025 12:00:00 AM,Marshall Elementary,864,Moore A,MAR05 AM,7:35:00 AM,7:43:00 AM,,7:43:00 AM,,,
10/7/2025 12:00:00 AM,Reynolds Elementary,870,Davis R,REY01 AM,7:35:00 AM,7:28:08 AM,,7:28:08 AM,,,
10/7/2025 12:00:00 AM,Reynolds Elementary,871,Anderson C,REY02 AM,7:35:00 AM,7:38:24 AM,,7:38:24 AM,,,
10/7/2025 12:00:00 AM,Reynolds Elementary,872,Johnson T,REY03 AM,7:35:00 AM,7:44:10 AM,,7:44:10 AM,,,
10/7/2025 12:00:00 AM,Reynolds Elementary,873,Johnson T,REY04 AM,7:35:00 AM,7:10:43 AM,,7:10:43 AM,,,
10/7/2025 12:00:00 AM,Reynolds Elementary,874,Moore A,REY05 AM,7:35:00 AM,7:29:07 AM,,7:29:07 AM,,,
10/7/2025 12:00:00 AM,Westfield Middle School,880,Johnson T,WES01 AM,8:05:00 AM,,,8:18:57 AM,,,
10/7/2025 12:00:00 AM,Westfield Middle School,881,Johnson T,WES02 AM,8:05:00 AM,7:59:13 AM,,7:59:13 AM,,,
10/7/2025 12:00:00 AM,Westfield Middle School,882,Williams M,WES03 AM,8:05:00 AM,7:59:17 AM,,7:59:17 AM,,,
10/7/2025 12:00:00 AM,Westfield Middle School,883,Wilson J,WES04 AM,8:05:00 AM,7:40:41 AM,,7:40:41 AM,,,
10/7/2025 12:00:00 AM,Lakewood Middle School,890,Davis R,LAK01 AM,8:05:00 AM,7:40:00 AM,,7:40:00 AM,,,
10/7/2025 12:00:00 AM,Lakewood Middle School,891,Taylor B,LAK02 AM,8:05:00 AM,7:59:05 AM,,7:59:05 AM,,,
10/7/2025 12:00:00 AM,Lakewood Middle School,892,Thomas D,LAK03 AM,8:05:00 AM,7:43:41 AM,,7:43:41 AM,,,
10/7/2025 12:00:00 AM,Lakewood Middle School,893,Anderson C,LAK04 AM,8:05:00 AM,8:07:05 AM,,8:07:05 AM,,,
10/7/2025 12:00:00 AM,Riverside Middle School,900,Davis R,RIV01 AM,8:05:00 AM,7:58:30 AM,,7:58:30 AM,,,
10/7/2025 12:00:00 AM,Riverside Middle School,901,Anderson C,RIV02 AM,8:05:00 AM,7:49:27 AM,,7:49:27 AM,,,
10/7/2025 12:00:00 AM,Riverside Middle School,902,Thomas D,RIV03 AM,8:05:00 AM,7:44:10 AM,,7:44:10 AM,,,
10/7/2025 12:00:00 AM,Riverside Middle School,903,Anderson C,RIV04 AM,8:05:00 AM,7:50:34 AM,,7:50:34 AM,,,
10/7/2025 12:00:00 AM,Metro High School,910,Brown K,MET01 AM,8:55:00 AM,8:40:13 AM,,8:40:13 AM,,,
10/7/2025 12:00:00 AM,Metro High School,911,Wilson J,MET02 AM,8:55:00 AM,8:39:51 AM,,8:39:51 AM,,,
10/7/2025 12:00:00 AM,Metro High School,912,Davis R,MET03 AM,8:55:00 AM,8:33:29 AM,,8:33:29 AM,,,
10/7/2025 12:00:00 AM,Northgate High School,920,Taylor B,NOR01 AM,8:55:00 AM,8:43:35 AM,,8:43:35 AM,,,
10/7/2025 12:00:00 AM,Northgate High School,921,Anderson C,NOR02 AM,8:55:00 AM,8:40:08 AM,,8:40:08 AM,,,
10/7/2025 12:00:00 AM,Northgate High School,922,Johnson T,NOR03 AM,8:55:00 AM,8:48:09 AM,,8:48:09 AM,,,
10/8/2025 12:00:00 AM,Anderson Elementary,800,Davis R,AND01 AM,7:35:00 AM,7:36:22 AM,,7:36:22 AM,,,
10/8/2025 12:00:00 AM,Anderson Elementary,801,Thomas D,AND02 AM,7:35:00 AM,7:17:59 AM,,7:17:59 AM,,,
10/8/2025 12:00:00 AM,Anderson Elementary,802,Wilson J,AND03 AM,7:35:00 AM,7:18:49 AM,,7:18:49 AM,,,
10/8/2025 12:00:00 AM,Anderson Elementary,803,Miller S,AND04 AM,7:35:00 AM,7:30:01 AM,,7:30:01 AM,,,
10/8/2025 12:00:00 AM,Anderson Elementary,804,Wilson J,AND05 AM,7:35:00 AM,7:16:39 AM,,7:16:39 AM,,,
10/8/2025 12:00:00 AM,Bammel Elementary,810,Johnson T,BAM01 AM,7:35:00 AM,7:19:44 AM,,7:19:44 AM,,,
10/8/2025 12:00:00 AM,Bammel Elementary,811,Williams M,BAM02 AM,7:35:00 AM,7:41:02 AM,,7:41:02 AM,,,
10/8/2025 12:00:00 AM,Bammel Elementary,812,Johnson T,BAM03 AM,7:35:00 AM,7:26:25 AM,,7:26:25 AM,,,
10/8/2025 12:00:00 AM,Bammel Elementary,813,Taylor B,BAM04 AM,7:35:00 AM,7:50:54 AM,,7:50:54 AM,,,
10/8/2025 12:00:00 AM,Bammel Elementary,814,Brown K,BAM05 AM,7:35:00 AM,7:12:25 AM,,7:12:25 AM,,,
10/8/2025 12:00:00 AM,Cooper Elementary,820,Moore A,COO01 AM,7:35:00 AM,7:23:51 AM,,7:23:51 AM,,,
10/8/2025 12:00:00 AM,Cooper Elementary,821,Wilson J,COO02 AM,7:35:00 AM,7:14:09 AM,,7:14:09 AM,,,
10/8/2025 12:00:00 AM,Cooper Elementary,822,Brown K,COO03 AM,7:35:00 AM,,,7:28:01 AM,,,
10/8/2025 12:00:00 AM,Cooper Elementary,823,Johnson T,COO04 AM,7:35:00 AM,7:12:01 AM,,7:12:01 AM,,,
10/8/2025 12:00:00 AM,Cooper Elementary,824,Davis R,COO05 AM,7:35:00 AM,7:10:44 AM,,7:10:44 AM,,,
10/8/2025 12:00:00 AM,Heritage Elementary,830,Davis R,HER01 AM,7:35:00 AM,7:28:58 AM,,7:28:58 AM,,,
10/8/2025 12:00:00 AM,Heritage Elementary,831,Anderson C,HER02 AM,7:35:00 AM,7:30:51 AM,,7:30:51 AM,,,
10/8/2025 12:00:00 AM,Heritage Elementary,832,Wilson J,HER03 AM,7:35:00 AM,7:11:48 AM,,7:11:48 AM,,,
10/8/2025 12:00:00 AM,Heritage Elementary,833,Taylor B,HER04 AM,7:35:00 AM,7:28:15 AM,,7:28:15 AM,,,
10/8/2025 12:00:00 AM,Heritage Elementary,834,Brown K,HER05 AM,7:35:00 AM,7:17:33 AM,,7:17:33 AM,,,
10/8/2025 12:00:00 AM,Jenkins Elementary,840,Johnson T,JEN01 AM,7:35:00 AM,7:50:45 AM,,7:50:45 AM,,,
10/8/2025 12:00:00 AM,Jenkins Elementary,841,Thomas D,JEN02 AM,7:35:00 AM,7:24:38 AM,,7:24:38 AM,,,
10/8/2025 12:00:00 AM,Jenkins Elementary,842,Miller S,JEN03 AM,7:35:00 AM,7:17:38 AM,,7:17:38 AM,,,
10/8/2025 12:00:00 AM,Jenkins Elementary,843,Taylor B,JEN04 AM,7:35:00 AM,7:27:32 AM,,7:27:32 AM,,,
10/8/2025 12:00:00 AM,Jenkins Elementary,844,Davis R,JEN05 AM,7:35:00 AM,7:14:57 AM,,7:14:57 AM,,,
10/8/2025 12:00:00 AM,Lewis Elementary,850,Moore A,LEW01 AM,7:35:00 AM,7:25:11 AM,,7:25:11 AM,,,
10/8/2025 12:00:00 AM,Lewis Elementary,851,Moore A,LEW02 AM,7:35:00 AM,7:18:52 AM,,7:18:52 AM,,,
10/8/2025 12:00:00 AM,Lewis Elementary,852,Johnson T,LEW03 AM,7:35:00 AM,7:12:37 AM,,7:12:37 AM,,,
10/8/2025 12:00:00 AM,Lewis Elementary,853,Taylor B,LEW04 AM,7:35:00 AM,7:20:38 AM,,7:20:38 AM,,,
10/8/2025 12:00:00 AM,Lewis Elementary,854,Wilson J,LEW05 AM,7:35:00 AM,7:28:58 AM,,7:28:58 AM,,,
10/8/2025 12:00:00 AM,Marshall Elementary,860,Taylor B,MAR01 AM,7:35:00 AM,7:24:36 AM,,7:24:36 AM,,,
10/8/2025 12:00:00 AM,Marshall Elementary,861,Williams M,MAR02 AM,7:35:00 AM,7:16:05 AM,,7:16:05 AM,,,
10/8/2025 12:00:00 AM,Marshall Elementary,862,Thomas D,MAR03 AM,7:35:00 AM,7:22:38 AM,,7:22:38 AM,,,
10/8/2025 12:00:00 AM,Marshall Elementary,863,Taylor B,MAR04 AM,7:35:00 AM,7:46:14 AM,,7:46:14 AM,,,
10/8/2025 12:00:00 AM,Marshall Elementary,864,Johnson T,MAR05 AM,7:35:00 AM,7:14:25 AM,,7:14:25 AM,,,
10/8/2025 12:00:00 AM,Reynolds Elementary,870,Thomas D,REY01 AM,7:35:00 AM,7:25:10 AM,,7:25:10 AM,,,
10/8/2025 12:00:00 AM,Reynolds Elementary,871,Johnson T,REY02 AM,7:35:00 AM,7:15:40 AM,,7:15:40 AM,,,
10/8/2025 12:00:00 AM,Reynolds Elementary,872,Miller S,REY03 AM,7:35:00 AM,7:12:28 AM,,7:12:28 AM,,,
10/8/2025 12:00:00 AM,Reynolds Elementary,873,Williams M,REY04 AM,7:35:00 AM,7:22:19 AM,,7:22:19 AM,,,
10/8/2025 12:00:00 AM,Reynolds Elementary,874,Moore A,REY05 AM,7:35:00 AM,7:15:50 AM,,7:15:50 AM,,,
10/8/2025 12:00:00 AM,Westfield Middle School,880,Moore A,WES01 AM,8:05:00 AM,7:43:34 AM,,7:43:34 AM,,,
10/8/2025 12:00:00 AM,Westfield Middle School,881,Davis R,WES02 AM,8:05:00 AM,8:14:47 AM,,8:14:47 AM,,,
10/8/2025 12:00:00 AM,Westfield Middle School,882,Taylor B,WES03 AM,8:05:00 AM,7:48:53 AM,,7:48:53 AM,,,
10/8/2025 12:00:00 AM,Westfield Middle School,883,Taylor B,WES04 AM,8:05:00 AM,7:44:57 AM,,7:44:57 AM,,,
10/8/2025 12:00:00 AM,Lakewood Middle School,890,Davis R,LAK01 AM,8:05:00 AM,7:40:16 AM,,7:40:16 AM,,,
10/8/2025 12:00:00 AM,Lakewood Middle School,891,Johnson T,LAK02 AM,8:05:00 AM,7:59:38 AM,,7:59:38 AM,,,
10/8/2025 12:00:00 AM,Lakewood Middle School,892,Miller S,LAK03 AM,8:05:00 AM,7:41:48 AM,,7:41:48 AM,,,
10/8/2025 12:00:00 AM,Lakewood Middle School,893,Thomas D,LAK04 AM,8:05:00 AM,7:40:50 AM,,7:40:50 AM,,,
10/8/2025 12:00:00 AM,Riverside Middle School,900,Wilson J,RIV01 AM,8:05:00 AM,7:59:43 AM,,7:59:43 AM,,,
10/8/2025 12:00:00 AM,Riverside Middle School,901,Miller S,RIV02 AM,8:05:00 AM,7:53:56 AM,,7:53:56 AM,,,
10/8/2025 12:00:00 AM,Riverside Middle School,902,Davis R,RIV03 AM,8:05:00 AM,7:41:54 AM,,7:41:54 AM,,,
10/8/2025 12:00:00 AM,Riverside Middle School,903,Davis R,RIV04 AM,8:05:00 AM,7:42:01 AM,,7:42:01 AM,,,
10/8/2025 12:00:00 AM,Metro High School,910,Moore A,MET01 AM,8:55:00 AM,9:08:42 AM,,9:08:42 AM,,,
10/8/2025 12:00:00 AM,Metro High School,911,Miller S,MET02 AM,8:55:00 AM,8:48:16 AM,,8:48:16 AM,,,
10/8/2025 12:00:00 AM,Metro High School,912,Wilson J,MET03 AM,8:55:00 AM,8:35:42 AM,,8:35:42 AM,,,
10/8/2025 12:00:00 AM,Northgate High School,920,Johnson T,NOR01 AM,8:55:00 AM,8:37:08 AM,,8:37:08 AM,,,
10/8/2025 12:00:00 AM,Northgate High School,921,Williams M,NOR02 AM,8:55:00 AM,8:58:54 AM,,8:58:54 AM,,,
10/8/2025 12:00:00 AM,Northgate High School,922,Moore A,NOR03 AM,8:55:00 AM,8:47:11 AM,,8:47:11 AM,,,
10/9/2025 12:00:00 AM,Anderson Elementary,800,Brown K,AND01 AM,7:35:00 AM,7:11:59 AM,,7:11:59 AM,,,
10/9/2025 12:00:00 AM,Anderson Elementary,801,Thomas D,AND02 AM,7:35:00 AM,7:28:27 AM,,7:28:27 AM,,,
10/9/2025 12:00:00 AM,Anderson Elementary,802,Brown K,AND03 AM,7:35:00 AM,7:38:58 AM,,7:38:58 AM,,,
10/9/2025 12:00:00 AM,Anderson Elementary,803,Davis R,AND04 AM,7:35:00 AM,7:14:58 AM,,7:14:58 AM,,,
10/9/2025 12:00:00 AM,Anderson Elementary,804,Brown K,AND05 AM,7:35:00 AM,7:23:25 AM,,7:23:25 AM,,,
10/9/2025 12:00:00 AM,Bammel Elementary,810,Davis R,BAM01 AM,7:35:00 AM,7:15:23 AM,,7:15:23 AM,,,
10/9/2025 12:00:00 AM,Bammel Elementary,811,Thomas D,BAM02 AM,7:35:00 AM,7:21:40 AM,,7:21:40 AM,,,
10/9/2025 12:00:00 AM,Bammel Elementary,812,Thomas D,BAM03 AM,7:35:00 AM,,,7:27:42 AM,,,
10/9/2025 12:00:00 AM,Bammel Elementary,813,Johnson T,BAM04 AM,7:35:00 AM,7:12:07 AM,,7:12:07 AM,,,
10/9/2025 12:00:00 AM,Bammel Elementary,814,Brown K,BAM05 AM,7:35:00 AM,7:17:09 AM,,7:17:09 AM,,,
10/9/2025 12:00:00 AM,Cooper Elementary,820,Brown K,COO01 AM,7:35:00 AM,7:13:15 AM,,7:13:15 AM,,,
10/9/2025 12:00:00 AM,Cooper Elementary,821,Johnson T,COO02 AM,7:35:00 AM,7:12:32 AM,,7:12:32 AM,,,
10/9/2025 12:00:00 AM,Cooper Elementary,822,Williams M,COO03 AM,7:35:00 AM,7:24:03 AM,,7:24:03 AM,,,
10/9/2025 12:00:00 AM,Cooper Elementary,823,Anderson C,COO04 AM,7:35:00 AM,7:15:35 AM,,7:15:35 AM,,,
10/9/2025 12:00:00 AM,Cooper Elementary,824,Wilson J,COO05 AM,7:35:00 AM,7:16:48 AM,,7:16:48 AM,,,
10/9/2025 12:00:00 AM,Heritage Elementary,830,Moore A,HER01 AM,7:35:00 AM,7:16:43 AM,,7:16:43 AM,,,
10/9/2025 12:00:00 AM,Heritage Elementary,831,Williams M,HER02 AM,7:35:00 AM,7:23:53 AM,,7:23:53 AM,,,
10/9/2025 12:00:00 AM,Heritage Elementary,832,Davis R,HER03 AM,7:35:00 AM,7:29:06 AM,,7:29:06 AM,,,
10/9/2025 12:00:00 AM,Heritage Elementary,833,Davis R,HER04 AM,7:35:00 AM,7:13:47 AM,,7:13:47 AM,,,
10/9/2025 12:00:00 AM,Heritage Elementary,834,Moore A,HER05 AM,7:35:00 AM,7:23:34 AM,,7:23:34 AM,,,
10/9/2025 12:00:00 AM,Jenkins Elementary,840,Taylor B,JEN01 AM,7:35:00 AM,7:12:45 AM,,7:12:45 AM,,,
10/9/2025 12:00:00 AM,Jenkins Elementary,841,Miller S,JEN02 AM,7:35:00 AM,7:27:49 AM,,7:27:49 AM,,,
10/9/2025 12:00:00 AM,Jenkins Elementary,842,Johnson T,JEN03 AM,7:35:00 AM,7:13:53 AM,,7:13:53 AM,,,
10/9/2025 12:00:00 AM,Jenkins Elementary,843,Thomas D,JEN04 AM,7:35:00 AM,7:11:16 AM,,7:11:16 AM,,,
10/9/2025 12:00:00 AM,Jenkins Elementary,844,Moore A,JEN05 AM,7:35:00 AM,7:18:52 AM,,7:18:52 AM,,,
10/9/2025 12:00:00 AM,Lewis Elementary,850,Anderson C,LEW01 AM,7:35:00 AM,7:26:54 AM,,7:26:54 AM,,,
10/9/2025 12:00:00 AM,Lewis Elementary,851,Taylor B,LEW02 AM,7:35:00 AM,7:30:23 AM,,7:30:23 AM,,,
10/9/2025 12:00:00 AM,Lewis Elementary,852,Miller S,LEW03 AM,7:35:00 AM,7:36:10 AM,,7:36:10 AM,,,
10/9/2025 12:00:00 AM,Lewis Elementary,853,Miller S,LEW04 AM,7:35:00 AM,7:18:56 AM,,7:18:56 AM,,,
10/9/2025 12:00:00 AM,Lewis Elementary,854,Taylor B,LEW05 AM,7:35:00 AM,7:27:43 AM,,7:27:43 AM,,,
10/9/2025 12:00:00 AM,Marshall Elementary,860,Moore A,MAR01 AM,7:35:00 AM,7:17:16 AM,,7:17:16 AM,,,
10/9/2025 12:00:00 AM,Marshall Elementary,861,Taylor B,MAR02 AM,7:35:00 AM,7:39:24 AM,,7:39:24 AM,,,
10/9/2025 12:00:00 AM,Marshall Elementary,862,Davis R,MAR03 AM,7:35:00 AM,7:23:44 AM,,7:23:44 AM,,,
10/9/2025 12:00:00 AM,Marshall Elementary,863,Brown K,MAR04 AM,7:35:00 AM,7:29:24 AM,,7:29:24 AM,,,
10/9/2025 12:00:00 AM,Marshall Elementary,864,Williams M,MAR05 AM,7:35:00 AM,7:16:10 AM,,7:16:10 AM,,,
10/9/2025 12:00:00 AM,Reynolds Elementary,870,Taylor B,REY01 AM,7:35:00 AM,7:18:41 AM,,7:18:41 AM,,,
10/9/2025 12:00:00 AM,Reynolds Elementary,871,Miller S,REY02 AM,7:35:00 AM,7:15:57 AM,,7:15:57 AM,,,
10/9/2025 12:00:00 AM,Reynolds Elementary,872,Taylor B,REY03 AM,7:35:00 AM,7:22:34 AM,,7:22:34 AM,,,
10/9/2025 12:00:00 AM,Reynolds Elementary,873,Williams M,REY04 AM,7:35:00 AM,7:50:00 AM,,7:50:00 AM,,,
10/9/2025 12:00:00 AM,Reynolds Elementary,874,Davis R,REY05 AM,7:35:00 AM,7:17:12 AM,,7:17:12 AM,,,
10/9/2025 12:00:00 AM,Westfield Middle School,880,Moore A,WES01 AM,8:05:00 AM,7:41:19 AM,,7:41:19 AM,,,
10/9/2025 12:00:00 AM,Westfield Middle School,881,Thomas D,WES02 AM,8:05:00 AM,7:42:03 AM,,7:42:03 AM,,,
10/9/2025 12:00:00 AM,Westfield Middle School,882,Moore A,WES03 AM,8:05:00 AM,8:11:12 AM,,8:11:12 AM,,,
10/9/2025 12:00:00 AM,Westfield Middle School,883,Davis R,WES04 AM,8:05:00 AM,7:41:55 AM,,7:41:55 AM,,,
10/9/2025 12:00:00 AM,Lakewood Middle School,890,Taylor B,LAK01 AM,8:05:00 AM,7:41:22 AM,,7:41:22 AM,,,
10/9/2025 12:00:00 AM,Lakewood Middle School,891,Davis R,LAK02 AM,8:05:00 AM,7:42:35 AM,,7:42:35 AM,,,
10/9/2025 12:00:00 AM,Lakewood Middle School,892,Wilson J,LAK03 AM,8:05:00 AM,7:50:06 AM,,7:50:06 AM,,,
10/9/2025 12:00:00 AM,Lakewood Middle School,893,Williams M,LAK04 AM,8:05:00 AM,7:52:53 AM,,7:52:53 AM,,,
10/9/2025 12:00:00 AM,Riverside Middle School,900,Davis R,RIV01 AM,8:05:00 AM,7:59:07 AM,,7:59:07 AM,,,
10/9/2025 12:00:00 AM,Riverside Middle School,901,Anderson C,RIV02 AM,8:05:00 AM,7:53:06 AM,,7:53:06 AM,,,
10/9/2025 12:00:00 AM,Riverside Middle School,902,Moore A,RIV03 AM,8:05:00 AM,7:50:49 AM,,7:50:49 AM,,,
10/9/2025 12:00:00 AM,Riverside Middle School,903,Taylor B,RIV04 AM,8:05:00 AM,7:52:58 AM,,7:52:58 AM,,,
10/9/2025 12:00:00 AM,Metro High School,910,Davis R,MET01 AM,8:55:00 AM,8:48:26 AM,,8:48:26 AM,,,
10/9/2025 12:00:00 AM,Metro High School,911,Johnson T,MET02 AM,8:55:00 AM,8:46:07 AM,,8:46:07 AM,,,
10/9/2025 12:00:00 AM,Metro High School,912,Brown K,MET03 AM,8:55:00 AM,8:42:06 AM,,8:42:06 AM,,,
10/9/2025 12:00:00 AM,Northgate High School,920,Davis R,NOR01 AM,8:55:00 AM,8:43:27 AM,,8:43:27 AM,,,
10/9/2025 12:00:00 AM,Northgate High School,921,Brown K,NOR02 AM,8:55:00 AM,8:33:55 AM,,8:33:55 AM,,,
10/9/2025 12:00:00 AM,Northgate High School,922,Wilson J,NOR03 AM,8:55:00 AM,8:31:19 AM,,8:31:19 AM,,,
10/10/2025 12:00:00 AM,Anderson Elementary,800,Williams M,AND01 AM,7:35:00 AM,,,7:44:18 AM,,,
10/10/2025 12:00:00 AM,Anderson Elementary,801,Williams M,AND02 AM,7:35:00 AM,7:43:02 AM,,7:43:02 AM,,,
10/10/2025 12:00:00 AM,Anderson Elementary,802,Brown K,AND03 AM,7:35:00 AM,7:28:42 AM,,7:28:42 AM,,,
10/10/2025 12:00:00 AM,Anderson Elementary,803,Thomas D,AND04 AM,7:35:00 AM,7:25:02 AM,,7:25:02 AM,,,
10/10/2025 12:00:00 AM,Anderson Elementary,804,Brown K,AND05 AM,7:35:00 AM,7:12:22 AM,,7:12:22 AM,,,
10/10/2025 12:00:00 AM,Bammel Elementary,810,Davis R,BAM01 AM,7:35:00 AM,7:30:53 AM,,7:30:53 AM,,,
10/10/2025 12:00:00 AM,Bammel Elementary,811,Johnson T,BAM02 AM,7:35:00 AM,7:25:32 AM,,7:25:32 AM,,,
10/10/2025 12:00:00 AM,Bammel Elementary,812,Davis R,BAM03 AM,7:35:00 AM,7:15:23 AM,,7:15:23 AM,,,
10/10/2025 12:00:00 AM,Bammel Elementary,813,Wilson J,BAM04 AM,7:35:00 AM,7:38:18 AM,,7:38:18 AM,,,
10/10/2025 12:00:00 AM,Bammel Elementary,814,Taylor B,BAM05 AM,7:35:00 AM,7:20:52 AM,,7:20:52 AM,,,
10/10/2025 12:00:00 AM,Cooper Elementary,820,Thomas D,COO01 AM,7:35:00 AM,7:45:17 AM,,7:45:17 AM,,,
10/10/2025 12:00:00 AM,Cooper Elementary,821,Moore A,COO02 AM,7:35:00 AM,7:24:20 AM,,7:24:20 AM,,,
10/10/2025 12:00:00 AM,Cooper Elementary,822,Davis R,COO03 AM,7:35:00 AM,7:12:51 AM,,7:12:51 AM,,,
10/10/2025 12:00:00 AM,Cooper Elementary,823,Thomas D,COO04 AM,7:35:00 AM,7:18:33 AM,,7:18:33 AM,,,
10/10/2025 12:00:00 AM,Cooper Elementary,824,Williams M,COO05 AM,7:35:00 AM,7:10:01 AM,,7:10:01 AM,,,
10/10/2025 12:00:00 AM,Heritage Elementary,830,Johnson T,HER01 AM,7:35:00 AM,7:39:51 AM,,7:39:51 AM,,,
10/10/2025 12:00:00 AM,Heritage Elementary,831,Wilson J,HER02 AM,7:35:00 AM,7:20:04 AM,,7:20:04 AM,,,
10/10/2025 12:00:00 AM,Heritage Elementary,832,Thomas D,HER03 AM,7:35:00 AM,7:25:13 AM,,7:25:13 AM,,,
10/10/2025 12:00:00 AM,Heritage Elementary,833,Miller S,HER04 AM,7:35:00 AM,7:30:41 AM,,7:30:41 AM,,,
10/10/2025 12:00:00 AM,Heritage Elementary,834,Miller S,HER05 AM,7:35:00 AM,7:22:57 AM,,7:22:57 AM,,,
10/10/2025 12:00:00 AM,Jenkins Elementary,840,Taylor B,JEN01 AM,7:35:00 AM,7:29:54 AM,,7:29:54 AM,,,
10/10/2025 12:00:00 AM,Jenkins Elementary,841,Brown K,JEN02 AM,7:35:00 AM,7:21:32 AM,,7:21:32 AM,,,
10/10/2025 12:00:00 AM,Jenkins Elementary,842,Moore A,JEN03 AM,7:35:00 AM,7:49:03 AM,,7:49:03 AM,,,
10/10/2025 12:00:00 AM,Jenkins Elementary,843,Williams M,JEN04 AM,7:35:00 AM,7:38:28 AM,,7:38:28 AM,,,
10/10/2025 12:00:00 AM,Jenkins Elementary,844,Anderson C,JEN05 AM,7:35:00 AM,7:38:58 AM,,7:38:58 AM,,,
10/10/2025 12:00:00 AM,Lewis Elementary,850,Wilson J,LEW01 AM,7:35:00 AM,7:29:12 AM,,7:29:12 AM,,,
10/10/2025 12:00:00 AM,Lewis Elementary,851,Anderson C,LEW02 AM,7:35:00 AM,7:42:47 AM,,7:42:47 AM,,,
10/10/2025 12:00:00 AM,Lewis Elementary,852,Wilson J,LEW03 AM,7:35:00 AM,7:17:05 AM,,7:17:05 AM,,,
10/10/2025 12:00:00 AM,Lewis Elementary,853,Wilson J,LEW04 AM,7:35:00 AM,7:17:11 AM,,7:17:11 AM,,,
10/10/2025 12:00:00 AM,Lewis Elementary,854,Thomas D,LEW05 AM,7:35:00 AM,7:44:58 AM,,7:44:58 AM,,,
10/10/2025 12:00:00 AM,Marshall Elementary,860,Miller S,MAR01 AM,7:35:00 AM,7:21:53 AM,,7:21:53 AM,,,
10/10/2025 12:00:00 AM,Marshall Elementary,861,Johnson T,MAR02 AM,7:35:00 AM,7:48:15 AM,,7:48:15 AM,,,
10/10/2025 12:00:00 AM,Marshall Elementary,862,Taylor B,MAR03 AM,7:35:00 AM,7:19:05 AM,,7:19:05 AM,,,
10/10/2025 12:00:00 AM,Marshall Elementary,863,Davis R,MAR04 AM,7:35:00 AM,7:24:03 AM,,7:24:03 AM,,,
10/10/2025 12:00:00 AM,Marshall Elementary,864,Johnson T,MAR05 AM,7:35:00 AM,7:41:25 AM,,7:41:25 AM,,,
10/10/2025 12:00:00 AM,Reynolds Elementary,870,Wilson J,REY01 AM,7:35:00 AM,7:17:23 AM,,7:17:23 AM,,,
10/10/2025 12:00:00 AM,Reynolds Elementary,871,Johnson T,REY02 AM,7:35:00 AM,7:29:16 AM,,7:29:16 AM,,,
10/10/2025 12:00:00 AM,Reynolds Elementary,872,Wilson J,REY03 AM,7:35:00 AM,7:28:05 AM,,7:28:05 AM,,,
10/10/2025 12:00:00 AM,Reynolds Elementary,873,Anderson C,REY04 AM,7:35:00 AM,7:20:32 AM,,7:20:32 AM,,,
10/10/2025 12:00:00 AM,Reynolds Elementary,874,Taylor B,REY05 AM,7:35:00 AM,7:28:32 AM,,7:28:32 AM,,,
10/10/2025 12:00:00 AM,Westfield Middle School,880,Moore A,WES01 AM,8:05:00 AM,7:48:35 AM,,7:48:35 AM,,,
10/10/2025 12:00:00 AM,Westfield Middle School,881,Thomas D,WES02 AM,8:05:00 AM,7:44:41 AM,,7:44:41 AM,,,
10/10/2025 12:00:00 AM,Westfield Middle School,882,Brown K,WES03 AM,8:05:00 AM,,,7:51:53 AM,,,
10/10/2025 12:00:00 AM,Westfield Middle School,883,Brown K,WES04 AM,8:05:00 AM,7:59:22 AM,,7:59:22 AM,,,
10/10/2025 12:00:00 AM,Lakewood Middle School,890,Davis R,LAK01 AM,8:05:00 AM,7:42:53 AM,,7:42:53 AM,,,
10/10/2025 12:00:00 AM,Lakewood Middle School,891,Miller S,LAK02 AM,8:05:00 AM,8:00:12 AM,,8:00:12 AM,,,
10/10/2025 12:00:00 AM,Lakewood Middle School,892,Anderson C,LAK03 AM,8:05:00 AM,7:53:53 AM,,7:53:53 AM,,,
10/10/2025 12:00:00 AM,Lakewood Middle School,893,Miller S,LAK04 AM,8:05:00 AM,8:19:31 AM,,8:19:31 AM,,,
10/10/2025 12:00:00 AM,Riverside Middle School,900,Davis R,RIV01 AM,8:05:00 AM,7:49:32 AM,,7:49:32 AM,,,
10/10/2025 12:00:00 AM,Riverside Middle School,901,Davis R,RIV02 AM,8:05:00 AM,8:20:33 AM,,8:20:33 AM,,,
10/10/2025 12:00:00 AM,Riverside Middle School,902,Thomas D,RIV03 AM,8:05:00 AM,7:59:51 AM,,7:59:51 AM,,,
10/10/2025 12:00:00 AM,Riverside Middle School,903,Wilson J,RIV04 AM,8:05:00 AM,7:44:53 AM,,7:44:53 AM,,,
10/10/2025 12:00:00 AM,Metro High School,910,Williams M,MET01 AM,8:55:00 AM,8:41:34 AM,,8:41:34 AM,,,
10/10/2025 12:00:00 AM,Metro High School,911,Anderson C,MET02 AM,8:55:00 AM,8:42:55 AM,,8:42:55 AM,,,
10/10/2025 12:00:00 AM,Metro High School,912,Thomas D,MET03 AM,8:55:00 AM,9:05:29 AM,,9:05:29 AM,,,
10/10/2025 12:00:00 AM,Northgate High School,920,Williams M,NOR01 AM,8:55:00 AM,8:46:30 AM,,8:46:30 AM,,,
10/10/2025 12:00:00 AM,Northgate High School,921,Williams M,NOR02 AM,8:55:00 AM,8:30:22 AM,,8:30:22 AM,,,
10/10/2025 12:00:00 AM,Northgate High School,922,Johnson T,NOR03 AM,8:55:00 AM,8:33:05 AM,,8:33:05 AM,,,
10/13/2025 12:00:00 AM,Anderson Elementary,800,Wilson J,AND01 AM,7:35:00 AM,7:17:47 AM,,7:17:47 AM,,,
10/13/2025 12:00:00 AM,Anderson Elementary,801,Anderson C,AND02 AM,7:35:00 AM,7:25:38 AM,,7:25:38 AM,,,
10/13/2025 12:00:00 AM,Anderson Elementary,802,Johnson T,AND03 AM,7:35:00 AM,7:28:59 AM,,7:28:59 AM,,,
10/13/2025 12:00:00 AM,Anderson Elementary,803,Moore A,AND04 AM,7:35:00 AM,7:28:01 AM,,7:28:01 AM,,,
10/13/2025 12:00:00 AM,Anderson Elementary,804,Anderson C,AND05 AM,7:35:00 AM,7:14:59 AM,,7:14:59 AM,,,
10/13/2025 12:00:00 AM,Bammel Elementary,810,Moore A,BAM01 AM,7:35:00 AM,7:45:49 AM,,7:45:49 AM,,,
10/13/2025 12:00:00 AM,Bammel Elementary,811,Johnson T,BAM02 AM,7:35:00 AM,7:12:14 AM,,7:12:14 AM,,,
10/13/2025 12:00:00 AM,Bammel Elementary,812,Davis R,BAM03 AM,7:35:00 AM,7:30:02 AM,,7:30:02 AM,,,
10/13/2025 12:00:00 AM,Bammel Elementary,813,Davis R,BAM04 AM,7:35:00 AM,7:27:09 AM,,7:27:09 AM,,,
10/13/2025 12:00:00 AM,Bammel Elementary,814,Johnson T,BAM05 AM,7:35:00 AM,7:26:58 AM,,7:26:58 AM,,,
10/13/2025 12:00:00 AM,Cooper Elementary,820,Brown K,COO01 AM,7:35:00 AM,7:17:50 AM,,7:17:50 AM,,,
10/13/2025 12:00:00 AM,Cooper Elementary,821,Johnson T,COO02 AM,7:35:00 AM,7:30:16 AM,,7:30:16 AM,,,
10/13/2025 12:00:00 AM,Cooper Elementary,822,Johnson T,COO03 AM,7:35:00 AM,7:18:21 AM,,7:18:21 AM,,,
10/13/2025 12:00:00 AM,Cooper Elementary,823,Anderson C,COO04 AM,7:35:00 AM,7:18:22 AM,,7:18:22 AM,,,
10/13/2025 12:00:00 AM,Cooper Elementary,824,Brown K,COO05 AM,7:35:00 AM,7:26:53 AM,,7:26:53 AM,,,
10/13/2025 12:00:00 AM,Heritage Elementary,830,Thomas D,HER01 AM,7:35:00 AM,7:16:57 AM,,7:16:57 AM,,,
10/13/2025 12:00:00 AM,Heritage Elementary,831,Miller S,HER02 AM,7:35:00 AM,7:14:37 AM,,7:14:37 AM,,,
10/13/2025 12:00:00 AM,Heritage Elementary,832,Thomas D,HER03 AM,7:35:00 AM,7:27:16 AM,,7:27:16 AM,,,
10/13/2025 12:00:00 AM,Heritage Elementary,833,Davis R,HER04 AM,7:35:00 AM,7:28:47 AM,,7:28:47 AM,,,
10/13/2025 12:00:00 AM,Heritage Elementary,834,Moore A,HER05 AM,7:35:00 AM,7:13:16 AM,,7:13:16 AM,,,
10/13/2025 12:00:00 AM,Jenkins Elementary,840,Brown K,JEN01 AM,7:35:00 AM,7:25:23 AM,,7:25:23 AM,,,
10/13/2025 12:00:00 AM,Jenkins Elementary,841,Johnson T,JEN02 AM,7:35:00 AM,7:27:33 AM,,7:27:33 AM,,,
10/13/2025 12:00:00 AM,Jenkins Elementary,842,Anderson C,JEN03 AM,7:35:00 AM,7:17:31 AM,,7:17:31 AM,,,
10/13/2025 12:00:00 AM,Jenkins Elementary,843,Taylor B,JEN04 AM,7:35:00 AM,7:47:17 AM,,7:47:17 AM,,,
10/13/2025 12:00:00 AM,Jenkins Elementary,844,Taylor B,JEN05 AM,7:35:00 AM,7:19:43 AM,,7:19:43 AM,,,
10/13/2025 12:00:00 AM,Lewis Elementary,850,Taylor B,LEW01 AM,7:35:00 AM,7:37:43 AM,,7:37:43 AM,,,
10/13/2025 12:00:00 AM,Lewis Elementary,851,Williams M,LEW02 AM,7:35:00 AM,7:45:31 AM,,7:45:31 AM,,,
10/13/2025 12:00:00 AM,Lewis Elementary,852,Wilson J,LEW03 AM,7:35:00 AM,7:42:19 AM,,7:42:19 AM,,,
10/13/2025 12:00:00 AM,Lewis Elementary,853,Johnson T,LEW04 AM,7:35:00 AM,7:24:22 AM,,7:24:22 AM,,,
10/13/2025 12:00:00 AM,Lewis Elementary,854,Wilson J,LEW05 AM,7:35:00 AM,7:10:40 AM,,7:10:40 AM,,,
10/13/2025 12:00:00 AM,Marshall Elementary,860,Thomas D,MAR01 AM,7:35:00 AM,7:18:26 AM,,7:18:26 AM,,,
10/13/2025 12:00:00 AM,Marshall Elementary,861,Anderson C,MAR02 AM,7:35:00 AM,7:40:00 AM,,7:40:00 AM,,,
10/13/2025 12:00:00 AM,Marshall Elementary,862,Davis R,MAR03 AM,7:35:00 AM,7:23:23 AM,,7:23:23 AM,,,
10/13/2025 12:00:00 AM,Marshall Elementary,863,Miller S,MAR04 AM,7:35:00 AM,7:30:22 AM,,7:30:22 AM,,,
10/13/2025 12:00:00 AM,Marshall Elementary,864,Moore A,MAR05 AM,7:35:00 AM,7:26:31 AM,,7:26:31 AM,,,
10/13/2025 12:00:00 AM,Reynolds Elementary,870,Williams M,REY01 AM,7:35:00 AM,7:26:45 AM,,7:26:45 AM,,,
10/13/2025 12:00:00 AM,Reynolds Elementary,871,Johnson T,REY02 AM,7:35:00 AM,7:28:56 AM,,7:28:56 AM,,,
10/13/2025 12:00:00 AM,Reynolds Elementary,872,Johnson T,REY03 AM,7:35:00 AM,7:16:21 AM,,7:16:21 AM,,,
10/13/2025 12:00:00 AM,Reynolds Elementary,873,Thomas D,REY04 AM,7:35:00 AM,7:15:41 AM,,7:15:41 AM,,,
10/13/2025 12:00:00 AM,Reynolds Elementary,874,Taylor B,REY05 AM,7:35:00 AM,7:28:42 AM,,7:28:42 AM,,,
10/13/2025 12:00:00 AM,Westfield Middle School,880,Wilson J,WES01 AM,8:05:00 AM,7:56:36 AM,,7:56:36 AM,,,
10/13/2025 12:00:00 AM,Westfield Middle School,881,Williams M,WES02 AM,8:05:00 AM,7:52:39 AM,,7:52:39 AM,,,
10/13/2025 12:00:00 AM,Westfield Middle School,882,Thomas D,WES03 AM,8:05:00 AM,7:46:28 AM,,7:46:28 AM,,,
10/13/2025 12:00:00 AM,Westfield Middle School,883,Thomas D,WES04 AM,8:05:00 AM,7:54:40 AM,,7:54:40 AM,,,
10/13/2025 12:00:00 AM,Lakewood Middle School,890,Moore A,LAK01 AM,8:05:00 AM,7:55:09 AM,,7:55:09 AM,,,
10/13/2025 12:00:00 AM,Lakewood Middle School,891,Davis R,LAK02 AM,8:05:00 AM,7:57:22 AM,,7:57:22 AM,,,
10/13/2025 12:00:00 AM,Lakewood Middle School,892,Miller S,LAK03 AM,8:05:00 AM,7:53:49 AM,,7:53:49 AM,,,
10/13/2025 12:00:00 AM,Lakewood Middle School,893,Brown K,LAK04 AM,8:05:00 AM,7:49:29 AM,,7:49:29 AM,,,
10/13/2025 12:00:00 AM,Riverside Middle School,900,Williams M,RIV01 AM,8:05:00 AM,7:50:56 AM,,7:50:56 AM,,,
10/13/2025 12:00:00 AM,Riverside Middle School,901,Wilson J,RIV02 AM,8:05:00 AM,,,8:13:50 AM,,,
10/13/2025 12:00:00 AM,Riverside Middle School,902,Taylor B,RIV03 AM,8:05:00 AM,7:44:06 AM,,7:44:06 AM,,,
10/13/2025 12:00:00 AM,Riverside Middle School,903,Davis R,RIV04 AM,8:05:00 AM,7:53:13 AM,,7:53:13 AM,,,
10/13/2025 12:00:00 AM,Metro High School,910,Thomas D,MET01 AM,8:55:00 AM,9:03:40 AM,,9:03:40 AM,,,
10/13/2025 12:00:00 AM,Metro High School,911,Williams M,MET02 AM,8:55:00 AM,8:40:36 AM,,8:40:36 AM,,,
10/13/2025 12:00:00 AM,Metro High School,912,Williams M,MET03 AM,8:55:00 AM,8:44:38 AM,,8:44:38 AM,,,
10/13/2025 12:00:00 AM,Northgate High School,920,Williams M,NOR01 AM,8:55:00 AM,8:49:24 AM,,8:49:24 AM,,,
10/13/2025 12:00:00 AM,Northgate High School,921,Wilson J,NOR02 AM,8:55:00 AM,8:47:25 AM,,8:47:25 AM,,,
10/13/2025 12:00:00 AM,Northgate High School,922,Anderson C,NOR03 AM,8:55:00 AM,8:32:27 AM,,8:32:27 AM,,,
10/14/2025 12:00:00 AM,Anderson Elementary,800,Wilson J,AND01 AM,7:35:00 AM,7:11:26 AM,,7:11:26 AM,,,
10/14/2025 12:00:00 AM,Anderson Elementary,801,Davis R,AND02 AM,7:35:00 AM,7:27:48 AM,,7:27:48 AM,,,
10/14/2025 12:00:00 AM,Anderson Elementary,802,Taylor B,AND03 AM,7:35:00 AM,7:11:14 AM,,7:11:14 AM,,,
10/14/2025 12:00:00 AM,Anderson Elementary,803,Miller S,AND04 AM,7:35:00 AM,7:30:12 AM,,7:30:12 AM,,,
10/14/2025 12:00:00 AM,Anderson Elementary,804,Moore A,AND05 AM,7:35:00 AM,7:13:52 AM,,7:13:52 AM,,,
10/14/2025 12:00:00 AM,Bammel Elementary,810,Taylor B,BAM01 AM,7:35:00 AM,7:40:45 AM,,7:40:45 AM,,,
10/14/2025 12:00:00 AM,Bammel Elementary,811,Williams M,BAM02 AM,7:35:00 AM,7:26:43 AM,,7:26:43 AM,,,
10/14/2025 12:00:00 AM,Bammel Elementary,812,Brown K,BAM03 AM,7:35:00 AM,7:37:59 AM,,7:37:59 AM,,,
10/14/2025 12:00:00 AM,Bammel Elementary,813,Thomas D,BAM04 AM,7:35:00 AM,7:42:48 AM,,7:42:48 AM,,,
10/14/2025 12:00:00 AM,Bammel Elementary,814,Wilson J,BAM05 AM,7:35:00 AM,7:20:17 AM,,7:20:17 AM,,,
10/14/2025 12:00:00 AM,Cooper Elementary,820,Davis R,COO01 AM,7:35:00 AM,7:16:12 AM,,7:16:12 AM,,,
10/14/2025 12:00:00 AM,Cooper Elementary,821,Thomas D,COO02 AM,7:35:00 AM,7:17:32 AM,,7:17:32 AM,,,
10/14/2025 12:00:00 AM,Cooper Elementary,822,Moore A,COO03 AM,7:35:00 AM,7:25:01 AM,,7:25:01 AM,,,
10/14/2025 12:00:00 AM,Cooper Elementary,823,Williams M,COO04 AM,7:35:00 AM,7:16:10 AM,,7:16:10 AM,,,
10/14/2025 12:00:00 AM,Cooper Elementary,824,Miller S,COO05 AM,7:35:00 AM,7:15:02 AM,,7:15:02 AM,,,
10/14/2025 12:00:00 AM,Heritage Elementary,830,Taylor B,HER01 AM,7:35:00 AM,,,7:12:41 AM,,,
10/14/2025 12:00:00 AM,Heritage Elementary,831,Brown K,HER02 AM,7:35:00 AM,7:13:33 AM,,7:13:33 AM,,,
10/14/2025 12:00:00 AM,Heritage Elementary,832,Johnson T,HER03 AM,7:35:00 AM,7:25:24 AM,,7:25:24 AM,,,
10/14/2025 12:00:00 AM,Heritage Elementary,833,Thomas D,HER04 AM,7:35:00 AM,7:29:20 AM,,7:29:20 AM,,,
10/14/2025 12:00:00 AM,Heritage Elementary,834,Thomas D,HER05 AM,7:35:00 AM,,,7:15:08 AM,,,
10/14/2025 12:00:00 AM,Jenkins Elementary,840,Johnson T,JEN01 AM,7:35:00 AM,7:28:47 AM,,7:28:47 AM,,,
10/14/2025 12:00:00 AM,Jenkins Elementary,841,Johnson T,JEN02 AM,7:35:00 AM,7:25:07 AM,,7:25:07 AM,,,
10/14/2025 12:00:00 AM,Jenkins Elementary,842,Wilson J,JEN03 AM,7:35:00 AM,,,7:41:07 AM,,,
10/14/2025 12:00:00 AM,Jenkins Elementary,843,Anderson C,JEN04 AM,7:35:00 AM,,,7:24:14 AM,,,
10/14/2025 12:00:00 AM,Jenkins Elementary,844,Miller S,JEN05 AM,7:35:00 AM,7:11:40 AM,,7:11:40 AM,,,
10/14/2025 12:00:00 AM,Lewis Elementary,850,Miller S,LEW01 AM,7:35:00 AM,7:24:49 AM,,7:24:49 AM,,,
10/14/2025 12:00:00 AM,Lewis Elementary,851,Williams M,LEW02 AM,7:35:00 AM,7:13:15 AM,,7:13:15 AM,,,
10/14/2025 12:00:00 AM,Lewis Elementary,852,Johnson T,LEW03 AM,7:35:00 AM,7:41:51 AM,,7:41:51 AM,,,
10/14/2025 12:00:00 AM,Lewis Elementary,853,Johnson T,LEW04 AM,7:35:00 AM,7:14:28 AM,,7:14:28 AM,,,
10/14/2025 12:00:00 AM,Lewis Elementary,854,Wilson J,LEW05 AM,7:35:00 AM,7:18:16 AM,,7:18:16 AM,,,
10/14/2025 12:00:00 AM,Marshall Elementary,860,Moore A,MAR01 AM,7:35:00 AM,7:27:48 AM,,7:27:48 AM,,,
10/14/2025 12:00:00 AM,Marshall Elementary,861,Miller S,MAR02 AM,7:35:00 AM,7:20:41 AM,,7:20:41 AM,,,
10/14/2025 12:00:00 AM,Marshall Elementary,862,Williams M,MAR03 AM,7:35:00 AM,7:15:48 AM,,7:15:48 AM,,,
10/14/2025 12:00:00 AM,Marshall Elementary,863,Taylor B,MAR04 AM,7:35:00 AM,7:40:55 AM,,7:40:55 AM,,,
10/14/2025 12:00:00 AM,Marshall Elementary,864,Taylor B,MAR05 AM,7:35:00 AM,7:24:53 AM,,7:24:53 AM,,,
10/14/2025 12:00:00 AM,Reynolds Elementary,870,Taylor B,REY01 AM,7:35:00 AM,7:12:57 AM,,7:12:57 AM,,,
10/14/2025 12:00:00 AM,Reynolds Elementary,871,Williams M,REY02 AM,7:35:00 AM,7:12:30 AM,,7:12:30 AM,,,
10/14/2025 12:00:00 AM,Reynolds Elementary,872,Anderson C,REY03 AM,7:35:00 AM,7:16:09 AM,,7:16:09 AM,,,
10/14/2025 12:00:00 AM,Reynolds Elementary,873,Davis R,REY04 AM,7:35:00 AM,7:11:32 AM,,7:11:32 AM,,,
10/14/2025 12:00:00 AM,Reynolds Elementary,874,Thomas D,REY05 AM,7:35:00 AM,7:25:59 AM,,7:25:59 AM,,,
10/14/2025 12:00:00 AM,Westfield Middle School,880,Johnson T,WES01 AM,8:05:00 AM,7:46:56 AM,,7:46:56 AM,,,
10/14/2025 12:00:00 AM,Westfield Middle School,881,Thomas D,WES02 AM,8:05:00 AM,8:12:09 AM,,8:12:09 AM,,,
10/14/2025 12:00:00 AM,Westfield Middle School,882,Williams M,WES03 AM,8:05:00 AM,7:46:48 AM,,7:46:48 AM,,,
10/14/2025 12:00:00 AM,Westfield Middle School,883,Anderson C,WES04 AM,8:05:00 AM,8:16:58 AM,,8:16:58 AM,,,
10/14/2025 12:00:00 AM,Lakewood Middle School,890,Thomas D,LAK01 AM,8:05:00 AM,7:53:16 AM,,7:53:16 AM,,,
10/14/2025 12:00:00 AM,Lakewood Middle School,891,Miller S,LAK02 AM,8:05:00 AM,8:00:25 AM,,8:00:25 AM,,,
10/14/2025 12:00:00 AM,Lakewood Middle School,892,Miller S,LAK03 AM,8:05:00 AM,7:44:21 AM,,7:44:21 AM,,,
10/14/2025 12:00:00 AM,Lakewood Middle School,893,Miller S,LAK04 AM,8:05:00 AM,7:50:15 AM,,7:50:15 AM,,,
10/14/2025 12:00:00 AM,Riverside Middle School,900,Wilson J,RIV01 AM,8:05:00 AM,7:51:57 AM,,7:51:57 AM,,,
10/14/2025 12:00:00 AM,Riverside Middle School,901,Wilson J,RIV02 AM,8:05:00 AM,8:00:30 AM,,8:00:30 AM,,,
10/14/2025 12:00:00 AM,Riverside Middle School,902,Davis R,RIV03 AM,8:05:00 AM,7:56:10 AM,,7:56:10 AM,,,
10/14/2025 12:00:00 AM,Riverside Middle School,903,Moore A,RIV04 AM,8:05:00 AM,8:20:13 AM,,8:20:13 AM,,,
10/14/2025 12:00:00 AM,Metro High School,910,Anderson C,MET01 AM,8:55:00 AM,8:48:16 AM,,8:48:16 AM,,,
10/14/2025 12:00:00 AM,Metro High School,911,Thomas D,MET02 AM,8:55:00 AM,8:41:07 AM,,8:41:07 AM,,,
10/14/2025 12:00:00 AM,Metro High School,912,Johnson T,MET03 AM,8:55:00 AM,8:49:11 AM,,8:49:11 AM,,,
10/14/2025 12:00:00 AM,Northgate High School,920,Johnson T,NOR01 AM,8:55:00 AM,8:35:23 AM,,8:35:23 AM,,,
10/14/2025 12:00:00 AM,Northgate High School,921,Miller S,NOR02 AM,8:55:00 AM,8:46:55 AM,,8:46:55 AM,,,
10/14/2025 12:00:00 AM,Northgate High School,922,Miller S,NOR03 AM,8:55:00 AM,8:49:14 AM,,8:49:14 AM,,,
10/15/2025 12:00:00 AM,Anderson Elementary,800,Johnson T,AND01 AM,7:35:00 AM,7:19:32 AM,,7:19:32 AM,,,
10/15/2025 12:00:00 AM,Anderson Elementary,801,Johnson T,AND02 AM,7:35:00 AM,7:22:21 AM,,7:22:21 AM,,,
10/15/2025 12:00:00 AM,Anderson Elementary,802,Anderson C,AND03 AM,7:35:00 AM,7:11:40 AM,,7:11:40 AM,,,
10/15/2025 12:00:00 AM,Anderson Elementary,803,Taylor B,AND04 AM,7:35:00 AM,7:30:39 AM,,7:30:39 AM,,,
10/15/2025 12:00:00 AM,Anderson Elementary,804,Wilson J,AND05 AM,7:35:00 AM,7:23:45 AM,,7:23:45 AM,,,
10/15/2025 12:00:00 AM,Bammel Elementary,810,Taylor B,BAM01 AM,7:35:00 AM,7:14:10 AM,,7:14:10 AM,,,
10/15/2025 12:00:00 AM,Bammel Elementary,811,Williams M,BAM02 AM,7:35:00 AM,7:24:51 AM,,7:24:51 AM,,,
10/15/2025 12:00:00 AM,Bammel Elementary,812,Taylor B,BAM03 AM,7:35:00 AM,7:27:50 AM,,7:27:50 AM,,,
10/15/2025 12:00:00 AM,Bammel Elementary,813,Moore A,BAM04 AM,7:35:00 AM,7:11:05 AM,,7:11:05 AM,,,
10/15/2025 12:00:00 AM,Bammel Elementary,814,Taylor B,BAM05 AM,7:35:00 AM,7:10:27 AM,,7:10:27 AM,,,
10/15/2025 12:00:00 AM,Cooper Elementary,820,Wilson J,COO01 AM,7:35:00 AM,7:11:57 AM,,7:11:57 AM,,,
10/15/2025 12:00:00 AM,Cooper Elementary,821,Moore A,COO02 AM,7:35:00 AM,7:21:14 AM,,7:21:14 AM,,,
10/15/2025 12:00:00 AM,Cooper Elementary,822,Anderson C,COO03 AM,7:35:00 AM,7:10:18 AM,,7:10:18 AM,,,
10/15/2025 12:00:00 AM,Cooper Elementary,823,Miller S,COO04 AM,7:35:00 AM,7:28:26 AM,,7:28:26 AM,,,
10/15/2025 12:00:00 AM,Cooper Elementary,824,Brown K,COO05 AM,7:35:00 AM,7:22:38 AM,,7:22:38 AM,,,
10/15/2025 12:00:00 AM,Heritage Elementary,830,Miller S,HER01 AM,7:35:00 AM,7:10:03 AM,,7:10:03 AM,,,
10/15/2025 12:00:00 AM,Heritage Elementary,831,Brown K,HER02 AM,7:35:00 AM,7:28:16 AM,,7:28:16 AM,,,
10/15/2025 12:00:00 AM,Heritage Elementary,832,Miller S,HER03 AM,7:35:00 AM,7:11:51 AM,,7:11:51 AM,,,
10/15/2025 12:00:00 AM,Heritage Elementary,833,Brown K,HER04 AM,7:35:00 AM,7:10:15 AM,,7:10:15 AM,,,
10/15/2025 12:00:00 AM,Heritage Elementary,834,Williams M,HER05 AM,7:35:00 AM,7:39:55 AM,,7:39:55 AM,,,
10/15/2025 12:00:00 AM,Jenkins Elementary,840,Wilson J,JEN01 AM,7:35:00 AM,7:24:09 AM,,7:24:09 AM,,,
10/15/2025 12:00:00 AM,Jenkins Elementary,841,Williams M,JEN02 AM,7:35:00 AM,7:46:19 AM,,7:46:19 AM,,,
10/15/2025 12:00:00 AM,Jenkins Elementary,842,Johnson T,JEN03 AM,7:35:00 AM,7:21:11 AM,,7:21:11 AM,,,
10/15/2025 12:00:00 AM,Jenkins Elementary,843,Moore A,JEN04 AM,7:35:00 AM,7:19:51 AM,,7:19:51 AM,,,
10/15/2025 12:00:00 AM,Jenkins Elementary,844,Johnson T,JEN05 AM,7:35:00 AM,7:24:47 AM,,7:24:47 AM,,,
10/15/2025 12:00:00 AM,Lewis Elementary,850,Davis R,LEW01 AM,7:35:00 AM,7:24:15 AM,,7:24:15 AM,,,
10/15/2025 12:00:00 AM,Lewis Elementary,851,Wilson J,LEW02 AM,7:35:00 AM,7:24:03 AM,,7:24:03 AM,,,
10/15/2025 12:00:00 AM,Lewis Elementary,852,Miller S,LEW03 AM,7:35:00 AM,7:12:34 AM,,7:12:34 AM,,,
10/15/2025 12:00:00 AM,Lewis Elementary,853,Johnson T,LEW04 AM,7:35:00 AM,7:26:20 AM,,7:26:20 AM,,,
10/15/2025 12:00:00 AM,Lewis Elementary,854,Thomas D,LEW05 AM,7:35:00 AM,7:40:40 AM,,7:40:40 AM,,,
10/15/2025 12:00:00 AM,Marshall Elementary,860,Moore A,MAR01 AM,7:35:00 AM,7:28:37 AM,,7:28:37 AM,,,
10/15/2025 12:00:00 AM,Marshall Elementary,861,Johnson T,MAR02 AM,7:35:00 AM,7:48:33 AM,,7:48:33 AM,,,
10/15/2025 12:00:00 AM,Marshall Elementary,862,Davis R,MAR03 AM,7:35:00 AM,7:21:39 AM,,7:21:39 AM,,,
10/15/2025 12:00:00 AM,Marshall Elementary,863,Wilson J,MAR04 AM,7:35:00 AM,7:27:57 AM,,7:27:57 AM,,,
10/15/2025 12:00:00 AM,Marshall Elementary,864,Davis R,MAR05 AM,7:35:00 AM,7:17:07 AM,,7:17:07 AM,,,
10/15/2025 12:00:00 AM,Reynolds Elementary,870,Moore A,REY01 AM,7:35:00 AM,7:26:00 AM,,7:26:00 AM,,,
10/15/2025 12:00:00 AM,Reynolds Elementary,871,Wilson J,REY02 AM,7:35:00 AM,7:18:32 AM,,7:18:32 AM,,,
10/15/2025 12:00:00 AM,Reynolds Elementary,872,Moore A,REY03 AM,7:35:00 AM,7:14:02 AM,,7:14:02 AM,,,
10/15/2025 12:00:00 AM,Reynolds Elementary,873,Williams M,REY04 AM,7:35:00 AM,7:24:38 AM,,7:24:38 AM,,,
10/15/2025 12:00:00 AM,Reynolds Elementary,874,Moore A,REY05 AM,7:35:00 AM,7:18:15 AM,,7:18:15 AM,,,
10/15/2025 12:00:00 AM,Westfield Middle School,880,Anderson C,WES01 AM,8:05:00 AM,8:11:59 AM,,8:11:59 AM,,,
10/15/2025 12:00:00 AM,Westfield Middle School,881,Moore A,WES02 AM,8:05:00 AM,7:43:48 AM,,7:43:48 AM,,,
10/15/2025 12:00:00 AM,Westfield Middle School,882,Johnson T,WES03 AM,8:05:00 AM,7:43:07 AM,,7:43:07 AM,,,
10/15/2025 12:00:00 AM,Westfield Middle School,883,Johnson T,WES04 AM,8:05:00 AM,7:53:46 AM,,7:53:46 AM,,,
10/15/2025 12:00:00 AM,Lakewood Middle School,890,Thomas D,LAK01 AM,8:05:00 AM,7:42:23 AM,,7:42:23 AM,,,
10/15/2025 12:00:00 AM,Lakewood Middle School,891,Williams M,LAK02 AM,8:05:00 AM,7:45:16 AM,,7:45:16 AM,,,
10/15/2025 12:00:00 AM,Lakewood Middle School,892,Anderson C,LAK03 AM,8:05:00 AM,7:45:57 AM,,7:45:57 AM,,,
10/15/2025 12:00:00 AM,Lakewood Middle School,893,Moore A,LAK04 AM,8:05:00 AM,7:51:15 AM,,7:51:15 AM,,,
10/15/2025 12:00:00 AM,Riverside Middle School,900,Brown K,RIV01 AM,8:05:00 AM,7:59:08 AM,,7:59:08 AM,,,
10/15/2025 12:00:00 AM,Riverside Middle School,901,Davis R,RIV02 AM,8:05:00 AM,7:54:06 AM,,7:54:06 AM,,,
10/15/2025 12:00:00 AM,Riverside Middle School,902,Anderson C,RIV03 AM,8:05:00 AM,7:56:00 AM,,7:56:00 AM,,,
10/15/2025 12:00:00 AM,Riverside Middle School,903,Wilson J,RIV04 AM,8:05:00 AM,7:59:21 AM,,7:59:21 AM,,,
10/15/2025 12:00:00 AM,Metro High School,910,Anderson C,MET01 AM,8:55:00 AM,9:05:54 AM,,9:05:54 AM,,,
10/15/2025 12:00:00 AM,Metro High School,911,Davis R,MET02 AM,8:55:00 AM,8:41:15 AM,,8:41:15 AM,,,
10/15/2025 12:00:00 AM,Metro High School,912,Miller S,MET03 AM,8:55:00 AM,8:43:01 AM,,8:43:01 AM,,,
10/15/2025 12:00:00 AM,Northgate High School,920,Miller S,NOR01 AM,8:55:00 AM,8:38:09 AM,,8:38:09 AM,,,
10/15/2025 12:00:00 AM,Northgate High School,921,Brown K,NOR02 AM,8:55:00 AM,8:36:49 AM,,8:36:49 AM,,,
10/15/2025 12:00:00 AM,Northgate High School,922,Miller S,NOR03 AM,8:55:00 AM,8:38:47 AM,,8:38:47 AM,,,
10/16/2025 12:00:00 AM,Anderson Elementary,800,Miller S,AND01 AM,7:35:00 AM,7:14:54 AM,,7:14:54 AM,,,
10/16/2025 12:00:00 AM,Anderson Elementary,801,Anderson C,AND02 AM,7:35:00 AM,7:25:13 AM,,7:25:13 AM,,,
10/16/2025 12:00:00 AM,Anderson Elementary,802,Anderson C,AND03 AM,7:35:00 AM,7:24:26 AM,,7:24:26 AM,,,
10/16/2025 12:00:00 AM,Anderson Elementary,803,Miller S,AND04 AM,7:35:00 AM,7:26:10 AM,,7:26:10 AM,,,
10/16/2025 12:00:00 AM,Anderson Elementary,804,Williams M,AND05 AM,7:35:00 AM,7:16:15 AM,,7:16:15 AM,,,
10/16/2025 12:00:00 AM,Bammel Elementary,810,Anderson C,BAM01 AM,7:35:00 AM,7:26:24 AM,,7:26:24 AM,,,
10/16/2025 12:00:00 AM,Bammel Elementary,811,Thomas D,BAM02 AM,7:35:00 AM,,,7:19:59 AM,,,
10/16/2025 12:00:00 AM,Bammel Elementary,812,Williams M,BAM03 AM,7:35:00 AM,7:48:51 AM,,7:48:51 AM,,,
10/16/2025 12:00:00 AM,Bammel Elementary,813,Taylor B,BAM04 AM,7:35:00 AM,7:13:42 AM,,7:13:42 AM,,,
10/16/2025 12:00:00 AM,Bammel Elementary,814,Williams M,BAM05 AM,7:35:00 AM,7:27:54 AM,,7:27:54 AM,,,
10/16/2025 12:00:00 AM,Cooper Elementary,820,Wilson J,COO01 AM,7:35:00 AM,7:16:55 AM,,7:16:55 AM,,,
10/16/2025 12:00:00 AM,Cooper Elementary,821,Miller S,COO02 AM,7:35:00 AM,7:18:29 AM,,7:18:29 AM,,,
10/16/2025 12:00:00 AM,Cooper Elementary,822,Wilson J,COO03 AM,7:35:00 AM,7:18:17 AM,,7:18:17 AM,,,
10/16/2025 12:00:00 AM,Cooper Elementary,823,Johnson T,COO04 AM,7:35:00 AM,7:22:01 AM,,7:22:01 AM,,,
10/16/2025 12:00:00 AM,Cooper Elementary,824,Johnson T,COO05 AM,7:35:00 AM,7:23:15 AM,,7:23:15 AM,,,
10/16/2025 12:00:00 AM,Heritage Elementary,830,Williams M,HER01 AM,7:35:00 AM,7:18:01 AM,,7:18:01 AM,,,
10/16/2025 12:00:00 AM,Heritage Elementary,831,Wilson J,HER02 AM,7:35:00 AM,7:18:15 AM,,7:18:15 AM,,,
10/16/2025 12:00:00 AM,Heritage Elementary,832,Moore A,HER03 AM,7:35:00 AM,7:25:20 AM,,7:25:20 AM,,,
10/16/2025 12:00:00 AM,Heritage Elementary,833,Moore A,HER04 AM,7:35:00 AM,7:21:56 AM,,7:21:56 AM,,,
10/16/2025 12:00:00 AM,Heritage Elementary,834,Johnson T,HER05 AM,7:35:00 AM,7:23:25 AM,,7:23:25 AM,,,
10/16/2025 12:00:00 AM,Jenkins Elementary,840,Taylor B,JEN01 AM,7:35:00 AM,7:48:55 AM,,7:48:55 AM,,,
10/16/2025 12:00:00 AM,Jenkins Elementary,841,Johnson T,JEN02 AM,7:35:00 AM,7:27:07 AM,,7:27:07 AM,,,
10/16/2025 12:00:00 AM,Jenkins Elementary,842,Miller S,JEN03 AM,7:35:00 AM,7:25:59 AM,,7:25:59 AM,,,
10/16/2025 12:00:00 AM,Jenkins Elementary,843,Miller S,JEN04 AM,7:35:00 AM,7:23:42 AM,,7:23:42 AM,,,
10/16/2025 12:00:00 AM,Jenkins Elementary,844,Davis R,JEN05 AM,7:35:00 AM,7:27:30 AM,,7:27:30 AM,,,
10/16/2025 12:00:00 AM,Lewis Elementary,850,Johnson T,LEW01 AM,7:35:00 AM,7:12:37 AM,,7:12:37 AM,,,
10/16/2025 12:00:00 AM,Lewis Elementary,851,Taylor B,LEW02 AM,7:35:00 AM,7:16:13 AM,,7:16:13 AM,,,
10/16/2025 12:00:00 AM,Lewis Elementary,852,Davis R,LEW03 AM,7:35:00 AM,7:48:35 AM,,7:48:35 AM,,,
10/16/2025 12:00:00 AM,Lewis Elementary,853,Taylor B,LEW04 AM,7:35:00 AM,7:18:35 AM,,7:18:35 AM,,,
10/16/2025 12:00:00 AM,Lewis Elementary,854,Taylor B,LEW05 AM,7:35:00 AM,7:42:28 AM,,7:42:28 AM,,,
10/16/2025 12:00:00 AM,Marshall Elementary,860,Wilson J,MAR01 AM,7:35:00 AM,7:26:07 AM,,7:26:07 AM,,,
10/16/2025 12:00:00 AM,Marshall Elementary,861,Thomas D,MAR02 AM,7:35:00 AM,7:19:48 AM,,7:19:48 AM,,,
10/16/2025 12:00:00 AM,Marshall Elementary,862,Williams M,MAR03 AM,7:35:00 AM,7:46:40 AM,,7:46:40 AM,,,
10/16/2025 12:00:00 AM,Marshall Elementary,863,Brown K,MAR04 AM,7:35:00 AM,7:27:46 AM,,7:27:46 AM,,,
10/16/2025 12:00:00 AM,Marshall Elementary,864,Johnson T,MAR05 AM,7:35:00 AM,7:11:59 AM,,7:11:59 AM,,,
10/16/2025 12:00:00 AM,Reynolds Elementary,870,Johnson T,REY01 AM,7:35:00 AM,7:20:27 AM,,7:20:27 AM,,,
10/16/2025 12:00:00 AM,Reynolds Elementary,871,Thomas D,REY02 AM,7:35:00 AM,7:28:08 AM,,7:28:08 AM,,,
10/16/2025 12:00:00 AM,Reynolds Elementary,872,Miller S,REY03 AM,7:35:00 AM,7:18:53 AM,,7:18:53 AM,,,
10/16/2025 12:00:00 AM,Reynolds Elementary,873,Brown K,REY04 AM,7:35:00 AM,7:24:04 AM,,7:24:04 AM,,,
10/16/2025 12:00:00 AM,Reynolds Elementary,874,Davis R,REY05 AM,7:35:00 AM,7:17:54 AM,,7:17:54 AM,,,
10/16/2025 12:00:00 AM,Westfield Middle School,880,Anderson C,WES01 AM,8:05:00 AM,7:56:01 AM,,7:56:01 AM,,,
10/16/2025 12:00:00 AM,Westfield Middle School,881,Williams M,WES02 AM,8:05:00 AM,7:40:45 AM,,7:40:45 AM,,,
10/16/2025 12:00:00 AM,Westfield Middle School,882,Davis R,WES03 AM,8:05:00 AM,7:54:20 AM,,7:54:20 AM,,,
10/16/2025 12:00:00 AM,Westfield Middle School,883,Davis R,WES04 AM,8:05:00 AM,8:16:04 AM,,8:16:04 AM,,,
10/16/2025 12:00:00 AM,Lakewood Middle School,890,Moore A,LAK01 AM,8:05:00 AM,7:57:11 AM,,7:57:11 AM,,,
10/16/2025 12:00:00 AM,Lakewood Middle School,891,Brown K,LAK02 AM,8:05:00 AM,8:11:11 AM,,8:11:11 AM,,,
10/16/2025 12:00:00 AM,Lakewood Middle School,892,Moore A,LAK03 AM,8:05:00 AM,7:43:27 AM,,7:43:27 AM,,,
10/16/2025 12:00:00 AM,Lakewood Middle School,893,Thomas D,LAK04 AM,8:05:00 AM,8:00:20 AM,,8:00:20 AM,,,
10/16/2025 12:00:00 AM,Riverside Middle School,900,Moore A,RIV01 AM,8:05:00 AM,7:55:49 AM,,7:55:49 AM,,,
10/16/2025 12:00:00 AM,Riverside Middle School,901,Brown K,RIV02 AM,8:05:00 AM,7:52:24 AM,,7:52:24 AM,,,
10/16/2025 12:00:00 AM,Riverside Middle School,902,Johnson T,RIV03 AM,8:05:00 AM,7:54:20 AM,,7:54:20 AM,,,
10/16/2025 12:00:00 AM,Riverside Middle School,903,Thomas D,RIV04 AM,8:05:00 AM,8:13:49 AM,,8:13:49 AM,,,
10/16/2025 12:00:00 AM,Metro High School,910,Thomas D,MET01 AM,8:55:00 AM,8:39:04 AM,,8:39:04 AM,,,
10/16/2025 12:00:00 AM,Metro High School,911,Davis R,MET02 AM,8:55:00 AM,,,9:12:27 AM,,,
10/16/2025 12:00:00 AM,Metro High School,912,Moore A,MET03 AM,8:55:00 AM,8:45:23 AM,,8:45:23 AM,,,
10/16/2025 12:00:00 AM,Northgate High School,920,Johnson T,NOR01 AM,8:55:00 AM,8:43:02 AM,,8:43:02 AM,,,
10/16/2025 12:00:00 AM,Northgate High School,921,Anderson C,NOR02 AM,8:55:00 AM,8:45:51 AM,,8:45:51 AM,,,
10/16/2025 12:00:00 AM,Northgate High School,922,Moore A,NOR03 AM,8:55:00 AM,9:08:58 AM,,9:08:58 AM,,,
10/17/2025 12:00:00 AM,Anderson Elementary,800,Johnson T,AND01 AM,7:35:00 AM,7:26:34 AM,,7:26:34 AM,,,
10/17/2025 12:00:00 AM,Anderson Elementary,801,Davis R,AND02 AM,7:35:00 AM,7:20:04 AM,,7:20:04 AM,,,
10/17/2025 12:00:00 AM,Anderson Elementary,802,Williams M,AND03 AM,7:35:00 AM,7:27:39 AM,,7:27:39 AM,,,
10/17/2025 12:00:00 AM,Anderson Elementary,803,Johnson T,AND04 AM,7:35:00 AM,7:17:00 AM,,7:17:00 AM,,,
10/17/2025 12:00:00 AM,Anderson Elementary,804,Johnson T,AND05 AM,7:35:00 AM,7:24:42 AM,,7:24:42 AM,,,
10/17/2025 12:00:00 AM,Bammel Elementary,810,Davis R,BAM01 AM,7:35:00 AM,7:17:49 AM,,7:17:49 AM,,,
10/17/2025 12:00:00 AM,Bammel Elementary,811,Williams M,BAM02 AM,7:35:00 AM,7:17:39 AM,,7:17:39 AM,,,
10/17/2025 12:00:00 AM,Bammel Elementary,812,Wilson J,BAM03 AM,7:35:00 AM,7:22:04 AM,,7:22:04 AM,,,
10/17/2025 12:00:00 AM,Bammel Elementary,813,Anderson C,BAM04 AM,7:35:00 AM,,,7:20:46 AM,,,
10/17/2025 12:00:00 AM,Bammel Elementary,814,Brown K,BAM05 AM,7:35:00 AM,7:12:08 AM,,7:12:08 AM,,,
10/17/2025 12:00:00 AM,Cooper Elementary,820,Thomas D,COO01 AM,7:35:00 AM,7:42:06 AM,,7:42:06 AM,,,
10/17/2025 12:00:00 AM,Cooper Elementary,821,Davis R,COO02 AM,7:35:00 AM,7:26:42 AM,,7:26:42 AM,,,
10/17/2025 12:00:00 AM,Cooper Elementary,822,Taylor B,COO03 AM,7:35:00 AM,7:23:22 AM,,7:23:22 AM,,,
10/17/2025 12:00:00 AM,Cooper Elementary,823,Davis R,COO04 AM,7:35:00 AM,7:29:49 AM,,7:29:49 AM,,,
10/17/2025 12:00:00 AM,Cooper Elementary,824,Moore A,COO05 AM,7:35:00 AM,7:16:28 AM,,7:16:28 AM,,,
10/17/2025 12:00:00 AM,Heritage Elementary,830,Anderson C,HER01 AM,7:35:00 AM,7:23:01 AM,,7:23:01 AM,,,
10/17/2025 12:00:00 AM,Heritage Elementary,831,Williams M,HER02 AM,7:35:00 AM,7:17:04 AM,,7:17:04 AM,,,
10/17/2025 12:00:00 AM,Heritage Elementary,832,Wilson J,HER03 AM,7:35:00 AM,7:48:18 AM,,7:48:18 AM,,,
10/17/2025 12:00:00 AM,Heritage Elementary,833,Moore A,HER04 AM,7:35:00 AM,7:16:31 AM,,7:16:31 AM,,,
10/17/2025 12:00:00 AM,Heritage Elementary,834,Miller S,HER05 AM,7:35:00 AM,7:16:26 AM,,7:16:26 AM,,,
10/17/2025 12:00:00 AM,Jenkins Elementary,840,Anderson C,JEN01 AM,7:35:00 AM,7:19:33 AM,,7:19:33 AM,,,
10/17/2025 12:00:00 AM,Jenkins Elementary,841,Williams M,JEN02 AM,7:35:00 AM,7:24:24 AM,,7:24:24 AM,,,
10/17/2025 12:00:00 AM,Jenkins Elementary,842,Moore A,JEN03 AM,7:35:00 AM,7:28:08 AM,,7:28:08 AM,,,
10/17/2025 12:00:00 AM,Jenkins Elementary,843,Moore A,JEN04 AM,7:35:00 AM,7:47:07 AM,,7:47:07 AM,,,
10/17/2025 12:00:00 AM,Jenkins Elementary,844,Taylor B,JEN05 AM,7:35:00 AM,7:20:44 AM,,7:20:44 AM,,,
10/17/2025 12:00:00 AM,Lewis Elementary,850,Anderson C,LEW01 AM,7:35:00 AM,7:46:22 AM,,7:46:22 AM,,,
10/17/2025 12:00:00 AM,Lewis Elementary,851,Anderson C,LEW02 AM,7:35:00 AM,7:13:49 AM,,7:13:49 AM,,,
10/17/2025 12:00:00 AM,Lewis Elementary,852,Johnson T,LEW03 AM,7:35:00 AM,7:15:37 AM,,7:15:37 AM,,,
10/17/2025 12:00:00 AM,Lewis Elementary,853,Taylor B,LEW04 AM,7:35:00 AM,7:10:42 AM,,7:10:42 AM,,,
10/17/2025 12:00:00 AM,Lewis Elementary,854,Moore A,LEW05 AM,7:35:00 AM,7:10:49 AM,,7:10:49 AM,,,
10/17/2025 12:00:00 AM,Marshall Elementary,860,Moore A,MAR01 AM,7:35:00 AM,7:22:15 AM,,7:22:15 AM,,,
10/17/2025 12:00:00 AM,Marshall Elementary,861,Johnson T,MAR02 AM,7:35:00 AM,7:11:45 AM,,7:11:45 AM,,,
10/17/2025 12:00:00 AM,Marshall Elementary,862,Taylor B,MAR03 AM,7:35:00 AM,7:13:04 AM,,7:13:04 AM,,,
10/17/2025 12:00:00 AM,Marshall Elementary,863,Davis R,MAR04 AM,7:35:00 AM,7:16:41 AM,,7:16:41 AM,,,
10/17/2025 12:00:00 AM,Marshall Elementary,864,Johnson T,MAR05 AM,7:35:00 AM,7:30:31 AM,,7:30:31 AM,,,
10/17/2025 12:00:00 AM,Reynolds Elementary,870,Miller S,REY01 AM,7:35:00 AM,7:24:26 AM,,7:24:26 AM,,,
10/17/2025 12:00:00 AM,Reynolds Elementary,871,Brown K,REY02 AM,7:35:00 AM,7:26:59 AM,,7:26:59 AM,,,
10/17/2025 12:00:00 AM,Reynolds Elementary,872,Williams M,REY03 AM,7:35:00 AM,7:16:09 AM,,7:16:09 AM,,,
10/17/2025 12:00:00 AM,Reynolds Elementary,873,Miller S,REY04 AM,7:35:00 AM,7:11:21 AM,,7:11:21 AM,,,
10/17/2025 12:00:00 AM,Reynolds Elementary,874,Brown K,REY05 AM,7:35:00 AM,7:17:07 AM,,7:17:07 AM,,,
10/17/2025 12:00:00 AM,Westfield Middle School,880,Miller S,WES01 AM,8:05:00 AM,8:18:25 AM,,8:18:25 AM,,,
10/17/2025 12:00:00 AM,Westfield Middle School,881,Brown K,WES02 AM,8:05:00 AM,8:00:53 AM,,8:00:53 AM,,,
10/17/2025 12:00:00 AM,Westfield Middle School,882,Anderson C,WES03 AM,8:05:00 AM,7:40:45 AM,,7:40:45 AM,,,
10/17/2025 12:00:00 AM,Westfield Middle School,883,Johnson T,WES04 AM,8:05:00 AM,8:11:23 AM,,8:11:23 AM,,,
10/17/2025 12:00:00 AM,Lakewood Middle School,890,Johnson T,LAK01 AM,8:05:00 AM,7:45:49 AM,,7:45:49 AM,,,
10/17/2025 12:00:00 AM,Lakewood Middle School,891,Davis R,LAK02 AM,8:05:00 AM,7:41:03 AM,,7:41:03 AM,,,
10/17/2025 12:00:00 AM,Lakewood Middle School,892,Thomas D,LAK03 AM,8:05:00 AM,7:56:27 AM,,7:56:27 AM,,,
10/17/2025 12:00:00 AM,Lakewood Middle School,893,Wilson J,LAK04 AM,8:05:00 AM,8:16:01 AM,,8:16:01 AM,,,
10/17/2025 12:00:00 AM,Riverside Middle School,900,Williams M,RIV01 AM,8:05:00 AM,8:16:06 AM,,8:16:06 AM,,,
10/17/2025 12:00:00 AM,Riverside Middle School,901,Moore A,RIV02 AM,8:05:00 AM,7:55:58 AM,,7:55:58 AM,,,
10/17/2025 12:00:00 AM,Riverside Middle School,902,Williams M,RIV03 AM,8:05:00 AM,7:55:36 AM,,7:55:36 AM,,,
10/17/2025 12:00:00 AM,Riverside Middle School,903,Brown K,RIV04 AM,8:05:00 AM,8:06:55 AM,,8:06:55 AM,,,
10/17/2025 12:00:00 AM,Metro High School,910,Miller S,MET01 AM,8:55:00 AM,8:49:20 AM,,8:49:20 AM,,,
10/17/2025 12:00:00 AM,Metro High School,911,Anderson C,MET02 AM,8:55:00 AM,8:56:25 AM,,8:56:25 AM,,,
10/17/2025 12:00:00 AM,Metro High School,912,Moore A,MET03 AM,8:55:00 AM,9:04:03 AM,,9:04:03 AM,,,
10/17/2025 12:00:00 AM,Northgate High School,920,Miller S,NOR01 AM,8:55:00 AM,8:50:54 AM,,8:50:54 AM,,,
10/17/2025 12:00:00 AM,Northgate High School,921,Wilson J,NOR02 AM,8:55:00 AM,8:36:13 AM,,8:36:13 AM,,,
10/17/2025 12:00:00 AM,Northgate High School,922,Taylor B,NOR03 AM,8:55:00 AM,8:31:17 AM,,8:31:17 AM,,,
10/20/2025 12:00:00 AM,Anderson Elementary,800,Anderson C,AND01 AM,7:35:00 AM,7:26:34 AM,,7:26:34 AM,,,
10/20/2025 12:00:00 AM,Anderson Elementary,801,Moore A,AND02 AM,7:35:00 AM,7:28:45 AM,,7:28:45 AM,,,
10/20/2025 12:00:00 AM,Anderson Elementary,802,Anderson C,AND03 AM,7:35:00 AM,7:36:21 AM,,7:36:21 AM,,,
10/20/2025 12:00:00 AM,Anderson Elementary,803,Miller S,AND04 AM,7:35:00 AM,7:49:36 AM,,7:49:36 AM,,,
10/20/2025 12:00:00 AM,Anderson Elementary,804,Miller S,AND05 AM,7:35:00 AM,7:19:15 AM,,7:19:15 AM,,,
10/20/2025 12:00:00 AM,Bammel Elementary,810,Thomas D,BAM01 AM,7:35:00 AM,,,7:23:00 AM,,,
10/20/2025 12:00:00 AM,Bammel Elementary,811,Moore A,BAM02 AM,7:35:00 AM,7:27:23 AM,,7:27:23 AM,,,
10/20/2025 12:00:00 AM,Bammel Elementary,812,Miller S,BAM03 AM,7:35:00 AM,7:17:35 AM,,7:17:35 AM,,,
10/20/2025 12:00:00 AM,Bammel Elementary,813,Williams M,BAM04 AM,7:35:00 AM,7:20:04 AM,,7:20:04 AM,,,
10/20/2025 12:00:00 AM,Bammel Elementary,814,Anderson C,BAM05 AM,7:35:00 AM,7:30:46 AM,,7:30:46 AM,,,
10/20/2025 12:00:00 AM,Cooper Elementary,820,Davis R,COO01 AM,7:35:00 AM,,,7:09:43 AM,,,
10/20/2025 12:00:00 AM,Cooper Elementary,821,Miller S,COO02 AM,7:35:00 AM,7:10:42 AM,,7:10:42 AM,,,
10/20/2025 12:00:00 AM,Cooper Elementary,822,Miller S,COO03 AM,7:35:00 AM,7:25:22 AM,,7:25:22 AM,,,
10/20/2025 12:00:00 AM,Cooper Elementary,823,Moore A,COO04 AM,7:35:00 AM,7:19:49 AM,,7:19:49 AM,,,
10/20/2025 12:00:00 AM,Cooper Elementary,824,Taylor B,COO05 AM,7:35:00 AM,7:45:49 AM,,7:45:49 AM,,,
10/20/2025 12:00:00 AM,Heritage Elementary,830,Moore A,HER01 AM,7:35:00 AM,7:18:49 AM,,7:18:49 AM,,,
10/20/2025 12:00:00 AM,Heritage Elementary,831,Johnson T,HER02 AM,7:35:00 AM,7:14:19 AM,,7:14:19 AM,,,
10/20/2025 12:00:00 AM,Heritage Elementary,832,Johnson T,HER03 AM,7:35:00 AM,7:20:32 AM,,7:20:32 AM,,,
10/20/2025 12:00:00 AM,Heritage Elementary,833,Thomas D,HER04 AM,7:35:00 AM,7:13:27 AM,,7:13:27 AM,,,
10/20/2025 12:00:00 AM,Heritage Elementary,834,Williams M,HER05 AM,7:35:00 AM,7:28:44 AM,,7:28:44 AM,,,
10/20/2025 12:00:00 AM,Jenkins Elementary,840,Moore A,JEN01 AM,7:35:00 AM,7:45:35 AM,,7:45:35 AM,,,
10/20/2025 12:00:00 AM,Jenkins Elementary,841,Williams M,JEN02 AM,7:35:00 AM,7:24:03 AM,,7:24:03 AM,,,
10/20/2025 12:00:00 AM,Jenkins Elementary,842,Johnson T,JEN03 AM,7:35:00 AM,7:38:42 AM,,7:38:42 AM,,,
10/20/2025 12:00:00 AM,Jenkins Elementary,843,Wilson J,JEN04 AM,7:35:00 AM,7:25:52 AM,,7:25:52 AM,,,
10/20/2025 12:00:00 AM,Jenkins Elementary,844,Miller S,JEN05 AM,7:35:00 AM,7:22:38 AM,,7:22:38 AM,,,
10/20/2025 12:00:00 AM,Lewis Elementary,850,Taylor B,LEW01 AM,7:35:00 AM,7:43:46 AM,,7:43:46 AM,,,
10/20/2025 12:00:00 AM,Lewis Elementary,851,Brown K,LEW02 AM,7:35:00 AM,7:13:03 AM,,7:13:03 AM,,,
10/20/2025 12:00:00 AM,Lewis Elementary,852,Anderson C,LEW03 AM,7:35:00 AM,7:11:29 AM,,7:11:29 AM,,,
10/20/2025 12:00:00 AM,Lewis Elementary,853,Miller S,LEW04 AM,7:35:00 AM,7:48:18 AM,,7:48:18 AM,,,
10/20/2025 12:00:00 AM,Lewis Elementary,854,Davis R,LEW05 AM,7:35:00 AM,7:30:44 AM,,7:30:44 AM,,,
10/20/2025 12:00:00 AM,Marshall Elementary,860,Thomas D,MAR01 AM,7:35:00 AM,7:18:57 AM,,7:18:57 AM,,,
10/20/2025 12:00:00 AM,Marshall Elementary,861,Miller S,MAR02 AM,7:35:00 AM,7:23:27 AM,,7:23:27 AM,,,
10/20/2025 12:00:00 AM,Marshall Elementary,862,Brown K,MAR03 AM,7:35:00 AM,7:23:55 AM,,7:23:55 AM,,,
10/20/2025 12:00:00 AM,Marshall Elementary,863,Wilson J,MAR04 AM,7:35:00 AM,,,7:36:28 AM,,,
10/20/2025 12:00:00 AM,Marshall Elementary,864,Taylor B,MAR05 AM,7:35:00 AM,7:38:51 AM,,7:38:51 AM,,,
10/20/2025 12:00:00 AM,Reynolds Elementary,870,Wilson J,REY01 AM,7:35:00 AM,7:28:51 AM,,7:28:51 AM,,,
10/20/2025 12:00:00 AM,Reynolds Elementary,871,Brown K,REY02 AM,7:35:00 AM,7:15:34 AM,,7:15:34 AM,,,
10/20/2025 12:00:00 AM,Reynolds Elementary,872,Thomas D,REY03 AM,7:35:00 AM,7:20:32 AM,,7:20:32 AM,,,
10/20/2025 12:00:00 AM,Reynolds Elementary,873,Johnson T,REY04 AM,7:35:00 AM,7:13:43 AM,,7:13:43 AM,,,
10/20/2025 12:00:00 AM,Reynolds Elementary,874,Moore A,REY05 AM,7:35:00 AM,7:20:53 AM,,7:20:53 AM,,,
10/20/2025 12:00:00 AM,Westfield Middle School,880,Anderson C,WES01 AM,8:05:00 AM,7:55:44 AM,,7:55:44 AM,,,
10/20/2025 12:00:00 AM,Westfield Middle School,881,Davis R,WES02 AM,8:05:00 AM,8:08:52 AM,,8:08:52 AM,,,
10/20/2025 12:00:00 AM,Westfield Middle School,882,Brown K,WES03 AM,8:05:00 AM,8:09:55 AM,,8:09:55 AM,,,
10/20/2025 12:00:00 AM,Westfield Middle School,883,Moore A,WES04 AM,8:05:00 AM,7:43:44 AM,,7:43:44 AM,,,
10/20/2025 12:00:00 AM,Lakewood Middle School,890,Davis R,LAK01 AM,8:05:00 AM,7:44:58 AM,,7:44:58 AM,,,
10/20/2025 12:00:00 AM,Lakewood Middle School,891,Brown K,LAK02 AM,8:05:00 AM,7:53:52 AM,,7:53:52 AM,,,
10/20/2025 12:00:00 AM,Lakewood Middle School,892,Wilson J,LAK03 AM,8:05:00 AM,7:55:12 AM,,7:55:12 AM,,,
10/20/2025 12:00:00 AM,Lakewood Middle School,893,Miller S,LAK04 AM,8:05:00 AM,7:50:33 AM,,7:50:33 AM,,,
10/20/2025 12:00:00 AM,Riverside Middle School,900,Anderson C,RIV01 AM,8:05:00 AM,7:46:59 AM,,7:46:59 AM,,,
10/20/2025 12:00:00 AM,Riverside Middle School,901,Wilson J,RIV02 AM,8:05:00 AM,7:47:33 AM,,7:47:33 AM,,,
10/20/2025 12:00:00 AM,Riverside Middle School,902,Moore A,RIV03 AM,8:05:00 AM,7:43:34 AM,,7:43:34 AM,,,
10/20/2025 12:00:00 AM,Riverside Middle School,903,Taylor B,RIV04 AM,8:05:00 AM,7:48:53 AM,,7:48:53 AM,,,
10/20/2025 12:00:00 AM,Metro High School,910,Moore A,MET01 AM,8:55:00 AM,8:43:13 AM,,8:43:13 AM,,,
10/20/2025 12:00:00 AM,Metro High School,911,Wilson J,MET02 AM,8:55:00 AM,,,8:37:57 AM,,,
10/20/2025 12:00:00 AM,Metro High School,912,Thomas D,MET03 AM,8:55:00 AM,8:42:10 AM,,8:42:10 AM,,,
10/20/2025 12:00:00 AM,Northgate High School,920,Williams M,NOR01 AM,8:55:00 AM,8:49:14 AM,,8:49:14 AM,,,
10/20/2025 12:00:00 AM,Northgate High School,921,Williams M,NOR02 AM,8:55:00 AM,8:38:09 AM,,8:38:09 AM,,,
10/20/2025 12:00:00 AM,Northgate High School,922,Williams M,NOR03 AM,8:55:00 AM,8:50:07 AM,,8:50:07 AM,,,
10/21/2025 12:00:00 AM,Anderson Elementary,800,Taylor B,AND01 AM,7:35:00 AM,7:14:49 AM,,7:14:49 AM,,,
10/21/2025 12:00:00 AM,Anderson Elementary,801,Thomas D,AND02 AM,7:35:00 AM,7:21:22 AM,,7:21:22 AM,,,
10/21/2025 12:00:00 AM,Anderson Elementary,802,Wilson J,AND03 AM,7:35:00 AM,7:10:15 AM,,7:10:15 AM,,,
10/21/2025 12:00:00 AM,Anderson Elementary,803,Wilson J,AND04 AM,7:35:00 AM,7:49:18 AM,,7:49:18 AM,,,
10/21/2025 12:00:00 AM,Anderson Elementary,804,Johnson T,AND05 AM,7:35:00 AM,7:50:42 AM,,7:50:42 AM,,,
10/21/2025 12:00:00 AM,Bammel Elementary,810,Williams M,BAM01 AM,7:35:00 AM,7:25:05 AM,,7:25:05 AM,,,
10/21/2025 12:00:00 AM,Bammel Elementary,811,Brown K,BAM02 AM,7:35:00 AM,7:18:48 AM,,7:18:48 AM,,,
10/21/2025 12:00:00 AM,Bammel Elementary,812,Johnson T,BAM03 AM,7:35:00 AM,7:19:43 AM,,7:19:43 AM,,,
10/21/2025 12:00:00 AM,Bammel Elementary,813,Miller S,BAM04 AM,7:35:00 AM,7:25:37 AM,,7:25:37 AM,,,
10/21/2025 12:00:00 AM,Bammel Elementary,814,Williams M,BAM05 AM,7:35:00 AM,7:50:02 AM,,7:50:02 AM,,,
10/21/2025 12:00:00 AM,Cooper Elementary,820,Taylor B,COO01 AM,7:35:00 AM,7:22:05 AM,,7:22:05 AM,,,
10/21/2025 12:00:00 AM,Cooper Elementary,821,Thomas D,COO02 AM,7:35:00 AM,7:27:13 AM,,7:27:13 AM,,,
10/21/2025 12:00:00 AM,Cooper Elementary,822,Thomas D,COO03 AM,7:35:00 AM,7:11:27 AM,,7:11:27 AM,,,
10/21/2025 12:00:00 AM,Cooper Elementary,823,Brown K,COO04 AM,7:35:00 AM,,,7:26:39 AM,,,
10/21/2025 12:00:00 AM,Cooper Elementary,824,Johnson T,COO05 AM,7:35:00 AM,7:12:54 AM,,7:12:54 AM,,,
10/21/2025 12:00:00 AM,Heritage Elementary,830,Williams M,HER01 AM,7:35:00 AM,7:17:19 AM,,7:17:19 AM,,,
10/21/2025 12:00:00 AM,Heritage Elementary,831,Anderson C,HER02 AM,7:35:00 AM,7:24:12 AM,,7:24:12 AM,,,
10/21/2025 12:00:00 AM,Heritage Elementary,832,Moore A,HER03 AM,7:35:00 AM,7:10:25 AM,,7:10:25 AM,,,
10/21/2025 12:00:00 AM,Heritage Elementary,833,Davis R,HER04 AM,7:35:00 AM,7:12:05 AM,,7:12:05 AM,,,
10/21/2025 12:00:00 AM,Heritage Elementary,834,Davis R,HER05 AM,7:35:00 AM,7:25:01 AM,,7:25:01 AM,,,
10/21/2025 12:00:00 AM,Jenkins Elementary,840,Williams M,JEN01 AM,7:35:00 AM,7:14:30 AM,,7:14:30 AM,,,
10/21/2025 12:00:00 AM,Jenkins Elementary,841,Taylor B,JEN02 AM,7:35:00 AM,7:28:52 AM,,7:28:52 AM,,,
10/21/2025 12:00:00 AM,Jenkins Elementary,842,Williams M,JEN03 AM,7:35:00 AM,7:29:20 AM,,7:29:20 AM,,,
10/21/2025 12:00:00 AM,Jenkins Elementary,843,Davis R,JEN04 AM,7:35:00 AM,7:18:55 AM,,7:18:55 AM,,,
10/21/2025 12:00:00 AM,Jenkins Elementary,844,Thomas D,JEN05 AM,7:35:00 AM,7:26:49 AM,,7:26:49 AM,,,
10/21/2025 12:00:00 AM,Lewis Elementary,850,Johnson T,LEW01 AM,7:35:00 AM,7:45:31 AM,,7:45:31 AM,,,
10/21/2025 12:00:00 AM,Lewis Elementary,851,Miller S,LEW02 AM,7:35:00 AM,7:30:51 AM,,7:30:51 AM,,,
10/21/2025 12:00:00 AM,Lewis Elementary,852,Anderson C,LEW03 AM,7:35:00 AM,7:11:56 AM,,7:11:56 AM,,,
10/21/2025 12:00:00 AM,Lewis Elementary,853,Brown K,LEW04 AM,7:35:00 AM,7:20:58 AM,,7:20:58 AM,,,
10/21/2025 12:00:00 AM,Lewis Elementary,854,Williams M,LEW05 AM,7:35:00 AM,7:27:57 AM,,7:27:57 AM,,,
10/21/2025 12:00:00 AM,Marshall Elementary,860,Davis R,MAR01 AM,7:35:00 AM,7:13:35 AM,,7:13:35 AM,,,
10/21/2025 12:00:00 AM,Marshall Elementary,861,Davis R,MAR02 AM,7:35:00 AM,7:29:16 AM,,7:29:16 AM,,,
10/21/2025 12:00:00 AM,Marshall Elementary,862,Moore A,MAR03 AM,7:35:00 AM,7:47:17 AM,,7:47:17 AM,,,
10/21/2025 12:00:00 AM,Marshall Elementary,863,Wilson J,MAR04 AM,7:35:00 AM,7:25:36 AM,,7:25:36 AM,,,
10/21/2025 12:00:00 AM,Marshall Elementary,864,Williams M,MAR05 AM,7:35:00 AM,7:40:16 AM,,7:40:16 AM,,,
10/21/2025 12:00:00 AM,Reynolds Elementary,870,Moore A,REY01 AM,7:35:00 AM,7:37:26 AM,,7:37:26 AM,,,
10/21/2025 12:00:00 AM,Reynolds Elementary,871,Williams M,REY02 AM,7:35:00 AM,7:25:25 AM,,7:25:25 AM,,,
10/21/2025 12:00:00 AM,Reynolds Elementary,872,Miller S,REY03 AM,7:35:00 AM,7:18:32 AM,,7:18:32 AM,,,
10/21/2025 12:00:00 AM,Reynolds Elementary,873,Johnson T,REY04 AM,7:35:00 AM,7:22:40 AM,,7:22:40 AM,,,
10/21/2025 12:00:00 AM,Reynolds Elementary,874,Johnson T,REY05 AM,7:35:00 AM,7:30:54 AM,,7:30:54 AM,,,
10/21/2025 12:00:00 AM,Westfield Middle School,880,Anderson C,WES01 AM,8:05:00 AM,7:42:30 AM,,7:42:30 AM,,,
10/21/2025 12:00:00 AM,Westfield Middle School,881,Anderson C,WES02 AM,8:05:00 AM,7:49:42 AM,,7:49:42 AM,,,
10/21/2025 12:00:00 AM,Westfield Middle School,882,Miller S,WES03 AM,8:05:00 AM,7:41:36 AM,,7:41:36 AM,,,
10/21/2025 12:00:00 AM,Westfield Middle School,883,Johnson T,WES04 AM,8:05:00 AM,7:44:40 AM,,7:44:40 AM,,,
10/21/2025 12:00:00 AM,Lakewood Middle School,890,Moore A,LAK01 AM,8:05:00 AM,7:45:59 AM,,7:45:59 AM,,,
10/21/2025 12:00:00 AM,Lakewood Middle School,891,Miller S,LAK02 AM,8:05:00 AM,7:48:27 AM,,7:48:27 AM,,,
10/21/2025 12:00:00 AM,Lakewood Middle School,892,Moore A,LAK03 AM,8:05:00 AM,7:50:10 AM,,7:50:10 AM,,,
10/21/2025 12:00:00 AM,Lakewood Middle School,893,Taylor B,LAK04 AM,8:05:00 AM,7:51:29 AM,,7:51:29 AM,,,
10/21/2025 12:00:00 AM,Riverside Middle School,900,Moore A,RIV01 AM,8:05:00 AM,7:43:14 AM,,7:43:14 AM,,,
10/21/2025 12:00:00 AM,Riverside Middle School,901,Johnson T,RIV02 AM,8:05:00 AM,7:46:00 AM,,7:46:00 AM,,,
10/21/2025 12:00:00 AM,Riverside Middle School,902,Moore A,RIV03 AM,8:05:00 AM,8:17:47 AM,,8:17:47 AM,,,
10/21/2025 12:00:00 AM,Riverside Middle School,903,Miller S,RIV04 AM,8:05:00 AM,7:40:54 AM,,7:40:54 AM,,,
10/21/2025 12:00:00 AM,Metro High School,910,Davis R,MET01 AM,8:55:00 AM,8:33:51 AM,,8:33:51 AM,,,
10/21/2025 12:00:00 AM,Metro High School,911,Davis R,MET02 AM,8:55:00 AM,8:46:26 AM,,8:46:26 AM,,,
10/21/2025 12:00:00 AM,Metro High School,912,Anderson C,MET03 AM,8:55:00 AM,8:48:53 AM,,8:48:53 AM,,,
10/21/2025 12:00:00 AM,Northgate High School,920,Johnson T,NOR01 AM,8:55:00 AM,8:32:07 AM,,8:32:07 AM,,,
10/21/2025 12:00:00 AM,Northgate High School,921,Thomas D,NOR02 AM,8:55:00 AM,8:43:03 AM,,8:43:03 AM,,,
10/21/2025 12:00:00 AM,Northgate High School,922,Anderson C,NOR03 AM,8:55:00 AM,8:30:48 AM,,8:30:48 AM,,,
10/22/2025 12:00:00 AM,Anderson Elementary,800,Taylor B,AND01 AM,7:35:00 AM,7:29:30 AM,,7:29:30 AM,,,
10/22/2025 12:00:00 AM,Anderson Elementary,801,Williams M,AND02 AM,7:35:00 AM,,,7:12:48 AM,,,
10/22/2025 12:00:00 AM,Anderson Elementary,802,Moore A,AND03 AM,7:35:00 AM,,,7:19:27 AM,,,
10/22/2025 12:00:00 AM,Anderson Elementary,803,Thomas D,AND04 AM,7:35:00 AM,7:19:29 AM,,7:19:29 AM,,,
10/22/2025 12:00:00 AM,Anderson Elementary,804,Johnson T,AND05 AM,7:35:00 AM,7:24:43 AM,,7:24:43 AM,,,
10/22/2025 12:00:00 AM,Bammel Elementary,810,Johnson T,BAM01 AM,7:35:00 AM,7:43:33 AM,,7:43:33 AM,,,
10/22/2025 12:00:00 AM,Bammel Elementary,811,Thomas D,BAM02 AM,7:35:00 AM,7:29:31 AM,,7:29:31 AM,,,
10/22/2025 12:00:00 AM,Bammel Elementary,812,Thomas D,BAM03 AM,7:35:00 AM,7:17:31 AM,,7:17:31 AM,,,
10/22/2025 12:00:00 AM,Bammel Elementary,813,Johnson T,BAM04 AM,7:35:00 AM,7:48:18 AM,,7:48:18 AM,,,
10/22/2025 12:00:00 AM,Bammel Elementary,814,Wilson J,BAM05 AM,7:35:00 AM,7:28:49 AM,,7:28:49 AM,,,
10/22/2025 12:00:00 AM,Cooper Elementary,820,Johnson T,COO01 AM,7:35:00 AM,7:29:12 AM,,7:29:12 AM,,,
10/22/2025 12:00:00 AM,Cooper Elementary,821,Davis R,COO02 AM,7:35:00 AM,7:26:54 AM,,7:26:54 AM,,,
10/22/2025 12:00:00 AM,Cooper Elementary,822,Johnson T,COO03 AM,7:35:00 AM,7:43:48 AM,,7:43:48 AM,,,
10/22/2025 12:00:00 AM,Cooper Elementary,823,Anderson C,COO04 AM,7:35:00 AM,7:10:09 AM,,7:10:09 AM,,,
10/22/2025 12:00:00 AM,Cooper Elementary,824,Taylor B,COO05 AM,7:35:00 AM,7:12:37 AM,,7:12:37 AM,,,
10/22/2025 12:00:00 AM,Heritage Elementary,830,Davis R,HER01 AM,7:35:00 AM,7:15:27 AM,,7:15:27 AM,,,
10/22/2025 12:00:00 AM,Heritage Elementary,831,Taylor B,HER02 AM,7:35:00 AM,7:23:31 AM,,7:23:31 AM,,,
10/22/2025 12:00:00 AM,Heritage Elementary,832,Taylor B,HER03 AM,7:35:00 AM,7:29:00 AM,,7:29:00 AM,,,
10/22/2025 12:00:00 AM,Heritage Elementary,833,Taylor B,HER04 AM,7:35:00 AM,7:24:12 AM,,7:24:12 AM,,,
10/22/2025 12:00:00 AM,Heritage Elementary,834,Anderson C,HER05 AM,7:35:00 AM,7:18:40 AM,,7:18:40 AM,,,
10/22/2025 12:00:00 AM,Jenkins Elementary,840,Taylor B,JEN01 AM,7:35:00 AM,7:27:37 AM,,7:27:37 AM,,,
10/22/2025 12:00:00 AM,Jenkins Elementary,841,Moore A,JEN02 AM,7:35:00 AM,7:10:40 AM,,7:10:40 AM,,,
10/22/2025 12:00:00 AM,Jenkins Elementary,842,Wilson J,JEN03 AM,7:35:00 AM,7:13:50 AM,,7:13:50 AM,,,
10/22/2025 12:00:00 AM,Jenkins Elementary,843,Taylor B,JEN04 AM,7:35:00 AM,7:11:27 AM,,7:11:27 AM,,,
10/22/2025 12:00:00 AM,Jenkins Elementary,844,Thomas D,JEN05 AM,7:35:00 AM,7:11:29 AM,,7:11:29 AM,,,
10/22/2025 12:00:00 AM,Lewis Elementary,850,Davis R,LEW01 AM,7:35:00 AM,7:19:01 AM,,7:19:01 AM,,,
10/22/2025 12:00:00 AM,Lewis Elementary,851,Wilson J,LEW02 AM,7:35:00 AM,7:46:43 AM,,7:46:43 AM,,,
10/22/2025 12:00:00 AM,Lewis Elementary,852,Johnson T,LEW03 AM,7:35:00 AM,7:16:14 AM,,7:16:14 AM,,,
10/22/2025 12:00:00 AM,Lewis Elementary,853,Davis R,LEW04 AM,7:35:00 AM,7:12:22 AM,,7:12:22 AM,,,
10/22/2025 12:00:00 AM,Lewis Elementary,854,Taylor B,LEW05 AM,7:35:00 AM,7:26:06 AM,,7:26:06 AM,,,
10/22/2025 12:00:00 AM,Marshall Elementary,860,Moore A,MAR01 AM,7:35:00 AM,7:11:16 AM,,7:11:16 AM,,,
10/22/2025 12:00:00 AM,Marshall Elementary,861,Wilson J,MAR02 AM,7:35:00 AM,7:10:23 AM,,7:10:23 AM,,,
10/22/2025 12:00:00 AM,Marshall Elementary,862,Brown K,MAR03 AM,7:35:00 AM,7:43:13 AM,,7:43:13 AM,,,
10/22/2025 12:00:00 AM,Marshall Elementary,863,Brown K,MAR04 AM,7:35:00 AM,7:24:18 AM,,7:24:18 AM,,,
10/22/2025 12:00:00 AM,Marshall Elementary,864,Williams M,MAR05 AM,7:35:00 AM,,,7:31:33 AM,,,
10/22/2025 12:00:00 AM,Reynolds Elementary,870,Brown K,REY01 AM,7:35:00 AM,7:21:59 AM,,7:21:59 AM,,,
10/22/2025 12:00:00 AM,Reynolds Elementary,871,Thomas D,REY02 AM,7:35:00 AM,7:22:05 AM,,7:22:05 AM,,,
10/22/2025 12:00:00 AM,Reynolds Elementary,872,Williams M,REY03 AM,7:35:00 AM,7:40:58 AM,,7:40:58 AM,,,
10/22/2025 12:00:00 AM,Reynolds Elementary,873,Davis R,REY04 AM,7:35:00 AM,7:17:27 AM,,7:17:27 AM,,,
10/22/2025 12:00:00 AM,Reynolds Elementary,874,Taylor B,REY05 AM,7:35:00 AM,7:29:47 AM,,7:29:47 AM,,,
10/22/2025 12:00:00 AM,Westfield Middle School,880,Wilson J,WES01 AM,8:05:00 AM,8:07:35 AM,,8:07:35 AM,,,
10/22/2025 12:00:00 AM,Westfield Middle School,881,Anderson C,WES02 AM,8:05:00 AM,7:46:17 AM,,7:46:17 AM,,,
10/22/2025 12:00:00 AM,Westfield Middle School,882,Johnson T,WES03 AM,8:05:00 AM,7:50:03 AM,,7:50:03 AM,,,
10/22/2025 12:00:00 AM,Westfield Middle School,883,Moore A,WES04 AM,8:05:00 AM,8:16:10 AM,,8:16:10 AM,,,
10/22/2025 12:00:00 AM,Lakewood Middle School,890,Wilson J,LAK01 AM,8:05:00 AM,7:57:11 AM,,7:57:11 AM,,,
10/22/2025 12:00:00 AM,Lakewood Middle School,891,Anderson C,LAK02 AM,8:05:00 AM,7:50:55 AM,,7:50:55 AM,,,
10/22/2025 12:00:00 AM,Lakewood Middle School,892,Taylor B,LAK03 AM,8:05:00 AM,7:46:17 AM,,7:46:17 AM,,,
10/22/2025 12:00:00 AM,Lakewood Middle School,893,Wilson J,LAK04 AM,8:05:00 AM,7:53:46 AM,,7:53:46 AM,,,
10/22/2025 12:00:00 AM,Riverside Middle School,900,Williams M,RIV01 AM,8:05:00 AM,7:40:02 AM,,7:40:02 AM,,,
10/22/2025 12:00:00 AM,Riverside Middle School,901,Anderson C,RIV02 AM,8:05:00 AM,7:48:00 AM,,7:48:00 AM,,,
10/22/2025 12:00:00 AM,Riverside Middle School,902,Thomas D,RIV03 AM,8:05:00 AM,7:45:12 AM,,7:45:12 AM,,,
10/22/2025 12:00:00 AM,Riverside Middle School,903,Wilson J,RIV04 AM,8:05:00 AM,7:57:34 AM,,7:57:34 AM,,,
10/22/2025 12:00:00 AM,Metro High School,910,Miller S,MET01 AM,8:55:00 AM,8:32:07 AM,,8:32:07 AM,,,
10/22/2025 12:00:00 AM,Metro High School,911,Thomas D,MET02 AM,8:55:00 AM,8:32:14 AM,,8:32:14 AM,,,
10/22/2025 12:00:00 AM,Metro High School,912,Taylor B,MET03 AM,8:55:00 AM,8:50:41 AM,,8:50:41 AM,,,
10/22/2025 12:00:00 AM,Northgate High School,920,Wilson J,NOR01 AM,8:55:00 AM,8:47:38 AM,,8:47:38 AM,,,
10/22/2025 12:00:00 AM,Northgate High School,921,Wilson J,NOR02 AM,8:55:00 AM,8:46:02 AM,,8:46:02 AM,,,
10/22/2025 12:00:00 AM,Northgate High School,922,Taylor B,NOR03 AM,8:55:00 AM,8:34:35 AM,,8:34:35 AM,,,
10/23/2025 12:00:00 AM,Anderson Elementary,800,Brown K,AND01 AM,7:35:00 AM,7:48:47 AM,,7:48:47 AM,,,
10/23/2025 12:00:00 AM,Anderson Elementary,801,Moore A,AND02 AM,7:35:00 AM,7:28:10 AM,,7:28:10 AM,,,
10/23/2025 12:00:00 AM,Anderson Elementary,802,Brown K,AND03 AM,7:35:00 AM,7:10:49 AM,,7:10:49 AM,,,
10/23/2025 12:00:00 AM,Anderson Elementary,803,Thomas D,AND04 AM,7:35:00 AM,7:44:49 AM,,7:44:49 AM,,,
10/23/2025 12:00:00 AM,Anderson Elementary,804,Wilson J,AND05 AM,7:35:00 AM,7:13:42 AM,,7:13:42 AM,,,
10/23/2025 12:00:00 AM,Bammel Elementary,810,Williams M,BAM01 AM,7:35:00 AM,7:18:55 AM,,7:18:55 AM,,,
10/23/2025 12:00:00 AM,Bammel Elementary,811,Davis R,BAM02 AM,7:35:00 AM,7:36:33 AM,,7:36:33 AM,,,
10/23/2025 12:00:00 AM,Bammel Elementary,812,Miller S,BAM03 AM,7:35:00 AM,7:17:53 AM,,7:17:53 AM,,,
10/23/2025 12:00:00 AM,Bammel Elementary,813,Anderson C,BAM04 AM,7:35:00 AM,7:40:27 AM,,7:40:27 AM,,,
10/23/2025 12:00:00 AM,Bammel Elementary,814,Wilson J,BAM05 AM,7:35:00 AM,,,7:49:44 AM,,,
10/23/2025 12:00:00 AM,Cooper Elementary,820,Davis R,COO01 AM,7:35:00 AM,7:10:34 AM,,7:10:34 AM,,,
10/23/2025 12:00:00 AM,Cooper Elementary,821,Miller S,COO02 AM,7:35:00 AM,,,7:13:22 AM,,,
10/23/2025 12:00:00 AM,Cooper Elementary,822,Davis R,COO03 AM,7:35:00 AM,7:10:34 AM,,7:10:34 AM,,,
10/23/2025 12:00:00 AM,Cooper Elementary,823,Johnson T,COO04 AM,7:35:00 AM,7:21:31 AM,,7:21:31 AM,,,
10/23/2025 12:00:00 AM,Cooper Elementary,824,Thomas D,COO05 AM,7:35:00 AM,7:38:50 AM,,7:38:50 AM,,,
10/23/2025 12:00:00 AM,Heritage Elementary,830,Brown K,HER01 AM,7:35:00 AM,7:13:25 AM,,7:13:25 AM,,,
10/23/2025 12:00:00 AM,Heritage Elementary,831,Anderson C,HER02 AM,7:35:00 AM,7:10:50 AM,,7:10:50 AM,,,
10/23/2025 12:00:00 AM,Heritage Elementary,832,Taylor B,HER03 AM,7:35:00 AM,7:21:02 AM,,7:21:02 AM,,,
10/23/2025 12:00:00 AM,Heritage Elementary,833,Brown K,HER04 AM,7:35:00 AM,7:24:21 AM,,7:24:21 AM,,,
10/23/2025 12:00:00 AM,Heritage Elementary,834,Thomas D,HER05 AM,7:35:00 AM,7:18:56 AM,,7:18:56 AM,,,
10/23/2025 12:00:00 AM,Jenkins Elementary,840,Wilson J,JEN01 AM,7:35:00 AM,7:50:14 AM,,7:50:14 AM,,,
10/23/2025 12:00:00 AM,Jenkins Elementary,841,Wilson J,JEN02 AM,7:35:00 AM,7:11:14 AM,,7:11:14 AM,,,
10/23/2025 12:00:00 AM,Jenkins Elementary,842,Williams M,JEN03 AM,7:35:00 AM,7:50:56 AM,,7:50:56 AM,,,
10/23/2025 12:00:00 AM,Jenkins Elementary,843,Williams M,JEN04 AM,7:35:00 AM,7:30:51 AM,,7:30:51 AM,,,
10/23/2025 12:00:00 AM,Jenkins Elementary,844,Taylor B,JEN05 AM,7:35:00 AM,7:43:37 AM,,7:43:37 AM,,,
10/23/2025 12:00:00 AM,Lewis Elementary,850,Anderson C,LEW01 AM,7:35:00 AM,7:28:13 AM,,7:28:13 AM,,,
10/23/2025 12:00:00 AM,Lewis Elementary,851,Johnson T,LEW02 AM,7:35:00 AM,7:48:43 AM,,7:48:43 AM,,,
10/23/2025 12:00:00 AM,Lewis Elementary,852,Thomas D,LEW03 AM,7:35:00 AM,7:17:51 AM,,7:17:51 AM,,,
10/23/2025 12:00:00 AM,Lewis Elementary,853,Brown K,LEW04 AM,7:35:00 AM,7:21:32 AM,,7:21:32 AM,,,
10/23/2025 12:00:00 AM,Lewis Elementary,854,Miller S,LEW05 AM,7:35:00 AM,7:26:40 AM,,7:26:40 AM,,,
10/23/2025 12:00:00 AM,Marshall Elementary,860,Johnson T,MAR01 AM,7:35:00 AM,7:23:16 AM,,7:23:16 AM,,,
10/23/2025 12:00:00 AM,Marshall Elementary,861,Miller S,MAR02 AM,7:35:00 AM,7:15:27 AM,,7:15:27 AM,,,
10/23/2025 12:00:00 AM,Marshall Elementary,862,Wilson J,MAR03 AM,7:35:00 AM,7:14:28 AM,,7:14:28 AM,,,
10/23/2025 12:00:00 AM,Marshall Elementary,863,Moore A,MAR04 AM,7:35:00 AM,7:11:12 AM,,7:11:12 AM,,,
10/23/2025 12:00:00 AM,Marshall Elementary,864,Williams M,MAR05 AM,7:35:00 AM,,,7:20:00 AM,,,
10/23/2025 12:00:00 AM,Reynolds Elementary,870,Thomas D,REY01 AM,7:35:00 AM,7:11:24 AM,,7:11:24 AM,,,
10/23/2025 12:00:00 AM,Reynolds Elementary,871,Thomas D,REY02 AM,7:35:00 AM,7:27:51 AM,,7:27:51 AM,,,
10/23/2025 12:00:00 AM,Reynolds Elementary,872,Taylor B,REY03 AM,7:35:00 AM,7:17:53 AM,,7:17:53 AM,,,
10/23/2025 12:00:00 AM,Reynolds Elementary,873,Miller S,REY04 AM,7:35:00 AM,7:11:31 AM,,7:11:31 AM,,,
10/23/2025 12:00:00 AM,Reynolds Elementary,874,Anderson C,REY05 AM,7:35:00 AM,7:28:53 AM,,7:28:53 AM,,,
10/23/2025 12:00:00 AM,Westfield Middle School,880,Wilson J,WES01 AM,8:05:00 AM,7:56:31 AM,,7:56:31 AM,,,
10/23/2025 12:00:00 AM,Westfield Middle School,881,Johnson T,WES02 AM,8:05:00 AM,8:09:13 AM,,8:09:13 AM,,,
10/23/2025 12:00:00 AM,Westfield Middle School,882,Taylor B,WES03 AM,8:05:00 AM,7:46:13 AM,,7:46:13 AM,,,
10/23/2025 12:00:00 AM,Westfield Middle School,883,Moore A,WES04 AM,8:05:00 AM,7:51:29 AM,,7:51:29 AM,,,
10/23/2025 12:00:00 AM,Lakewood Middle School,890,Wilson J,LAK01 AM,8:05:00 AM,8:00:43 AM,,8:00:43 AM,,,
10/23/2025 12:00:00 AM,Lakewood Middle School,891,Anderson C,LAK02 AM,8:05:00 AM,7:42:53 AM,,7:42:53 AM,,,
10/23/2025 12:00:00 AM,Lakewood Middle School,892,Taylor B,LAK03 AM,8:05:00 AM,7:52:45 AM,,7:52:45 AM,,,
10/23/2025 12:00:00 AM,Lakewood Middle School,893,Thomas D,LAK04 AM,8:05:00 AM,8:12:36 AM,,8:12:36 AM,,,
10/23/2025 12:00:00 AM,Riverside Middle School,900,Wilson J,RIV01 AM,8:05:00 AM,8:07:11 AM,,8:07:11 AM,,,
10/23/2025 12:00:00 AM,Riverside Middle School,901,Anderson C,RIV02 AM,8:05:00 AM,7:44:42 AM,,7:44:42 AM,,,
10/23/2025 12:00:00 AM,Riverside Middle School,902,Davis R,RIV03 AM,8:05:00 AM,7:58:30 AM,,7:58:30 AM,,,
10/23/2025 12:00:00 AM,Riverside Middle School,903,Anderson C,RIV04 AM,8:05:00 AM,7:47:46 AM,,7:47:46 AM,,,
10/23/2025 12:00:00 AM,Metro High School,910,Miller S,MET01 AM,8:55:00 AM,8:31:15 AM,,8:31:15 AM,,,
10/23/2025 12:00:00 AM,Metro High School,911,Thomas D,MET02 AM,8:55:00 AM,8:35:25 AM,,8:35:25 AM,,,
10/23/2025 12:00:00 AM,Metro High School,912,Williams M,MET03 AM,8:55:00 AM,8:41:05 AM,,8:41:05 AM,,,
10/23/2025 12:00:00 AM,Northgate High School,920,Anderson C,NOR01 AM,8:55:00 AM,8:41:11 AM,,8:41:11 AM,,,
10/23/2025 12:00:00 AM,Northgate High School,921,Moore A,NOR02 AM,8:55:00 AM,8:50:02 AM,,8:50:02 AM,,,
10/23/2025 12:00:00 AM,Northgate High School,922,Miller S,NOR03 AM,8:55:00 AM,8:44:26 AM,,8:44:26 AM,,,
10/24/2025 12:00:00 AM,Anderson Elementary,800,Williams M,AND01 AM,7:35:00 AM,7:14:25 AM,,7:14:25 AM,,,
10/24/2025 12:00:00 AM,Anderson Elementary,801,Miller S,AND02 AM,7:35:00 AM,7:11:36 AM,,7:11:36 AM,,,
10/24/2025 12:00:00 AM,Anderson Elementary,802,Thomas D,AND03 AM,7:35:00 AM,7:42:29 AM,,7:42:29 AM,,,
10/24/2025 12:00:00 AM,Anderson Elementary,803,Brown K,AND04 AM,7:35:00 AM,7:16:11 AM,,7:16:11 AM,,,
10/24/2025 12:00:00 AM,Anderson Elementary,804,Taylor B,AND05 AM,7:35:00 AM,7:50:17 AM,,7:50:17 AM,,,
10/24/2025 12:00:00 AM,Bammel Elementary,810,Davis R,BAM01 AM,7:35:00 AM,,,7:13:43 AM,,,
10/24/2025 12:00:00 AM,Bammel Elementary,811,Taylor B,BAM02 AM,7:35:00 AM,7:25:46 AM,,7:25:46 AM,,,
10/24/2025 12:00:00 AM,Bammel Elementary,812,Anderson C,BAM03 AM,7:35:00 AM,7:10:43 AM,,7:10:43 AM,,,
10/24/2025 12:00:00 AM,Bammel Elementary,813,Wilson J,BAM04 AM,7:35:00 AM,7:15:55 AM,,7:15:55 AM,,,
10/24/2025 12:00:00 AM,Bammel Elementary,814,Miller S,BAM05 AM,7:35:00 AM,7:36:10 AM,,7:36:10 AM,,,
10/24/2025 12:00:00 AM,Cooper Elementary,820,Moore A,COO01 AM,7:35:00 AM,7:22:47 AM,,7:22:47 AM,,,
10/24/2025 12:00:00 AM,Cooper Elementary,821,Miller S,COO02 AM,7:35:00 AM,7:47:05 AM,,7:47:05 AM,,,
10/24/2025 12:00:00 AM,Cooper Elementary,822,Brown K,COO03 AM,7:35:00 AM,7:19:15 AM,,7:19:15 AM,,,
10/24/2025 12:00:00 AM,Cooper Elementary,823,Moore A,COO04 AM,7:35:00 AM,7:23:41 AM,,7:23:41 AM,,,
10/24/2025 12:00:00 AM,Cooper Elementary,824,Johnson T,COO05 AM,7:35:00 AM,,,7:14:34 AM,,,
10/24/2025 12:00:00 AM,Heritage Elementary,830,Davis R,HER01 AM,7:35:00 AM,7:11:07 AM,,7:11:07 AM,,,
10/24/2025 12:00:00 AM,Heritage Elementary,831,Johnson T,HER02 AM,7:35:00 AM,7:16:13 AM,,7:16:13 AM,,,
10/24/2025 12:00:00 AM,Heritage Elementary,832,Miller S,HER03 AM,7:35:00 AM,7:20:06 AM,,7:20:06 AM,,,
10/24/2025 12:00:00 AM,Heritage Elementary,833,Davis R,HER04 AM,7:35:00 AM,7:21:59 AM,,7:21:59 AM,,,
10/24/2025 12:00:00 AM,Heritage Elementary,834,Moore A,HER05 AM,7:35:00 AM,7:23:13 AM,,7:23:13 AM,,,
10/24/2025 12:00:00 AM,Jenkins Elementary,840,Thomas D,JEN01 AM,7:35:00 AM,7:29:45 AM,,7:29:45 AM,,,
10/24/2025 12:00:00 AM,Jenkins Elementary,841,Taylor B,JEN02 AM,7:35:00 AM,7:15:51 AM,,7:15:51 AM,,,
10/24/2025 12:00:00 AM,Jenkins Elementary,842,Thomas D,JEN03 AM,7:35:00 AM,7:24:33 AM,,7:24:33 AM,,,
10/24/2025 12:00:00 AM,Jenkins Elementary,843,Wilson J,JEN04 AM,7:35:00 AM,7:10:23 AM,,7:10:23 AM,,,
10/24/2025 12:00:00 AM,Jenkins Elementary,844,Brown K,JEN05 AM,7:35:00 AM,7:25:48 AM,,7:25:48 AM,,,
10/24/2025 12:00:00 AM,Lewis Elementary,850,Williams M,LEW01 AM,7:35:00 AM,7:13:43 AM,,7:13:43 AM,,,
10/24/2025 12:00:00 AM,Lewis Elementary,851,Williams M,LEW02 AM,7:35:00 AM,7:15:29 AM,,7:15:29 AM,,,
10/24/2025 12:00:00 AM,Lewis Elementary,852,Davis R,LEW03 AM,7:35:00 AM,,,7:16:49 AM,,,
10/24/2025 12:00:00 AM,Lewis Elementary,853,Moore A,LEW04 AM,7:35:00 AM,7:41:07 AM,,7:41:07 AM,,,
10/24/2025 12:00:00 AM,Lewis Elementary,854,Miller S,LEW05 AM,7:35:00 AM,7:22:32 AM,,7:22:32 AM,,,
10/24/2025 12:00:00 AM,Marshall Elementary,860,Miller S,MAR01 AM,7:35:00 AM,7:30:55 AM,,7:30:55 AM,,,
10/24/2025 12:00:00 AM,Marshall Elementary,861,Williams M,MAR02 AM,7:35:00 AM,7:44:55 AM,,7:44:55 AM,,,
10/24/2025 12:00:00 AM,Marshall Elementary,862,Williams M,MAR03 AM,7:35:00 AM,7:14:20 AM,,7:14:20 AM,,,
10/24/2025 12:00:00 AM,Marshall Elementary,863,Thomas D,MAR04 AM,7:35:00 AM,7:47:37 AM,,7:47:37 AM,,,
10/24/2025 12:00:00 AM,Marshall Elementary,864,Johnson T,MAR05 AM,7:35:00 AM,7:49:21 AM,,7:49:21 AM,,,
10/24/2025 12:00:00 AM,Reynolds Elementary,870,Johnson T,REY01 AM,7:35:00 AM,7:45:38 AM,,7:45:38 AM,,,
10/24/2025 12:00:00 AM,Reynolds Elementary,871,Davis R,REY02 AM,7:35:00 AM,7:18:22 AM,,7:18:22 AM,,,
10/24/2025 12:00:00 AM,Reynolds Elementary,872,Johnson T,REY03 AM,7:35:00 AM,7:16:13 AM,,7:16:13 AM,,,
10/24/2025 12:00:00 AM,Reynolds Elementary,873,Wilson J,REY04 AM,7:35:00 AM,7:21:08 AM,,7:21:08 AM,,,
10/24/2025 12:00:00 AM,Reynolds Elementary,874,Johnson T,REY05 AM,7:35:00 AM,7:27:50 AM,,7:27:50 AM,,,
10/24/2025 12:00:00 AM,Westfield Middle School,880,Miller S,WES01 AM,8:05:00 AM,7:54:58 AM,,7:54:58 AM,,,
10/24/2025 12:00:00 AM,Westfield Middle School,881,Anderson C,WES02 AM,8:05:00 AM,8:08:17 AM,,8:08:17 AM,,,
10/24/2025 12:00:00 AM,Westfield Middle School,882,Williams M,WES03 AM,8:05:00 AM,7:45:09 AM,,7:45:09 AM,,,
10/24/2025 12:00:00 AM,Westfield Middle School,883,Wilson J,WES04 AM,8:05:00 AM,8:07:32 AM,,8:07:32 AM,,,
10/24/2025 12:00:00 AM,Lakewood Middle School,890,Williams M,LAK01 AM,8:05:00 AM,7:50:37 AM,,7:50:37 AM,,,
10/24/2025 12:00:00 AM,Lakewood Middle School,891,Miller S,LAK02 AM,8:05:00 AM,7:44:29 AM,,7:44:29 AM,,,
10/24/2025 12:00:00 AM,Lakewood Middle School,892,Williams M,LAK03 AM,8:05:00 AM,,,7:52:08 AM,,,
10/24/2025 12:00:00 AM,Lakewood Middle School,893,Wilson J,LAK04 AM,8:05:00 AM,7:47:38 AM,,7:47:38 AM,,,
10/24/2025 12:00:00 AM,Riverside Middle School,900,Wilson J,RIV01 AM,8:05:00 AM,7:58:54 AM,,7:58:54 AM,,,
10/24/2025 12:00:00 AM,Riverside Middle School,901,Taylor B,RIV02 AM,8:05:00 AM,7:45:17 AM,,7:45:17 AM,,,
10/24/2025 12:00:00 AM,Riverside Middle School,902,Brown K,RIV03 AM,8:05:00 AM,7:42:51 AM,,7:42:51 AM,,,
10/24/2025 12:00:00 AM,Riverside Middle School,903,Wilson J,RIV04 AM,8:05:00 AM,7:41:18 AM,,7:41:18 AM,,,
10/24/2025 12:00:00 AM,Metro High School,910,Moore A,MET01 AM,8:55:00 AM,8:32:21 AM,,8:32:21 AM,,,
10/24/2025 12:00:00 AM,Metro High School,911,Brown K,MET02 AM,8:55:00 AM,8:37:28 AM,,8:37:28 AM,,,
10/24/2025 12:00:00 AM,Metro High School,912,Brown K,MET03 AM,8:55:00 AM,8:38:23 AM,,8:38:23 AM,,,
10/24/2025 12:00:00 AM,Northgate High School,920,Taylor B,NOR01 AM,8:55:00 AM,8:30:52 AM,,8:30:52 AM,,,
10/24/2025 12:00:00 AM,Northgate High School,921,Wilson J,NOR02 AM,8:55:00 AM,8:40:56 AM,,8:40:56 AM,,,
10/24/2025 12:00:00 AM,Northgate High School,922,Wilson J,NOR03 AM,8:55:00 AM,8:35:44 AM,,8:35:44 AM,,,
10/27/2025 12:00:00 AM,Anderson Elementary,800,Johnson T,AND01 AM,7:35:00 AM,,,7:13:48 AM,,,
10/27/2025 12:00:00 AM,Anderson Elementary,801,Wilson J,AND02 AM,7:35:00 AM,7:13:20 AM,,7:13:20 AM,,,
10/27/2025 12:00:00 AM,Anderson Elementary,802,Moore A,AND03 AM,7:35:00 AM,7:48:39 AM,,7:48:39 AM,,,
10/27/2025 12:00:00 AM,Anderson Elementary,803,Anderson C,AND04 AM,7:35:00 AM,7:44:22 AM,,7:44:22 AM,,,
10/27/2025 12:00:00 AM,Anderson Elementary,804,Williams M,AND05 AM,7:35:00 AM,7:19:53 AM,,7:19:53 AM,,,
10/27/2025 12:00:00 AM,Bammel Elementary,810,Davis R,BAM01 AM,7:35:00 AM,7:12:27 AM,,7:12:27 AM,,,
10/27/2025 12:00:00 AM,Bammel Elementary,811,Anderson C,BAM02 AM,7:35:00 AM,7:14:10 AM,,7:14:10 AM,,,
10/27/2025 12:00:00 AM,Bammel Elementary,812,Williams M,BAM03 AM,7:35:00 AM,7:17:49 AM,,7:17:49 AM,,,
10/27/2025 12:00:00 AM,Bammel Elementary,813,Johnson T,BAM04 AM,7:35:00 AM,7:21:32 AM,,7:21:32 AM,,,
10/27/2025 12:00:00 AM,Bammel Elementary,814,Moore A,BAM05 AM,7:35:00 AM,7:30:16 AM,,7:30:16 AM,,,
10/27/2025 12:00:00 AM,Cooper Elementary,820,Davis R,COO01 AM,7:35:00 AM,7:10:20 AM,,7:10:20 AM,,,
10/27/2025 12:00:00 AM,Cooper Elementary,821,Moore A,COO02 AM,7:35:00 AM,7:28:19 AM,,7:28:19 AM,,,
10/27/2025 12:00:00 AM,Cooper Elementary,822,Williams M,COO03 AM,7:35:00 AM,7:20:51 AM,,7:20:51 AM,,,
10/27/2025 12:00:00 AM,Cooper Elementary,823,Moore A,COO04 AM,7:35:00 AM,,,7:14:36 AM,,,
10/27/2025 12:00:00 AM,Cooper Elementary,824,Moore A,COO05 AM,7:35:00 AM,7:14:04 AM,,7:14:04 AM,,,
10/27/2025 12:00:00 AM,Heritage Elementary,830,Brown K,HER01 AM,7:35:00 AM,7:13:31 AM,,7:13:31 AM,,,
10/27/2025 12:00:00 AM,Heritage Elementary,831,Moore A,HER02 AM,7:35:00 AM,7:28:13 AM,,7:28:13 AM,,,
10/27/2025 12:00:00 AM,Heritage Elementary,832,Miller S,HER03 AM,7:35:00 AM,7:20:37 AM,,7:20:37 AM,,,
10/27/2025 12:00:00 AM,Heritage Elementary,833,Taylor B,HER04 AM,7:35:00 AM,,,7:13:21 AM,,,
10/27/2025 12:00:00 AM,Heritage Elementary,834,Moore A,HER05 AM,7:35:00 AM,7:22:38 AM,,7:22:38 AM,,,
10/27/2025 12:00:00 AM,Jenkins Elementary,840,Moore A,JEN01 AM,7:35:00 AM,7:22:51 AM,,7:22:51 AM,,,
10/27/2025 12:00:00 AM,Jenkins Elementary,841,Taylor B,JEN02 AM,7:35:00 AM,7:19:08 AM,,7:19:08 AM,,,
10/27/2025 12:00:00 AM,Jenkins Elementary,842,Johnson T,JEN03 AM,7:35:00 AM,7:17:23 AM,,7:17:23 AM,,,
10/27/2025 12:00:00 AM,Jenkins Elementary,843,Miller S,JEN04 AM,7:35:00 AM,7:50:11 AM,,7:50:11 AM,,,
10/27/2025 12:00:00 AM,Jenkins Elementary,844,Taylor B,JEN05 AM,7:35:00 AM,7:29:49 AM,,7:29:49 AM,,,
10/27/2025 12:00:00 AM,Lewis Elementary,850,Williams M,LEW01 AM,7:35:00 AM,,,7:14:08 AM,,,
10/27/2025 12:00:00 AM,Lewis Elementary,851,Moore A,LEW02 AM,7:35:00 AM,7:11:01 AM,,7:11:01 AM,,,
10/27/2025 12:00:00 AM,Lewis Elementary,852,Williams M,LEW03 AM,7:35:00 AM,7:39:20 AM,,7:39:20 AM,,,
10/27/2025 12:00:00 AM,Lewis Elementary,853,Wilson J,LEW04 AM,7:35:00 AM,7:29:27 AM,,7:29:27 AM,,,
10/27/2025 12:00:00 AM,Lewis Elementary,854,Miller S,LEW05 AM,7:35:00 AM,7:24:52 AM,,7:24:52 AM,,,
10/27/2025 12:00:00 AM,Marshall Elementary,860,Brown K,MAR01 AM,7:35:00 AM,7:23:51 AM,,7:23:51 AM,,,
10/27/2025 12:00:00 AM,Marshall Elementary,861,Moore A,MAR02 AM,7:35:00 AM,7:17:22 AM,,7:17:22 AM,,,
10/27/2025 12:00:00 AM,Marshall Elementary,862,Moore A,MAR03 AM,7:35:00 AM,7:26:57 AM,,7:26:57 AM,,,
10/27/2025 12:00:00 AM,Marshall Elementary,863,Wilson J,MAR04 AM,7:35:00 AM,7:30:56 AM,,7:30:56 AM,,,
10/27/2025 12:00:00 AM,Marshall Elementary,864,Williams M,MAR05 AM,7:35:00 AM,7:37:44 AM,,7:37:44 AM,,,
10/27/2025 12:00:00 AM,Reynolds Elementary,870,Davis R,REY01 AM,7:35:00 AM,7:23:48 AM,,7:23:48 AM,,,
10/27/2025 12:00:00 AM,Reynolds Elementary,871,Wilson J,REY02 AM,7:35:00 AM,7:49:55 AM,,7:49:55 AM,,,
10/27/2025 12:00:00 AM,Reynolds Elementary,872,Williams M,REY03 AM,7:35:00 AM,7:23:02 AM,,7:23:02 AM,,,
10/27/2025 12:00:00 AM,Reynolds Elementary,873,Wilson J,REY04 AM,7:35:00 AM,7:12:01 AM,,7:12:01 AM,,,
10/27/2025 12:00:00 AM,Reynolds Elementary,874,Anderson C,REY05 AM,7:35:00 AM,7:20:06 AM,,7:20:06 AM,,,
10/27/2025 12:00:00 AM,Westfield Middle School,880,Davis R,WES01 AM,8:05:00 AM,7:45:45 AM,,7:45:45 AM,,,
10/27/2025 12:00:00 AM,Westfield Middle School,881,Miller S,WES02 AM,8:05:00 AM,7:52:14 AM,,7:52:14 AM,,,
10/27/2025 12:00:00 AM,Westfield Middle School,882,Miller S,WES03 AM,8:05:00 AM,7:57:52 AM,,7:57:52 AM,,,
10/27/2025 12:00:00 AM,Westfield Middle School,883,Thomas D,WES04 AM,8:05:00 AM,7:58:28 AM,,7:58:28 AM,,,
10/27/2025 12:00:00 AM,Lakewood Middle School,890,Johnson T,LAK01 AM,8:05:00 AM,7:57:31 AM,,7:57:31 AM,,,
10/27/2025 12:00:00 AM,Lakewood Middle School,891,Wilson J,LAK02 AM,8:05:00 AM,7:42:05 AM,,7:42:05 AM,,,
10/27/2025 12:00:00 AM,Lakewood Middle School,892,Davis R,LAK03 AM,8:05:00 AM,8:12:18 AM,,8:12:18 AM,,,
10/27/2025 12:00:00 AM,Lakewood Middle School,893,Miller S,LAK04 AM,8:05:00 AM,8:19:22 AM,,8:19:22 AM,,,
10/27/2025 12:00:00 AM,Riverside Middle School,900,Moore A,RIV01 AM,8:05:00 AM,8:00:36 AM,,8:00:36 AM,,,
10/27/2025 12:00:00 AM,Riverside Middle School,901,Brown K,RIV02 AM,8:05:00 AM,7:42:42 AM,,7:42:42 AM,,,
10/27/2025 12:00:00 AM,Riverside Middle School,902,Anderson C,RIV03 AM,8:05:00 AM,8:00:47 AM,,8:00:47 AM,,,
10/27/2025 12:00:00 AM,Riverside Middle School,903,Williams M,RIV04 AM,8:05:00 AM,7:42:00 AM,,7:42:00 AM,,,
10/27/2025 12:00:00 AM,Metro High School,910,Moore A,MET01 AM,8:55:00 AM,8:34:01 AM,,8:34:01 AM,,,
10/27/2025 12:00:00 AM,Metro High School,911,Miller S,MET02 AM,8:55:00 AM,8:36:08 AM,,8:36:08 AM,,,
10/27/2025 12:00:00 AM,Metro High School,912,Thomas D,MET03 AM,8:55:00 AM,,,9:01:28 AM,,,
10/27/2025 12:00:00 AM,Northgate High School,920,Williams M,NOR01 AM,8:55:00 AM,9:09:10 AM,,9:09:10 AM,,,
10/27/2025 12:00:00 AM,Northgate High School,921,Davis R,NOR02 AM,8:55:00 AM,8:32:59 AM,,8:32:59 AM,,,
10/27/2025 12:00:00 AM,Northgate High School,922,Johnson T,NOR03 AM,8:55:00 AM,8:39:06 AM,,8:39:06 AM,,,
10/28/2025 12:00:00 AM,Anderson Elementary,800,Anderson C,AND01 AM,7:35:00 AM,7:26:46 AM,,7:26:46 AM,,,
10/28/2025 12:00:00 AM,Anderson Elementary,801,Thomas D,AND02 AM,7:35:00 AM,7:46:43 AM,,7:46:43 AM,,,
10/28/2025 12:00:00 AM,Anderson Elementary,802,Taylor B,AND03 AM,7:35:00 AM,7:25:22 AM,,7:25:22 AM,,,
10/28/2025 12:00:00 AM,Anderson Elementary,803,Thomas D,AND04 AM,7:35:00 AM,7:18:51 AM,,7:18:51 AM,,,
10/28/2025 12:00:00 AM,Anderson Elementary,804,Johnson T,AND05 AM,7:35:00 AM,7:28:15 AM,,7:28:15 AM,,,
10/28/2025 12:00:00 AM,Bammel Elementary,810,Taylor B,BAM01 AM,7:35:00 AM,7:23:21 AM,,7:23:21 AM,,,
10/28/2025 12:00:00 AM,Bammel Elementary,811,Anderson C,BAM02 AM,7:35:00 AM,7:40:30 AM,,7:40:30 AM,,,
10/28/2025 12:00:00 AM,Bammel Elementary,812,Miller S,BAM03 AM,7:35:00 AM,7:27:28 AM,,7:27:28 AM,,,
10/28/2025 12:00:00 AM,Bammel Elementary,813,Moore A,BAM04 AM,7:35:00 AM,7:30:50 AM,,7:30:50 AM,,,
10/28/2025 12:00:00 AM,Bammel Elementary,814,Wilson J,BAM05 AM,7:35:00 AM,7:47:42 AM,,7:47:42 AM,,,
10/28/2025 12:00:00 AM,Cooper Elementary,820,Brown K,COO01 AM,7:35:00 AM,7:24:19 AM,,7:24:19 AM,,,
10/28/2025 12:00:00 AM,Cooper Elementary,821,Wilson J,COO02 AM,7:35:00 AM,7:12:09 AM,,7:12:09 AM,,,
10/28/2025 12:00:00 AM,Cooper Elementary,822,Thomas D,COO03 AM,7:35:00 AM,7:19:28 AM,,7:19:28 AM,,,
10/28/2025 12:00:00 AM,Cooper Elementary,823,Anderson C,COO04 AM,7:35:00 AM,7:16:00 AM,,7:16:00 AM,,,
10/28/2025 12:00:00 AM,Cooper Elementary,824,Thomas D,COO05 AM,7:35:00 AM,7:22:17 AM,,7:22:17 AM,,,
10/28/2025 12:00:00 AM,Heritage Elementary,830,Thomas D,HER01 AM,7:35:00 AM,7:11:12 AM,,7:11:12 AM,,,
10/28/2025 12:00:00 AM,Heritage Elementary,831,Anderson C,HER02 AM,7:35:00 AM,7:11:26 AM,,7:11:26 AM,,,
10/28/2025 12:00:00 AM,Heritage Elementary,832,Wilson J,HER03 AM,7:35:00 AM,7:20:13 AM,,7:20:13 AM,,,
10/28/2025 12:00:00 AM,Heritage Elementary,833,Davis R,HER04 AM,7:35:00 AM,7:19:25 AM,,7:19:25 AM,,,
10/28/2025 12:00:00 AM,Heritage Elementary,834,Brown K,HER05 AM,7:35:00 AM,7:20:58 AM,,7:20:58 AM,,,
10/28/2025 12:00:00 AM,Jenkins Elementary,840,Miller S,JEN01 AM,7:35:00 AM,7:11:45 AM,,7:11:45 AM,,,
10/28/2025 12:00:00 AM,Jenkins Elementary,841,Taylor B,JEN02 AM,7:35:00 AM,7:21:14 AM,,7:21:14 AM,,,
10/28/2025 12:00:00 AM,Jenkins Elementary,842,Johnson T,JEN03 AM,7:35:00 AM,7:29:26 AM,,7:29:26 AM,,,
10/28/2025 12:00:00 AM,Jenkins Elementary,843,Moore A,JEN04 AM,7:35:00 AM,7:26:04 AM,,7:26:04 AM,,,
10/28/2025 12:00:00 AM,Jenkins Elementary,844,Wilson J,JEN05 AM,7:35:00 AM,7:18:32 AM,,7:18:32 AM,,,
10/28/2025 12:00:00 AM,Lewis Elementary,850,Williams M,LEW01 AM,7:35:00 AM,7:24:27 AM,,7:24:27 AM,,,
10/28/2025 12:00:00 AM,Lewis Elementary,851,Moore A,LEW02 AM,7:35:00 AM,7:20:35 AM,,7:20:35 AM,,,
10/28/2025 12:00:00 AM,Lewis Elementary,852,Wilson J,LEW03 AM,7:35:00 AM,7:21:37 AM,,7:21:37 AM,,,
10/28/2025 12:00:00 AM,Lewis Elementary,853,Thomas D,LEW04 AM,7:35:00 AM,7:11:17 AM,,7:11:17 AM,,,
10/28/2025 12:00:00 AM,Lewis Elementary,854,Moore A,LEW05 AM,7:35:00 AM,7:45:12 AM,,7:45:12 AM,,,
10/28/2025 12:00:00 AM,Marshall Elementary,860,Brown K,MAR01 AM,7:35:00 AM,7:36:06 AM,,7:36:06 AM,,,
10/28/2025 12:00:00 AM,Marshall Elementary,861,Thomas D,MAR02 AM,7:35:00 AM,7:44:33 AM,,7:44:33 AM,,,
10/28/2025 12:00:00 AM,Marshall Elementary,862,Thomas D,MAR03 AM,7:35:00 AM,7:18:29 AM,,7:18:29 AM,,,
10/28/2025 12:00:00 AM,Marshall Elementary,863,Thomas D,MAR04 AM,7:35:00 AM,7:20:12 AM,,7:20:12 AM,,,
10/28/2025 12:00:00 AM,Marshall Elementary,864,Brown K,MAR05 AM,7:35:00 AM,7:19:25 AM,,7:19:25 AM,,,
10/28/2025 12:00:00 AM,Reynolds Elementary,870,Johnson T,REY01 AM,7:35:00 AM,7:26:56 AM,,7:26:56 AM,,,
10/28/2025 12:00:00 AM,Reynolds Elementary,871,Brown K,REY02 AM,7:35:00 AM,7:26:20 AM,,7:26:20 AM,,,
10/28/2025 12:00:00 AM,Reynolds Elementary,872,Moore A,REY03 AM,7:35:00 AM,7:26:39 AM,,7:26:39 AM,,,
10/28/2025 12:00:00 AM,Reynolds Elementary,873,Moore A,REY04 AM,7:35:00 AM,7:15:19 AM,,7:15:19 AM,,,
10/28/2025 12:00:00 AM,Reynolds Elementary,874,Johnson T,REY05 AM,7:35:00 AM,7:20:11 AM,,7:20:11 AM,,,
10/28/2025 12:00:00 AM,Westfield Middle School,880,Williams M,WES01 AM,8:05:00 AM,7:41:45 AM,,7:41:45 AM,,,
10/28/2025 12:00:00 AM,Westfield Middle School,881,Miller S,WES02 AM,8:05:00 AM,8:12:47 AM,,8:12:47 AM,,,
10/28/2025 12:00:00 AM,Westfield Middle School,882,Davis R,WES03 AM,8:05:00 AM,7:50:44 AM,,7:50:44 AM,,,
10/28/2025 12:00:00 AM,Westfield Middle School,883,Davis R,WES04 AM,8:05:00 AM,8:16:12 AM,,8:16:12 AM,,,
10/28/2025 12:00:00 AM,Lakewood Middle School,890,Johnson T,LAK01 AM,8:05:00 AM,7:40:56 AM,,7:40:56 AM,,,
10/28/2025 12:00:00 AM,Lakewood Middle School,891,Davis R,LAK02 AM,8:05:00 AM,7:58:46 AM,,7:58:46 AM,,,
10/28/2025 12:00:00 AM,Lakewood Middle School,892,Taylor B,LAK03 AM,8:05:00 AM,7:49:00 AM,,7:49:00 AM,,,
10/28/2025 12:00:00 AM,Lakewood Middle School,893,Miller S,LAK04 AM,8:05:00 AM,7:41:39 AM,,7:41:39 AM,,,
10/28/2025 12:00:00 AM,Riverside Middle School,900,Williams M,RIV01 AM,8:05:00 AM,8:00:51 AM,,8:00:51 AM,,,
10/28/2025 12:00:00 AM,Riverside Middle School,901,Brown K,RIV02 AM,8:05:00 AM,7:49:37 AM,,7:49:37 AM,,,
10/28/2025 12:00:00 AM,Riverside Middle School,902,Williams M,RIV03 AM,8:05:00 AM,7:57:37 AM,,7:57:37 AM,,,
10/28/2025 12:00:00 AM,Riverside Middle School,903,Moore A,RIV04 AM,8:05:00 AM,7:50:06 AM,,7:50:06 AM,,,
10/28/2025 12:00:00 AM,Metro High School,910,Johnson T,MET01 AM,8:55:00 AM,8:35:15 AM,,8:35:15 AM,,,
10/28/2025 12:00:00 AM,Metro High School,911,Anderson C,MET02 AM,8:55:00 AM,8:36:55 AM,,8:36:55 AM,,,
10/28/2025 12:00:00 AM,Metro High School,912,Brown K,MET03 AM,8:55:00 AM,8:36:04 AM,,8:36:04 AM,,,
10/28/2025 12:00:00 AM,Northgate High School,920,Miller S,NOR01 AM,8:55:00 AM,8:40:56 AM,,8:40:56 AM,,,
10/28/2025 12:00:00 AM,Northgate High School,921,Davis R,NOR02 AM,8:55:00 AM,8:35:57 AM,,8:35:57 AM,,,
10/28/2025 12:00:00 AM,Northgate High School,922,Johnson T,NOR03 AM,8:55:00 AM,9:04:25 AM,,9:04:25 AM,,,
10/29/2025 12:00:00 AM,Anderson Elementary,800,Miller S,AND01 AM,7:35:00 AM,7:30:01 AM,,7:30:01 AM,,,
10/29/2025 12:00:00 AM,Anderson Elementary,801,Wilson J,AND02 AM,7:35:00 AM,7:29:58 AM,,7:29:58 AM,,,
10/29/2025 12:00:00 AM,Anderson Elementary,802,Taylor B,AND03 AM,7:35:00 AM,7:14:16 AM,,7:14:16 AM,,,
10/29/2025 12:00:00 AM,Anderson Elementary,803,Williams M,AND04 AM,7:35:00 AM,7:11:36 AM,,7:11:36 AM,,,
10/29/2025 12:00:00 AM,Anderson Elementary,804,Taylor B,AND05 AM,7:35:00 AM,7:24:19 AM,,7:24:19 AM,,,
10/29/2025 12:00:00 AM,Bammel Elementary,810,Moore A,BAM01 AM,7:35:00 AM,7:30:40 AM,,7:30:40 AM,,,
10/29/2025 12:00:00 AM,Bammel Elementary,811,Miller S,BAM02 AM,7:35:00 AM,7:15:48 AM,,7:15:48 AM,,,
10/29/2025 12:00:00 AM,Bammel Elementary,812,Taylor B,BAM03 AM,7:35:00 AM,7:28:31 AM,,7:28:31 AM,,,
10/29/2025 12:00:00 AM,Bammel Elementary,813,Taylor B,BAM04 AM,7:35:00 AM,7:16:31 AM,,7:16:31 AM,,,
10/29/2025 12:00:00 AM,Bammel Elementary,814,Williams M,BAM05 AM,7:35:00 AM,7:24:38 AM,,7:24:38 AM,,,
10/29/2025 12:00:00 AM,Cooper Elementary,820,Miller S,COO01 AM,7:35:00 AM,7:23:02 AM,,7:23:02 AM,,,
10/29/2025 12:00:00 AM,Cooper Elementary,821,Williams M,COO02 AM,7:35:00 AM,7:16:53 AM,,7:16:53 AM,,,
10/29/2025 12:00:00 AM,Cooper Elementary,822,Moore A,COO03 AM,7:35:00 AM,7:29:15 AM,,7:29:15 AM,,,
10/29/2025 12:00:00 AM,Cooper Elementary,823,Thomas D,COO04 AM,7:35:00 AM,7:13:40 AM,,7:13:40 AM,,,
10/29/2025 12:00:00 AM,Cooper Elementary,824,Davis R,COO05 AM,7:35:00 AM,7:12:11 AM,,7:12:11 AM,,,
10/29/2025 12:00:00 AM,Heritage Elementary,830,Taylor B,HER01 AM,7:35:00 AM,7:29:47 AM,,7:29:47 AM,,,
10/29/2025 12:00:00 AM,Heritage Elementary,831,Wilson J,HER02 AM,7:35:00 AM,7:10:22 AM,,7:10:22 AM,,,
10/29/2025 12:00:00 AM,Heritage Elementary,832,Anderson C,HER03 AM,7:35:00 AM,7:17:29 AM,,7:17:29 AM,,,
10/29/2025 12:00:00 AM,Heritage Elementary,833,Williams M,HER04 AM,7:35:00 AM,,,7:28:43 AM,,,
10/29/2025 12:00:00 AM,Heritage Elementary,834,Taylor B,HER05 AM,7:35:00 AM,7:28:07 AM,,7:28:07 AM,,,
10/29/2025 12:00:00 AM,Jenkins Elementary,840,Johnson T,JEN01 AM,7:35:00 AM,7:40:06 AM,,7:40:06 AM,,,
10/29/2025 12:00:00 AM,Jenkins Elementary,841,Moore A,JEN02 AM,7:35:00 AM,7:22:09 AM,,7:22:09 AM,,,
10/29/2025 12:00:00 AM,Jenkins Elementary,842,Moore A,JEN03 AM,7:35:00 AM,,,7:25:32 AM,,,
10/29/2025 12:00:00 AM,Jenkins Elementary,843,Johnson T,JEN04 AM,7:35:00 AM,7:21:14 AM,,7:21:14 AM,,,
10/29/2025 12:00:00 AM,Jenkins Elementary,844,Anderson C,JEN05 AM,7:35:00 AM,7:11:55 AM,,7:11:55 AM,,,
10/29/2025 12:00:00 AM,Lewis Elementary,850,Davis R,LEW01 AM,7:35:00 AM,7:27:51 AM,,7:27:51 AM,,,
10/29/2025 12:00:00 AM,Lewis Elementary,851,Moore A,LEW02 AM,7:35:00 AM,7:38:18 AM,,7:38:18 AM,,,
10/29/2025 12:00:00 AM,Lewis Elementary,852,Williams M,LEW03 AM,7:35:00 AM,7:21:15 AM,,7:21:15 AM,,,
10/29/2025 12:00:00 AM,Lewis Elementary,853,Anderson C,LEW04 AM,7:35:00 AM,7:38:29 AM,,7:38:29 AM,,,
10/29/2025 12:00:00 AM,Lewis Elementary,854,Taylor B,LEW05 AM,7:35:00 AM,7:26:22 AM,,7:26:22 AM,,,
10/29/2025 12:00:00 AM,Marshall Elementary,860,Williams M,MAR01 AM,7:35:00 AM,7:46:09 AM,,7:46:09 AM,,,
10/29/2025 12:00:00 AM,Marshall Elementary,861,Johnson T,MAR02 AM,7:35:00 AM,,,7:28:15 AM,,,
10/29/2025 12:00:00 AM,Marshall Elementary,862,Brown K,MAR03 AM,7:35:00 AM,7:21:16 AM,,7:21:16 AM,,,
10/29/2025 12:00:00 AM,Marshall Elementary,863,Davis R,MAR04 AM,7:35:00 AM,7:26:20 AM,,7:26:20 AM,,,
10/29/2025 12:00:00 AM,Marshall Elementary,864,Thomas D,MAR05 AM,7:35:00 AM,7:26:26 AM,,7:26:26 AM,,,
10/29/2025 12:00:00 AM,Reynolds Elementary,870,Brown K,REY01 AM,7:35:00 AM,7:26:46 AM,,7:26:46 AM,,,
10/29/2025 12:00:00 AM,Reynolds Elementary,871,Brown K,REY02 AM,7:35:00 AM,7:26:12 AM,,7:26:12 AM,,,
10/29/2025 12:00:00 AM,Reynolds Elementary,872,Wilson J,REY03 AM,7:35:00 AM,7:38:32 AM,,7:38:32 AM,,,
10/29/2025 12:00:00 AM,Reynolds Elementary,873,Anderson C,REY04 AM,7:35:00 AM,7:10:52 AM,,7:10:52 AM,,,
10/29/2025 12:00:00 AM,Reynolds Elementary,874,Taylor B,REY05 AM,7:35:00 AM,7:15:16 AM,,7:15:16 AM,,,
10/29/2025 12:00:00 AM,Westfield Middle School,880,Johnson T,WES01 AM,8:05:00 AM,8:00:24 AM,,8:00:24 AM,,,
10/29/2025 12:00:00 AM,Westfield Middle School,881,Wilson J,WES02 AM,8:05:00 AM,8:13:29 AM,,8:13:29 AM,,,
10/29/2025 12:00:00 AM,Westfield Middle School,882,Thomas D,WES03 AM,8:05:00 AM,7:57:01 AM,,7:57:01 AM,,,
10/29/2025 12:00:00 AM,Westfield Middle School,883,Davis R,WES04 AM,8:05:00 AM,7:59:05 AM,,7:59:05 AM,,,
10/29/2025 12:00:00 AM,Lakewood Middle School,890,Miller S,LAK01 AM,8:05:00 AM,7:46:36 AM,,7:46:36 AM,,,
10/29/2025 12:00:00 AM,Lakewood Middle School,891,Moore A,LAK02 AM,8:05:00 AM,7:54:08 AM,,7:54:08 AM,,,
10/29/2025 12:00:00 AM,Lakewood Middle School,892,Thomas D,LAK03 AM,8:05:00 AM,7:44:16 AM,,7:44:16 AM,,,
10/29/2025 12:00:00 AM,Lakewood Middle School,893,Williams M,LAK04 AM,8:05:00 AM,7:45:37 AM,,7:45:37 AM,,,
10/29/2025 12:00:00 AM,Riverside Middle School,900,Wilson J,RIV01 AM,8:05:00 AM,7:49:53 AM,,7:49:53 AM,,,
10/29/2025 12:00:00 AM,Riverside Middle School,901,Miller S,RIV02 AM,8:05:00 AM,7:56:28 AM,,7:56:28 AM,,,
10/29/2025 12:00:00 AM,Riverside Middle School,902,Davis R,RIV03 AM,8:05:00 AM,7:54:25 AM,,7:54:25 AM,,,
10/29/2025 12:00:00 AM,Riverside Middle School,903,Johnson T,RIV04 AM,8:05:00 AM,7:52:02 AM,,7:52:02 AM,,,
10/29/2025 12:00:00 AM,Metro High School,910,Anderson C,MET01 AM,8:55:00 AM,8:47:01 AM,,8:47:01 AM,,,
10/29/2025 12:00:00 AM,Metro High School,911,Taylor B,MET02 AM,8:55:00 AM,8:41:43 AM,,8:41:43 AM,,,
10/29/2025 12:00:00 AM,Metro High School,912,Moore A,MET03 AM,8:55:00 AM,8:42:11 AM,,8:42:11 AM,,,
10/29/2025 12:00:00 AM,Northgate High School,920,Brown K,NOR01 AM,8:55:00 AM,8:34:13 AM,,8:34:13 AM,,,
10/29/2025 12:00:00 AM,Northgate High School,921,Johnson T,NOR02 AM,8:55:00 AM,8:45:04 AM,,8:45:04 AM,,,
10/29/2025 12:00:00 AM,Northgate High School,922,Taylor B,NOR03 AM,8:55:00 AM,8:39:30 AM,,8:39:30 AM,,,
10/30/2025 12:00:00 AM,Anderson Elementary,800,Taylor B,AND01 AM,7:35:00 AM,7:12:23 AM,,7:12:23 AM,,,
10/30/2025 12:00:00 AM,Anderson Elementary,801,Brown K,AND02 AM,7:35:00 AM,7:24:56 AM,,7:24:56 AM,,,
10/30/2025 12:00:00 AM,Anderson Elementary,802,Taylor B,AND03 AM,7:35:00 AM,7:19:38 AM,,7:19:38 AM,,,
10/30/2025 12:00:00 AM,Anderson Elementary,803,Taylor B,AND04 AM,7:35:00 AM,7:30:35 AM,,7:30:35 AM,,,
10/30/2025 12:00:00 AM,Anderson Elementary,804,Brown K,AND05 AM,7:35:00 AM,7:10:44 AM,,7:10:44 AM,,,
10/30/2025 12:00:00 AM,Bammel Elementary,810,Thomas D,BAM01 AM,7:35:00 AM,7:50:39 AM,,7:50:39 AM,,,
10/30/2025 12:00:00 AM,Bammel Elementary,811,Brown K,BAM02 AM,7:35:00 AM,7:13:33 AM,,7:13:33 AM,,,
10/30/2025 12:00:00 AM,Bammel Elementary,812,Johnson T,BAM03 AM,7:35:00 AM,7:22:07 AM,,7:22:07 AM,,,
10/30/2025 12:00:00 AM,Bammel Elementary,813,Taylor B,BAM04 AM,7:35:00 AM,7:13:21 AM,,7:13:21 AM,,,
10/30/2025 12:00:00 AM,Bammel Elementary,814,Taylor B,BAM05 AM,7:35:00 AM,7:23:25 AM,,7:23:25 AM,,,
10/30/2025 12:00:00 AM,Cooper Elementary,820,Anderson C,COO01 AM,7:35:00 AM,7:40:49 AM,,7:40:49 AM,,,
10/30/2025 12:00:00 AM,Cooper Elementary,821,Johnson T,COO02 AM,7:35:00 AM,7:22:58 AM,,7:22:58 AM,,,
10/30/2025 12:00:00 AM,Cooper Elementary,822,Davis R,COO03 AM,7:35:00 AM,7:21:06 AM,,7:21:06 AM,,,
10/30/2025 12:00:00 AM,Cooper Elementary,823,Moore A,COO04 AM,7:35:00 AM,7:19:34 AM,,7:19:34 AM,,,
10/30/2025 12:00:00 AM,Cooper Elementary,824,Brown K,COO05 AM,7:35:00 AM,7:40:05 AM,,7:40:05 AM,,,
10/30/2025 12:00:00 AM,Heritage Elementary,830,Taylor B,HER01 AM,7:35:00 AM,7:28:10 AM,,7:28:10 AM,,,
10/30/2025 12:00:00 AM,Heritage Elementary,831,Brown K,HER02 AM,7:35:00 AM,7:22:15 AM,,7:22:15 AM,,,
10/30/2025 12:00:00 AM,Heritage Elementary,832,Thomas D,HER03 AM,7:35:00 AM,7:19:04 AM,,7:19:04 AM,,,
10/30/2025 12:00:00 AM,Heritage Elementary,833,Johnson T,HER04 AM,7:35:00 AM,7:23:42 AM,,7:23:42 AM,,,
10/30/2025 12:00:00 AM,Heritage Elementary,834,Moore A,HER05 AM,7:35:00 AM,7:25:04 AM,,7:25:04 AM,,,
10/30/2025 12:00:00 AM,Jenkins Elementary,840,Thomas D,JEN01 AM,7:35:00 AM,7:23:09 AM,,7:23:09 AM,,,
10/30/2025 12:00:00 AM,Jenkins Elementary,841,Johnson T,JEN02 AM,7:35:00 AM,7:41:58 AM,,7:41:58 AM,,,
10/30/2025 12:00:00 AM,Jenkins Elementary,842,Davis R,JEN03 AM,7:35:00 AM,7:40:04 AM,,7:40:04 AM,,,
10/30/2025 12:00:00 AM,Jenkins Elementary,843,Wilson J,JEN04 AM,7:35:00 AM,7:13:17 AM,,7:13:17 AM,,,
10/30/2025 12:00:00 AM,Jenkins Elementary,844,Taylor B,JEN05 AM,7:35:00 AM,,,7:17:24 AM,,,
10/30/2025 12:00:00 AM,Lewis Elementary,850,Johnson T,LEW01 AM,7:35:00 AM,7:47:37 AM,,7:47:37 AM,,,
10/30/2025 12:00:00 AM,Lewis Elementary,851,Moore A,LEW02 AM,7:35:00 AM,7:16:27 AM,,7:16:27 AM,,,
10/30/2025 12:00:00 AM,Lewis Elementary,852,Johnson T,LEW03 AM,7:35:00 AM,7:22:23 AM,,7:22:23 AM,,,
10/30/2025 12:00:00 AM,Lewis Elementary,853,Williams M,LEW04 AM,7:35:00 AM,7:15:32 AM,,7:15:32 AM,,,
10/30/2025 12:00:00 AM,Lewis Elementary,854,Taylor B,LEW05 AM,7:35:00 AM,7:24:45 AM,,7:24:45 AM,,,
10/30/2025 12:00:00 AM,Marshall Elementary,860,Thomas D,MAR01 AM,7:35:00 AM,7:44:57 AM,,7:44:57 AM,,,
10/30/2025 12:00:00 AM,Marshall Elementary,861,Brown K,MAR02 AM,7:35:00 AM,7:30:18 AM,,7:30:18 AM,,,
10/30/2025 12:00:00 AM,Marshall Elementary,862,Wilson J,MAR03 AM,7:35:00 AM,7:46:17 AM,,7:46:17 AM,,,
10/30/2025 12:00:00 AM,Marshall Elementary,863,Thomas D,MAR04 AM,7:35:00 AM,7:45:05 AM,,7:45:05 AM,,,
10/30/2025 12:00:00 AM,Marshall Elementary,864,Taylor B,MAR05 AM,7:35:00 AM,7:42:59 AM,,7:42:59 AM,,,
10/30/2025 12:00:00 AM,Reynolds Elementary,870,Anderson C,REY01 AM,7:35:00 AM,7:30:32 AM,,7:30:32 AM,,,
10/30/2025 12:00:00 AM,Reynolds Elementary,871,Brown K,REY02 AM,7:35:00 AM,7:19:03 AM,,7:19:03 AM,,,
10/30/2025 12:00:00 AM,Reynolds Elementary,872,Brown K,REY03 AM,7:35:00 AM,7:21:47 AM,,7:21:47 AM,,,
10/30/2025 12:00:00 AM,Reynolds Elementary,873,Thomas D,REY04 AM,7:35:00 AM,7:13:29 AM,,7:13:29 AM,,,
10/30/2025 12:00:00 AM,Reynolds Elementary,874,Taylor B,REY05 AM,7:35:00 AM,7:17:55 AM,,7:17:55 AM,,,
10/30/2025 12:00:00 AM,Westfield Middle School,880,Johnson T,WES01 AM,8:05:00 AM,7:43:44 AM,,7:43:44 AM,,,
10/30/2025 12:00:00 AM,Westfield Middle School,881,Williams M,WES02 AM,8:05:00 AM,8:14:16 AM,,8:14:16 AM,,,
10/30/2025 12:00:00 AM,Westfield Middle School,882,Wilson J,WES03 AM,8:05:00 AM,7:51:22 AM,,7:51:22 AM,,,
10/30/2025 12:00:00 AM,Westfield Middle School,883,Miller S,WES04 AM,8:05:00 AM,7:44:13 AM,,7:44:13 AM,,,
10/30/2025 12:00:00 AM,Lakewood Middle School,890,Davis R,LAK01 AM,8:05:00 AM,7:48:27 AM,,7:48:27 AM,,,
10/30/2025 12:00:00 AM,Lakewood Middle School,891,Anderson C,LAK02 AM,8:05:00 AM,7:52:04 AM,,7:52:04 AM,,,
10/30/2025 12:00:00 AM,Lakewood Middle School,892,Thomas D,LAK03 AM,8:05:00 AM,7:57:49 AM,,7:57:49 AM,,,
10/30/2025 12:00:00 AM,Lakewood Middle School,893,Brown K,LAK04 AM,8:05:00 AM,7:48:51 AM,,7:48:51 AM,,,
10/30/2025 12:00:00 AM,Riverside Middle School,900,Thomas D,RIV01 AM,8:05:00 AM,7:47:30 AM,,7:47:30 AM,,,
10/30/2025 12:00:00 AM,Riverside Middle School,901,Taylor B,RIV02 AM,8:05:00 AM,7:41:48 AM,,7:41:48 AM,,,
10/30/2025 12:00:00 AM,Riverside Middle School,902,Anderson C,RIV03 AM,8:05:00 AM,8:13:10 AM,,8:13:10 AM,,,
10/30/2025 12:00:00 AM,Riverside Middle School,903,Miller S,RIV04 AM,8:05:00 AM,7:48:10 AM,,7:48:10 AM,,,
10/30/2025 12:00:00 AM,Metro High School,910,Moore A,MET01 AM,8:55:00 AM,8:43:38 AM,,8:43:38 AM,,,
10/30/2025 12:00:00 AM,Metro High School,911,Wilson J,MET02 AM,8:55:00 AM,8:33:05 AM,,8:33:05 AM,,,
10/30/2025 12:00:00 AM,Metro High School,912,Anderson C,MET03 AM,8:55:00 AM,8:57:43 AM,,8:57:43 AM,,,
10/30/2025 12:00:00 AM,Northgate High School,920,Taylor B,NOR01 AM,8:55:00 AM,8:50:48 AM,,8:50:48 AM,,,
10/30/2025 12:00:00 AM,Northgate High School,921,Thomas D,NOR02 AM,8:55:00 AM,8:36:01 AM,,8:36:01 AM,,,
10/30/2025 12:00:00 AM,Northgate High School,922,Taylor B,NOR03 AM,8:55:00 AM,8:33:11 AM,,8:33:11 AM,,,
10/31/2025 12:00:00 AM,Anderson Elementary,800,Davis R,AND01 AM,7:35:00 AM,7:19:21 AM,,7:19:21 AM,,,
10/31/2025 12:00:00 AM,Anderson Elementary,801,Wilson J,AND02 AM,7:35:00 AM,7:27:18 AM,,7:27:18 AM,,,
10/31/2025 12:00:00 AM,Anderson Elementary,802,Davis R,AND03 AM,7:35:00 AM,7:12:47 AM,,7:12:47 AM,,,
10/31/2025 12:00:00 AM,Anderson Elementary,803,Johnson T,AND04 AM,7:35:00 AM,7:37:13 AM,,7:37:13 AM,,,
10/31/2025 12:00:00 AM,Anderson Elementary,804,Anderson C,AND05 AM,7:35:00 AM,7:46:56 AM,,7:46:56 AM,,,
10/31/2025 12:00:00 AM,Bammel Elementary,810,Brown K,BAM01 AM,7:35:00 AM,7:11:55 AM,,7:11:55 AM,,,
10/31/2025 12:00:00 AM,Bammel Elementary,811,Thomas D,BAM02 AM,7:35:00 AM,7:19:20 AM,,7:19:20 AM,,,
10/31/2025 12:00:00 AM,Bammel Elementary,812,Brown K,BAM03 AM,7:35:00 AM,7:36:53 AM,,7:36:53 AM,,,
10/31/2025 12:00:00 AM,Bammel Elementary,813,Miller S,BAM04 AM,7:35:00 AM,7:39:25 AM,,7:39:25 AM,,,
10/31/2025 12:00:00 AM,Bammel Elementary,814,Moore A,BAM05 AM,7:35:00 AM,7:22:09 AM,,7:22:09 AM,,,
10/31/2025 12:00:00 AM,Cooper Elementary,820,Anderson C,COO01 AM,7:35:00 AM,7:25:29 AM,,7:25:29 AM,,,
10/31/2025 12:00:00 AM,Cooper Elementary,821,Johnson T,COO02 AM,7:35:00 AM,7:24:12 AM,,7:24:12 AM,,,
10/31/2025 12:00:00 AM,Cooper Elementary,822,Moore A,COO03 AM,7:35:00 AM,7:26:21 AM,,7:26:21 AM,,,
10/31/2025 12:00:00 AM,Cooper Elementary,823,Wilson J,COO04 AM,7:35:00 AM,7:27:30 AM,,7:27:30 AM,,,
10/31/2025 12:00:00 AM,Cooper Elementary,824,Davis R,COO05 AM,7:35:00 AM,7:21:52 AM,,7:21:52 AM,,,
10/31/2025 12:00:00 AM,Heritage Elementary,830,Moore A,HER01 AM,7:35:00 AM,7:20:07 AM,,7:20:07 AM,,,
10/31/2025 12:00:00 AM,Heritage Elementary,831,Taylor B,HER02 AM,7:35:00 AM,7:18:22 AM,,7:18:22 AM,,,
10/31/2025 12:00:00 AM,Heritage Elementary,832,Davis R,HER03 AM,7:35:00 AM,7:16:47 AM,,7:16:47 AM,,,
10/31/2025 12:00:00 AM,Heritage Elementary,833,Johnson T,HER04 AM,7:35:00 AM,7:25:56 AM,,7:25:56 AM,,,
10/31/2025 12:00:00 AM,Heritage Elementary,834,Davis R,HER05 AM,7:35:00 AM,7:26:14 AM,,7:26:14 AM,,,
10/31/2025 12:00:00 AM,Jenkins Elementary,840,Johnson T,JEN01 AM,7:35:00 AM,7:15:02 AM,,7:15:02 AM,,,
10/31/2025 12:00:00 AM,Jenkins Elementary,841,Thomas D,JEN02 AM,7:35:00 AM,7:19:40 AM,,7:19:40 AM,,,
10/31/2025 12:00:00 AM,Jenkins Elementary,842,Wilson J,JEN03 AM,7:35:00 AM,7:21:36 AM,,7:21:36 AM,,,
10/31/2025 12:00:00 AM,Jenkins Elementary,843,Wilson J,JEN04 AM,7:35:00 AM,7:29:58 AM,,7:29:58 AM,,,
10/31/2025 12:00:00 AM,Jenkins Elementary,844,Thomas D,JEN05 AM,7:35:00 AM,7:16:32 AM,,7:16:32 AM,,,
10/31/2025 12:00:00 AM,Lewis Elementary,850,Moore A,LEW01 AM,7:35:00 AM,7:49:00 AM,,7:49:00 AM,,,
10/31/2025 12:00:00 AM,Lewis Elementary,851,Johnson T,LEW02 AM,7:35:00 AM,7:20:37 AM,,7:20:37 AM,,,
10/31/2025 12:00:00 AM,Lewis Elementary,852,Brown K,LEW03 AM,7:35:00 AM,7:25:31 AM,,7:25:31 AM,,,
10/31/2025 12:00:00 AM,Lewis Elementary,853,Brown K,LEW04 AM,7:35:00 AM,7:29:46 AM,,7:29:46 AM,,,
10/31/2025 12:00:00 AM,Lewis Elementary,854,Moore A,LEW05 AM,7:35:00 AM,7:27:02 AM,,7:27:02 AM,,,
10/31/2025 12:00:00 AM,Marshall Elementary,860,Anderson C,MAR01 AM,7:35:00 AM,7:14:52 AM,,7:14:52 AM,,,
10/31/2025 12:00:00 AM,Marshall Elementary,861,Thomas D,MAR02 AM,7:35:00 AM,,,7:39:43 AM,,,
10/31/2025 12:00:00 AM,Marshall Elementary,862,Williams M,MAR03 AM,7:35:00 AM,7:17:39 AM,,7:17:39 AM,,,
10/31/2025 12:00:00 AM,Marshall Elementary,863,Davis R,MAR04 AM,7:35:00 AM,7:23:55 AM,,7:23:55 AM,,,
10/31/2025 12:00:00 AM,Marshall Elementary,864,Moore A,MAR05 AM,7:35:00 AM,7:26:41 AM,,7:26:41 AM,,,
10/31/2025 12:00:00 AM,Reynolds Elementary,870,Johnson T,REY01 AM,7:35:00 AM,7:25:10 AM,,7:25:10 AM,,,
10/31/2025 12:00:00 AM,Reynolds Elementary,871,Johnson T,REY02 AM,7:35:00 AM,7:23:37 AM,,7:23:37 AM,,,
10/31/2025 12:00:00 AM,Reynolds Elementary,872,Davis R,REY03 AM,7:35:00 AM,,,7:23:11 AM,,,
10/31/2025 12:00:00 AM,Reynolds Elementary,873,Thomas D,REY04 AM,7:35:00 AM,,,7:41:11 AM,,,
10/31/2025 12:00:00 AM,Reynolds Elementary,874,Taylor B,REY05 AM,7:35:00 AM,7:20:25 AM,,7:20:25 AM,,,
10/31/2025 12:00:00 AM,Westfield Middle School,880,Moore A,WES01 AM,8:05:00 AM,8:19:56 AM,,8:19:56 AM,,,
10/31/2025 12:00:00 AM,Westfield Middle School,881,Anderson C,WES02 AM,8:05:00 AM,8:13:07 AM,,8:13:07 AM,,,
10/31/2025 12:00:00 AM,Westfield Middle School,882,Taylor B,WES03 AM,8:05:00 AM,8:06:57 AM,,8:06:57 AM,,,
10/31/2025 12:00:00 AM,Westfield Middle School,883,Johnson T,WES04 AM,8:05:00 AM,8:06:02 AM,,8:06:02 AM,,,
10/31/2025 12:00:00 AM,Lakewood Middle School,890,Thomas D,LAK01 AM,8:05:00 AM,7:55:53 AM,,7:55:53 AM,,,
10/31/2025 12:00:00 AM,Lakewood Middle School,891,Davis R,LAK02 AM,8:05:00 AM,7:58:34 AM,,7:58:34 AM,,,
10/31/2025 12:00:00 AM,Lakewood Middle School,892,Brown K,LAK03 AM,8:05:00 AM,7:57:06 AM,,7:57:06 AM,,,
10/31/2025 12:00:00 AM,Lakewood Middle School,893,Moore A,LAK04 AM,8:05:00 AM,8:00:06 AM,,8:00:06 AM,,,
10/31/2025 12:00:00 AM,Riverside Middle School,900,Anderson C,RIV01 AM,8:05:00 AM,,,7:56:06 AM,,,
10/31/2025 12:00:00 AM,Riverside Middle School,901,Taylor B,RIV02 AM,8:05:00 AM,8:00:10 AM,,8:00:10 AM,,,
10/31/2025 12:00:00 AM,Riverside Middle School,902,Johnson T,RIV03 AM,8:05:00 AM,8:00:23 AM,,8:00:23 AM,,,
10/31/2025 12:00:00 AM,Riverside Middle School,903,Wilson J,RIV04 AM,8:05:00 AM,8:00:33 AM,,8:00:33 AM,,,
10/31/2025 12:00:00 AM,Metro High School,910,Taylor B,MET01 AM,8:55:00 AM,8:37:28 AM,,8:37:28 AM,,,
10/31/2025 12:00:00 AM,Metro High School,911,Taylor B,MET02 AM,8:55:00 AM,8:41:53 AM,,8:41:53 AM,,,
10/31/2025 12:00:00 AM,Metro High School,912,Brown K,MET03 AM,8:55:00 AM,8:36:41 AM,,8:36:41 AM,,,
10/31/2025 12:00:00 AM,Northgate High School,920,Anderson C,NOR01 AM,8:55:00 AM,8:46:00 AM,,8:46:00 AM,,,
10/31/2025 12:00:00 AM,Northgate High School,921,Moore A,NOR02 AM,8:55:00 AM,8:48:56 AM,,8:48:56 AM,,,
10/31/2025 12:00:00 AM,Northgate High School,922,Taylor B,NOR03 AM,8:55:00 AM,8:42:54 AM,,8:42:54 AM,,,
