Date,Campus,Bus,Driver,Route,Scheduled Time,Entry Time,Exit Time,Last Load Time,Time Difference between Entry Time and Scheduled Time,Time Difference between Last Load Time and Scheduled Time,NumberLoadedAtCampus
8/12/2025 12:00:00 AM,Anderson Elementary,900,Williams M,AND01 PM,2:40:00 PM,2:59:34 PM,,2:59:34 PM,,,
8/12/2025 12:00:00 AM,Anderson Elementary,901,Anderson C,AND02 PM,2:40:00 PM,2:47:02 PM,,2:47:02 PM,,,
8/12/2025 12:00:00 AM,Anderson Elementary,902,Davis R,AND03 PM,2:40:00 PM,2:51:42 PM,,2:51:42 PM,,,
8/12/2025 12:00:00 AM,Anderson Elementary,903,Brown K,AND04 PM,2:40:00 PM,3:02:14 PM,,3:02:14 PM,,,
8/12/2025 12:00:00 AM,Anderson Elementary,904,Johnson T,AND05 PM,2:40:00 PM,2:51:41 PM,,2:51:41 PM,,,
8/12/2025 12:00:00 AM,Bammel Elementary,910,Miller S,BAM01 PM,2:40:00 PM,3:23:23 PM,,3:23:23 PM,,,
8/12/2025 12:00:00 AM,Bammel Elementary,911,Taylor B,BAM02 PM,2:40:00 PM,3:04:04 PM,,3:04:04 PM,,,
8/12/2025 12:00:00 AM,Bammel Elementary,912,Anderson C,BAM03 PM,2:40:00 PM,3:35:17 PM,,3:35:17 PM,,,
8/12/2025 12:00:00 AM,Bammel Elementary,913,Miller S,BAM04 PM,2:40:00 PM,3:01:58 PM,,3:01:58 PM,,,
8/12/2025 12:00:00 AM,Bammel Elementary,914,Anderson C,BAM05 PM,2:40:00 PM,3:40:00 PM,,3:40:00 PM,,,
8/12/2025 12:00:00 AM,Cooper Elementary,920,Williams M,COO01 PM,2:40:00 PM,3:03:05 PM,,3:03:05 PM,,,
8/12/2025 12:00:00 AM,Cooper Elementary,921,Williams M,COO02 PM,2:40:00 PM,3:01:55 PM,,3:01:55 PM,,,
8/12/2025 12:00:00 AM,Cooper Elementary,922,Anderson C,COO03 PM,2:40:00 PM,3:25:07 PM,,3:25:07 PM,,,
8/12/2025 12:00:00 AM,Cooper Elementary,923,Johnson T,COO04 PM,2:40:00 PM,2:52:04 PM,,2:52:04 PM,,,
8/12/2025 12:00:00 AM,Cooper Elementary,924,Anderson C,COO05 PM,2:40:00 PM,3:00:51 PM,,3:00:51 PM,,,
8/12/2025 12:00:00 AM,Heritage Elementary,930,Moore A,HER01 PM,2:40:00 PM,3:05:06 PM,,3:05:06 PM,,,
8/12/2025 12:00:00 AM,Heritage Elementary,931,Williams M,HER02 PM,2:40:00 PM,2:52:55 PM,,2:52:55 PM,,,
8/12/2025 12:00:00 AM,Heritage Elementary,932,Anderson C,HER03 PM,2:40:00 PM,2:52:10 PM,,2:52:10 PM,,,
8/12/2025 12:00:00 AM,Heritage Elementary,933,Moore A,HER04 PM,2:40:00 PM,3:36:29 PM,,3:36:29 PM,,,
8/12/2025 12:00:00 AM,Heritage Elementary,934,Taylor B,HER05 PM,2:40:00 PM,3:08:20 PM,,3:08:20 PM,,,
8/12/2025 12:00:00 AM,Jenkins Elementary,940,Anderson C,JEN01 PM,2:40:00 PM,3:13:38 PM,,3:13:38 PM,,,
8/12/2025 12:00:00 AM,Jenkins Elementary,941,Williams M,JEN02 PM,2:40:00 PM,3:06:37 PM,,3:06:37 PM,,,
8/12/2025 12:00:00 AM,Jenkins Elementary,942,Miller S,JEN03 PM,2:40:00 PM,2:59:20 PM,,2:59:20 PM,,,
8/12/2025 12:00:00 AM,Jenkins Elementary,943,Taylor B,JEN04 PM,2:40:00 PM,2:56:56 PM,,2:56:56 PM,,,
8/12/2025 12:00:00 AM,Jenkins Elementary,944,Miller S,JEN05 PM,2:40:00 PM,3:02:19 PM,,3:02:19 PM,,,
8/12/2025 12:00:00 AM,Lewis Elementary,950,Brown K,LEW01 PM,2:40:00 PM,3:07:21 PM,,3:07:21 PM,,,
8/12/2025 12:00:00 AM,Lewis Elementary,951,Taylor B,LEW02 PM,2:40:00 PM,2:49:40 PM,,2:49:40 PM,,,
8/12/2025 12:00:00 AM,Lewis Elementary,952,Taylor B,LEW03 PM,2:40:00 PM,,,2:49:37 PM,,,
8/12/2025 12:00:00 AM,Lewis Elementary,953,Anderson C,LEW04 PM,2:40:00 PM,3:06:15 PM,,3:06:15 PM,,,
8/12/2025 12:00:00 AM,Lewis Elementary,954,Anderson C,LEW05 PM,2:40:00 PM,2:50:56 PM,,2:50:56 PM,,,
8/12/2025 12:00:00 AM,Marshall Elementary,960,Wilson J,MAR01 PM,2:40:00 PM,3:07:06 PM,,3:07:06 PM,,,
8/12/2025 12:00:00 AM,Marshall Elementary,961,Taylor B,MAR02 PM,2:40:00 PM,2:51:25 PM,,2:51:25 PM,,,
8/12/2025 12:00:00 AM,Marshall Elementary,962,Miller S,MAR03 PM,2:40:00 PM,3:14:56 PM,,3:14:56 PM,,,
8/12/2025 12:00:00 AM,Marshall Elementary,963,Miller S,MAR04 PM,2:40:00 PM,3:01:07 PM,,3:01:07 PM,,,
8/12/2025 12:00:00 AM,Marshall Elementary,964,Miller S,MAR05 PM,2:40:00 PM,3:08:47 PM,,3:08:47 PM,,,
8/12/2025 12:00:00 AM,Reynolds Elementary,970,Williams M,REY01 PM,2:40:00 PM,3:27:19 PM,,3:27:19 PM,,,
8/12/2025 12:00:00 AM,Reynolds Elementary,971,Miller S,REY02 PM,2:40:00 PM,2:50:39 PM,,2:50:39 PM,,,
8/12/2025 12:00:00 AM,Reynolds Elementary,972,Johnson T,REY03 PM,2:40:00 PM,2:59:28 PM,,2:59:28 PM,,,
8/12/2025 12:00:00 AM,Reynolds Elementary,973,Brown K,REY04 PM,2:40:00 PM,2:52:43 PM,,2:52:43 PM,,,
8/12/2025 12:00:00 AM,Reynolds Elementary,974,Johnson T,REY05 PM,2:40:00 PM,3:05:36 PM,,3:05:36 PM,,,
8/12/2025 12:00:00 AM,Westfield Middle School,980,Moore A,WES01 PM,3:10:00 PM,3:20:51 PM,,3:20:51 PM,,,
8/12/2025 12:00:00 AM,Westfield Middle School,981,Johnson T,WES02 PM,3:10:00 PM,3:32:38 PM,,3:32:38 PM,,,
8/12/2025 12:00:00 AM,Westfield Middle School,982,Anderson C,WES03 PM,3:10:00 PM,3:22:53 PM,,3:22:53 PM,,,
8/12/2025 12:00:00 AM,Westfield Middle School,983,Davis R,WES04 PM,3:10:00 PM,3:32:05 PM,,3:32:05 PM,,,
8/12/2025 12:00:00 AM,Lakewood Middle School,990,Brown K,LAK01 PM,3:10:00 PM,3:21:53 PM,,3:21:53 PM,,,
8/12/2025 12:00:00 AM,Lakewood Middle School,991,Johnson T,LAK02 PM,3:10:00 PM,4:08:57 PM,,4:08:57 PM,,,
8/12/2025 12:00:00 AM,Lakewood Middle School,992,Anderson C,LAK03 PM,3:10:00 PM,3:25:42 PM,,3:25:42 PM,,,
8/12/2025 12:00:00 AM,Lakewood Middle School,993,Brown K,LAK04 PM,3:10:00 PM,3:15:05 PM,,3:15:05 PM,,,
8/12/2025 12:00:00 AM,Riverside Middle School,1000,Taylor B,RIV01 PM,3:10:00 PM,3:27:17 PM,,3:27:17 PM,,,
8/12/2025 12:00:00 AM,Riverside Middle School,1001,Williams M,RIV02 PM,3:10:00 PM,3:35:02 PM,,3:35:02 PM,,,
8/12/2025 12:00:00 AM,Riverside Middle School,1002,Johnson T,RIV03 PM,3:10:00 PM,3:55:44 PM,,3:55:44 PM,,,
8/12/2025 12:00:00 AM,Riverside Middle School,1003,Thomas D,RIV04 PM,3:10:00 PM,3:24:36 PM,,3:24:36 PM,,,
8/12/2025 12:00:00 AM,Metro High School,1010,Davis R,MET01 PM,3:55:00 PM,4:03:50 PM,,4:03:50 PM,,,
8/12/2025 12:00:00 AM,Metro High School,1011,Anderson C,MET02 PM,3:55:00 PM,4:52:31 PM,,4:52:31 PM,,,
8/12/2025 12:00:00 AM,Metro High School,1012,Taylor B,MET03 PM,3:55:00 PM,4:43:49 PM,,4:43:49 PM,,,
8/12/2025 12:00:00 AM,Northgate High School,1020,Thomas D,NOR01 PM,3:55:00 PM,4:14:36 PM,,4:14:36 PM,,,
8/12/2025 12:00:00 AM,Northgate High School,1021,Johnson T,NOR02 PM,3:55:00 PM,4:08:56 PM,,4:08:56 PM,,,
8/12/2025 12:00:00 AM,Northgate High School,1022,Johnson T,NOR03 PM,3:55:00 PM,4:07:44 PM,,4:07:44 PM,,,
8/13/2025 12:00:00 AM,Anderson Elementary,900,Johnson T,AND01 PM,2:40:00 PM,3:00:35 PM,,3:00:35 PM,,,
8/13/2025 12:00:00 AM,Anderson Elementary,901,Anderson C,AND02 PM,2:40:00 PM,2:55:07 PM,,2:55:07 PM,,,
8/13/2025 12:00:00 AM,Anderson Elementary,902,Davis R,AND03 PM,2:40:00 PM,2:48:53 PM,,2:48:53 PM,,,
8/13/2025 12:00:00 AM,Anderson Elementary,903,Brown K,AND04 PM,2:40:00 PM,2:49:40 PM,,2:49:40 PM,,,
8/13/2025 12:00:00 AM,Anderson Elementary,904,Johnson T,AND05 PM,2:40:00 PM,3:00:07 PM,,3:00:07 PM,,,
8/13/2025 12:00:00 AM,Bammel Elementary,910,Williams M,BAM01 PM,2:40:00 PM,2:52:07 PM,,2:52:07 PM,,,
8/13/2025 12:00:00 AM,Bammel Elementary,911,Thomas D,BAM02 PM,2:40:00 PM,3:03:27 PM,,3:03:27 PM,,,
8/13/2025 12:00:00 AM,Bammel Elementary,912,Thomas D,BAM03 PM,2:40:00 PM,2:50:15 PM,,2:50:15 PM,,,
8/13/2025 12:00:00 AM,Bammel Elementary,913,Johnson T,BAM04 PM,2:40:00 PM,3:07:55 PM,,3:07:55 PM,,,
8/13/2025 12:00:00 AM,Bammel Elementary,914,Miller S,BAM05 PM,2:40:00 PM,2:52:41 PM,,2:52:41 PM,,,
8/13/2025 12:00:00 AM,Cooper Elementary,920,Brown K,COO01 PM,2:40:00 PM,2:48:29 PM,,2:48:29 PM,,,
8/13/2025 12:00:00 AM,Cooper Elementary,921,Anderson C,COO02 PM,2:40:00 PM,2:53:01 PM,,2:53:01 PM,,,
8/13/2025 12:00:00 AM,Cooper Elementary,922,Johnson T,COO03 PM,2:40:00 PM,3:00:33 PM,,3:00:33 PM,,,
8/13/2025 12:00:00 AM,Cooper Elementary,923,Thomas D,COO04 PM,2:40:00 PM,2:48:54 PM,,2:48:54 PM,,,
8/13/2025 12:00:00 AM,Cooper Elementary,924,Taylor B,COO05 PM,2:40:00 PM,2:53:20 PM,,2:53:20 PM,,,
8/13/2025 12:00:00 AM,Heritage Elementary,930,Anderson C,HER01 PM,2:40:00 PM,3:01:23 PM,,3:01:23 PM,,,
8/13/2025 12:00:00 AM,Heritage Elementary,931,Taylor B,HER02 PM,2:40:00 PM,,,3:28:51 PM,,,
8/13/2025 12:00:00 AM,Heritage Elementary,932,Davis R,HER03 PM,2:40:00 PM,2:48:29 PM,,2:48:29 PM,,,
8/13/2025 12:00:00 AM,Heritage Elementary,933,Miller S,HER04 PM,2:40:00 PM,2:49:24 PM,,2:49:24 PM,,,
8/13/2025 12:00:00 AM,Heritage Elementary,934,Brown K,HER05 PM,2:40:00 PM,3:27:17 PM,,3:27:17 PM,,,
8/13/2025 12:00:00 AM,Jenkins Elementary,940,Miller S,JEN01 PM,2:40:00 PM,2:56:21 PM,,2:56:21 PM,,,
8/13/2025 12:00:00 AM,Jenkins Elementary,941,Taylor B,JEN02 PM,2:40:00 PM,2:58:02 PM,,2:58:02 PM,,,
8/13/2025 12:00:00 AM,Jenkins Elementary,942,Moore A,JEN03 PM,2:40:00 PM,3:03:21 PM,,3:03:21 PM,,,
8/13/2025 12:00:00 AM,Jenkins Elementary,943,Anderson C,JEN04 PM,2:40:00 PM,2:53:21 PM,,2:53:21 PM,,,
8/13/2025 12:00:00 AM,Jenkins Elementary,944,Williams M,JEN05 PM,2:40:00 PM,3:00:55 PM,,3:00:55 PM,,,
8/13/2025 12:00:00 AM,Lewis Elementary,950,Davis R,LEW01 PM,2:40:00 PM,3:07:55 PM,,3:07:55 PM,,,
8/13/2025 12:00:00 AM,Lewis Elementary,951,Miller S,LEW02 PM,2:40:00 PM,2:49:15 PM,,2:49:15 PM,,,
8/13/2025 12:00:00 AM,Lewis Elementary,952,Brown K,LEW03 PM,2:40:00 PM,3:03:09 PM,,3:03:09 PM,,,
8/13/2025 12:00:00 AM,Lewis Elementary,953,Miller S,LEW04 PM,2:40:00 PM,2:56:37 PM,,2:56:37 PM,,,
8/13/2025 12:00:00 AM,Lewis Elementary,954,Miller S,LEW05 PM,2:40:00 PM,3:03:22 PM,,3:03:22 PM,,,
8/13/2025 12:00:00 AM,Marshall Elementary,960,Moore A,MAR01 PM,2:40:00 PM,3:00:53 PM,,3:00:53 PM,,,
8/13/2025 12:00:00 AM,Marshall Elementary,961,Davis R,MAR02 PM,2:40:00 PM,3:08:49 PM,,3:08:49 PM,,,
8/13/2025 12:00:00 AM,Marshall Elementary,962,Williams M,MAR03 PM,2:40:00 PM,3:08:08 PM,,3:08:08 PM,,,
8/13/2025 12:00:00 AM,Marshall Elementary,963,Moore A,MAR04 PM,2:40:00 PM,2:53:53 PM,,2:53:53 PM,,,
8/13/2025 12:00:00 AM,Marshall Elementary,964,Miller S,MAR05 PM,2:40:00 PM,2:52:55 PM,,2:52:55 PM,,,
8/13/2025 12:00:00 AM,Reynolds Elementary,970,Anderson C,REY01 PM,2:40:00 PM,3:08:43 PM,,3:08:43 PM,,,
8/13/2025 12:00:00 AM,Reynolds Elementary,971,Wilson J,REY02 PM,2:40:00 PM,3:18:41 PM,,3:18:41 PM,,,
8/13/2025 12:00:00 AM,Reynolds Elementary,972,Miller S,REY03 PM,2:40:00 PM,3:14:06 PM,,3:14:06 PM,,,
8/13/2025 12:00:00 AM,Reynolds Elementary,973,Moore A,REY04 PM,2:40:00 PM,2:48:53 PM,,2:48:53 PM,,,
8/13/2025 12:00:00 AM,Reynolds Elementary,974,Johnson T,REY05 PM,2:40:00 PM,3:06:23 PM,,3:06:23 PM,,,
8/13/2025 12:00:00 AM,Westfield Middle School,980,Moore A,WES01 PM,3:10:00 PM,3:35:38 PM,,3:35:38 PM,,,
8/13/2025 12:00:00 AM,Westfield Middle School,981,Wilson J,WES02 PM,3:10:00 PM,3:21:37 PM,,3:21:37 PM,,,
8/13/2025 12:00:00 AM,Westfield Middle School,982,Brown K,WES03 PM,3:10:00 PM,3:20:07 PM,,3:20:07 PM,,,
8/13/2025 12:00:00 AM,Westfield Middle School,983,Johnson T,WES04 PM,3:10:00 PM,3:38:26 PM,,3:38:26 PM,,,
8/13/2025 12:00:00 AM,Lakewood Middle School,990,Taylor B,LAK01 PM,3:10:00 PM,3:42:46 PM,,3:42:46 PM,,,
8/13/2025 12:00:00 AM,Lakewood Middle School,991,Taylor B,LAK02 PM,3:10:00 PM,3:30:45 PM,,3:30:45 PM,,,
8/13/2025 12:00:00 AM,Lakewood Middle School,992,Williams M,LAK03 PM,3:10:00 PM,3:37:20 PM,,3:37:20 PM,,,
8/13/2025 12:00:00 AM,Lakewood Middle School,993,Miller S,LAK04 PM,3:10:00 PM,3:32:46 PM,,3:32:46 PM,,,
8/13/2025 12:00:00 AM,Riverside Middle School,1000,Davis R,RIV01 PM,3:10:00 PM,3:36:16 PM,,3:36:16 PM,,,
8/13/2025 12:00:00 AM,Riverside Middle School,1001,Taylor B,RIV02 PM,3:10:00 PM,3:16:37 PM,,3:16:37 PM,,,
8/13/2025 12:00:00 AM,Riverside Middle School,1002,Williams M,RIV03 PM,3:10:00 PM,3:26:06 PM,,3:26:06 PM,,,
8/13/2025 12:00:00 AM,Riverside Middle School,1003,Taylor B,RIV04 PM,3:10:00 PM,3:33:14 PM,,3:33:14 PM,,,
8/13/2025 12:00:00 AM,Metro High School,1010,Thomas D,MET01 PM,3:55:00 PM,4:22:48 PM,,4:22:48 PM,,,
8/13/2025 12:00:00 AM,Metro High School,1011,Johnson T,MET02 PM,3:55:00 PM,4:00:05 PM,,4:00:05 PM,,,
8/13/2025 12:00:00 AM,Metro High School,1012,Moore A,MET03 PM,3:55:00 PM,4:45:05 PM,,4:45:05 PM,,,
8/13/2025 12:00:00 AM,Northgate High School,1020,Thomas D,NOR01 PM,3:55:00 PM,4:13:17 PM,,4:13:17 PM,,,
8/13/2025 12:00:00 AM,Northgate High School,1021,Wilson J,NOR02 PM,3:55:00 PM,4:01:14 PM,,4:01:14 PM,,,
8/13/2025 12:00:00 AM,Northgate High School,1022,Johnson T,NOR03 PM,3:55:00 PM,4:00:31 PM,,4:00:31 PM,,,
8/14/2025 12:00:00 AM,Anderson Elementary,900,Moore A,AND01 PM,2:40:00 PM,3:08:02 PM,,3:08:02 PM,,,
8/14/2025 12:00:00 AM,Anderson Elementary,901,Williams M,AND02 PM,2:40:00 PM,2:45:20 PM,,2:45:20 PM,,,
8/14/2025 12:00:00 AM,Anderson Elementary,902,Wilson J,AND03 PM,2:40:00 PM,2:54:47 PM,,2:54:47 PM,,,
8/14/2025 12:00:00 AM,Anderson Elementary,903,Brown K,AND04 PM,2:40:00 PM,3:22:46 PM,,3:22:46 PM,,,
8/14/2025 12:00:00 AM,Anderson Elementary,904,Williams M,AND05 PM,2:40:00 PM,3:31:31 PM,,3:31:31 PM,,,
8/14/2025 12:00:00 AM,Bammel Elementary,910,Thomas D,BAM01 PM,2:40:00 PM,3:31:20 PM,,3:31:20 PM,,,
8/14/2025 12:00:00 AM,Bammel Elementary,911,Taylor B,BAM02 PM,2:40:00 PM,2:59:02 PM,,2:59:02 PM,,,
8/14/2025 12:00:00 AM,Bammel Elementary,912,Williams M,BAM03 PM,2:40:00 PM,2:46:28 PM,,2:46:28 PM,,,
8/14/2025 12:00:00 AM,Bammel Elementary,913,Davis R,BAM04 PM,2:40:00 PM,2:55:45 PM,,2:55:45 PM,,,
8/14/2025 12:00:00 AM,Bammel Elementary,914,Davis R,BAM05 PM,2:40:00 PM,2:54:24 PM,,2:54:24 PM,,,
8/14/2025 12:00:00 AM,Cooper Elementary,920,Thomas D,COO01 PM,2:40:00 PM,2:57:18 PM,,2:57:18 PM,,,
8/14/2025 12:00:00 AM,Cooper Elementary,921,Brown K,COO02 PM,2:40:00 PM,3:33:42 PM,,3:33:42 PM,,,
8/14/2025 12:00:00 AM,Cooper Elementary,922,Williams M,COO03 PM,2:40:00 PM,3:08:43 PM,,3:08:43 PM,,,
8/14/2025 12:00:00 AM,Cooper Elementary,923,Moore A,COO04 PM,2:40:00 PM,3:26:12 PM,,3:26:12 PM,,,
8/14/2025 12:00:00 AM,Cooper Elementary,924,Williams M,COO05 PM,2:40:00 PM,3:04:08 PM,,3:04:08 PM,,,
8/14/2025 12:00:00 AM,Heritage Elementary,930,Brown K,HER01 PM,2:40:00 PM,3:06:46 PM,,3:06:46 PM,,,
8/14/2025 12:00:00 AM,Heritage Elementary,931,Miller S,HER02 PM,2:40:00 PM,3:39:53 PM,,3:39:53 PM,,,
8/14/2025 12:00:00 AM,Heritage Elementary,932,Taylor B,HER03 PM,2:40:00 PM,3:04:08 PM,,3:04:08 PM,,,
8/14/2025 12:00:00 AM,Heritage Elementary,933,Taylor B,HER04 PM,2:40:00 PM,2:47:48 PM,,2:47:48 PM,,,
8/14/2025 12:00:00 AM,Heritage Elementary,934,Anderson C,HER05 PM,2:40:00 PM,,,2:54:25 PM,,,
8/14/2025 12:00:00 AM,Jenkins Elementary,940,Anderson C,JEN01 PM,2:40:00 PM,3:37:45 PM,,3:37:45 PM,,,
8/14/2025 12:00:00 AM,Jenkins Elementary,941,Johnson T,JEN02 PM,2:40:00 PM,2:47:01 PM,,2:47:01 PM,,,
8/14/2025 12:00:00 AM,Jenkins Elementary,942,Thomas D,JEN03 PM,2:40:00 PM,2:58:40 PM,,2:58:40 PM,,,
8/14/2025 12:00:00 AM,Jenkins Elementary,943,Williams M,JEN04 PM,2:40:00 PM,2:49:18 PM,,2:49:18 PM,,,
8/14/2025 12:00:00 AM,Jenkins Elementary,944,Davis R,JEN05 PM,2:40:00 PM,3:01:34 PM,,3:01:34 PM,,,
8/14/2025 12:00:00 AM,Lewis Elementary,950,Johnson T,LEW01 PM,2:40:00 PM,2:56:50 PM,,2:56:50 PM,,,
8/14/2025 12:00:00 AM,Lewis Elementary,951,Williams M,LEW02 PM,2:40:00 PM,3:05:11 PM,,3:05:11 PM,,,
8/14/2025 12:00:00 AM,Lewis Elementary,952,Taylor B,LEW03 PM,2:40:00 PM,2:46:50 PM,,2:46:50 PM,,,
8/14/2025 12:00:00 AM,Lewis Elementary,953,Miller S,LEW04 PM,2:40:00 PM,2:46:55 PM,,2:46:55 PM,,,
8/14/2025 12:00:00 AM,Lewis Elementary,954,Wilson J,LEW05 PM,2:40:00 PM,3:26:44 PM,,3:26:44 PM,,,
8/14/2025 12:00:00 AM,Marshall Elementary,960,Williams M,MAR01 PM,2:40:00 PM,2:48:05 PM,,2:48:05 PM,,,
8/14/2025 12:00:00 AM,Marshall Elementary,961,Taylor B,MAR02 PM,2:40:00 PM,2:56:39 PM,,2:56:39 PM,,,
8/14/2025 12:00:00 AM,Marshall Elementary,962,Johnson T,MAR03 PM,2:40:00 PM,3:04:43 PM,,3:04:43 PM,,,
8/14/2025 12:00:00 AM,Marshall Elementary,963,Williams M,MAR04 PM,2:40:00 PM,3:06:28 PM,,3:06:28 PM,,,
8/14/2025 12:00:00 AM,Marshall Elementary,964,Williams M,MAR05 PM,2:40:00 PM,3:11:47 PM,,3:11:47 PM,,,
8/14/2025 12:00:00 AM,Reynolds Elementary,970,Anderson C,REY01 PM,2:40:00 PM,3:00:12 PM,,3:00:12 PM,,,
8/14/2025 12:00:00 AM,Reynolds Elementary,971,Brown K,REY02 PM,2:40:00 PM,2:47:35 PM,,2:47:35 PM,,,
8/14/2025 12:00:00 AM,Reynolds Elementary,972,Brown K,REY03 PM,2:40:00 PM,2:51:50 PM,,2:51:50 PM,,,
8/14/2025 12:00:00 AM,Reynolds Elementary,973,Wilson J,REY04 PM,2:40:00 PM,2:47:04 PM,,2:47:04 PM,,,
8/14/2025 12:00:00 AM,Reynolds Elementary,974,Moore A,REY05 PM,2:40:00 PM,2:59:43 PM,,2:59:43 PM,,,
8/14/2025 12:00:00 AM,Westfield Middle School,980,Anderson C,WES01 PM,3:10:00 PM,3:42:53 PM,,3:42:53 PM,,,
8/14/2025 12:00:00 AM,Westfield Middle School,981,Brown K,WES02 PM,3:10:00 PM,3:17:16 PM,,3:17:16 PM,,,
8/14/2025 12:00:00 AM,Westfield Middle School,982,Brown K,WES03 PM,3:10:00 PM,3:45:10 PM,,3:45:10 PM,,,
8/14/2025 12:00:00 AM,Westfield Middle School,983,Thomas D,WES04 PM,3:10:00 PM,3:33:26 PM,,3:33:26 PM,,,
8/14/2025 12:00:00 AM,Lakewood Middle School,990,Anderson C,LAK01 PM,3:10:00 PM,3:37:03 PM,,3:37:03 PM,,,
8/14/2025 12:00:00 AM,Lakewood Middle School,991,Taylor B,LAK02 PM,3:10:00 PM,3:52:25 PM,,3:52:25 PM,,,
8/14/2025 12:00:00 AM,Lakewood Middle School,992,Anderson C,LAK03 PM,3:10:00 PM,3:16:18 PM,,3:16:18 PM,,,
8/14/2025 12:00:00 AM,Lakewood Middle School,993,Davis R,LAK04 PM,3:10:00 PM,3:20:31 PM,,3:20:31 PM,,,
8/14/2025 12:00:00 AM,Riverside Middle School,1000,Miller S,RIV01 PM,3:10:00 PM,3:16:03 PM,,3:16:03 PM,,,
8/14/2025 12:00:00 AM,Riverside Middle School,1001,Taylor B,RIV02 PM,3:10:00 PM,3:26:48 PM,,3:26:48 PM,,,
8/14/2025 12:00:00 AM,Riverside Middle School,1002,Johnson T,RIV03 PM,3:10:00 PM,3:32:17 PM,,3:32:17 PM,,,
8/14/2025 12:00:00 AM,Riverside Middle School,1003,Thomas D,RIV04 PM,3:10:00 PM,4:05:09 PM,,4:05:09 PM,,,
8/14/2025 12:00:00 AM,Metro High School,1010,Anderson C,MET01 PM,3:55:00 PM,4:19:57 PM,,4:19:57 PM,,,
8/14/2025 12:00:00 AM,Metro High School,1011,Thomas D,MET02 PM,3:55:00 PM,4:16:34 PM,,4:16:34 PM,,,
8/14/2025 12:00:00 AM,Metro High School,1012,Taylor B,MET03 PM,3:55:00 PM,4:23:55 PM,,4:23:55 PM,,,
8/14/2025 12:00:00 AM,Northgate High School,1020,Taylor B,NOR01 PM,3:55:00 PM,4:01:37 PM,,4:01:37 PM,,,
8/14/2025 12:00:00 AM,Northgate High School,1021,Thomas D,NOR02 PM,3:55:00 PM,4:22:07 PM,,4:22:07 PM,,,
8/14/2025 12:00:00 AM,Northgate High School,1022,Moore A,NOR03 PM,3:55:00 PM,4:23:46 PM,,4:23:46 PM,,,
8/15/2025 12:00:00 AM,Anderson Elementary,900,Davis R,AND01 PM,2:40:00 PM,3:21:34 PM,,3:21:34 PM,,,
8/15/2025 12:00:00 AM,Anderson Elementary,901,Taylor B,AND02 PM,2:40:00 PM,3:33:13 PM,,3:33:13 PM,,,
8/15/2025 12:00:00 AM,Anderson Elementary,902,Taylor B,AND03 PM,2:40:00 PM,3:23:52 PM,,3:23:52 PM,,,
8/15/2025 12:00:00 AM,Anderson Elementary,903,Johnson T,AND04 PM,2:40:00 PM,2:51:52 PM,,2:51:52 PM,,,
8/15/2025 12:00:00 AM,Anderson Elementary,904,Miller S,AND05 PM,2:40:00 PM,3:01:14 PM,,3:01:14 PM,,,
8/15/2025 12:00:00 AM,Bammel Elementary,910,Moore A,BAM01 PM,2:40:00 PM,3:40:10 PM,,3:40:10 PM,,,
8/15/2025 12:00:00 AM,Bammel Elementary,911,Davis R,BAM02 PM,2:40:00 PM,3:05:36 PM,,3:05:36 PM,,,
8/15/2025 12:00:00 AM,Bammel Elementary,912,Brown K,BAM03 PM,2:40:00 PM,3:08:55 PM,,3:08:55 PM,,,
8/15/2025 12:00:00 AM,Bammel Elementary,913,Miller S,BAM04 PM,2:40:00 PM,3:28:33 PM,,3:28:33 PM,,,
8/15/2025 12:00:00 AM,Bammel Elementary,914,Anderson C,BAM05 PM,2:40:00 PM,2:53:45 PM,,2:53:45 PM,,,
8/15/2025 12:00:00 AM,Cooper Elementary,920,Miller S,COO01 PM,2:40:00 PM,2:55:05 PM,,2:55:05 PM,,,
8/15/2025 12:00:00 AM,Cooper Elementary,921,Brown K,COO02 PM,2:40:00 PM,2:55:19 PM,,2:55:19 PM,,,
8/15/2025 12:00:00 AM,Cooper Elementary,922,Miller S,COO03 PM,2:40:00 PM,3:06:32 PM,,3:06:32 PM,,,
8/15/2025 12:00:00 AM,Cooper Elementary,923,Williams M,COO04 PM,2:40:00 PM,2:59:47 PM,,2:59:47 PM,,,
8/15/2025 12:00:00 AM,Cooper Elementary,924,Anderson C,COO05 PM,2:40:00 PM,3:04:55 PM,,3:04:55 PM,,,
8/15/2025 12:00:00 AM,Heritage Elementary,930,Anderson C,HER01 PM,2:40:00 PM,3:01:12 PM,,3:01:12 PM,,,
8/15/2025 12:00:00 AM,Heritage Elementary,931,Wilson J,HER02 PM,2:40:00 PM,3:01:28 PM,,3:01:28 PM,,,
8/15/2025 12:00:00 AM,Heritage Elementary,932,Anderson C,HER03 PM,2:40:00 PM,,,2:52:37 PM,,,
8/15/2025 12:00:00 AM,Heritage Elementary,933,Williams M,HER04 PM,2:40:00 PM,,,3:41:11 PM,,,
8/15/2025 12:00:00 AM,Heritage Elementary,934,Brown K,HER05 PM,2:40:00 PM,3:40:24 PM,,3:40:24 PM,,,
8/15/2025 12:00:00 AM,Jenkins Elementary,940,Wilson J,JEN01 PM,2:40:00 PM,2:45:19 PM,,2:45:19 PM,,,
8/15/2025 12:00:00 AM,Jenkins Elementary,941,Anderson C,JEN02 PM,2:40:00 PM,3:08:48 PM,,3:08:48 PM,,,
8/15/2025 12:00:00 AM,Jenkins Elementary,942,Johnson T,JEN03 PM,2:40:00 PM,2:46:15 PM,,2:46:15 PM,,,
8/15/2025 12:00:00 AM,Jenkins Elementary,943,Davis R,JEN04 PM,2:40:00 PM,3:34:36 PM,,3:34:36 PM,,,
8/15/2025 12:00:00 AM,Jenkins Elementary,944,Wilson J,JEN05 PM,2:40:00 PM,3:02:37 PM,,3:02:37 PM,,,
8/15/2025 12:00:00 AM,Lewis Elementary,950,Moore A,LEW01 PM,2:40:00 PM,3:07:26 PM,,3:07:26 PM,,,
8/15/2025 12:00:00 AM,Lewis Elementary,951,Brown K,LEW02 PM,2:40:00 PM,2:59:58 PM,,2:59:58 PM,,,
8/15/2025 12:00:00 AM,Lewis Elementary,952,Anderson C,LEW03 PM,2:40:00 PM,2:59:54 PM,,2:59:54 PM,,,
8/15/2025 12:00:00 AM,Lewis Elementary,953,Davis R,LEW04 PM,2:40:00 PM,3:03:46 PM,,3:03:46 PM,,,
8/15/2025 12:00:00 AM,Lewis Elementary,954,Davis R,LEW05 PM,2:40:00 PM,3:34:07 PM,,3:34:07 PM,,,
8/15/2025 12:00:00 AM,Marshall Elementary,960,Davis R,MAR01 PM,2:40:00 PM,2:57:29 PM,,2:57:29 PM,,,
8/15/2025 12:00:00 AM,Marshall Elementary,961,Miller S,MAR02 PM,2:40:00 PM,3:40:13 PM,,3:40:13 PM,,,
8/15/2025 12:00:00 AM,Marshall Elementary,962,Thomas D,MAR03 PM,2:40:00 PM,3:08:26 PM,,3:08:26 PM,,,
8/15/2025 12:00:00 AM,Marshall Elementary,963,Davis R,MAR04 PM,2:40:00 PM,3:00:46 PM,,3:00:46 PM,,,
8/15/2025 12:00:00 AM,Marshall Elementary,964,Brown K,MAR05 PM,2:40:00 PM,3:02:41 PM,,3:02:41 PM,,,
8/15/2025 12:00:00 AM,Reynolds Elementary,970,Williams M,REY01 PM,2:40:00 PM,2:52:04 PM,,2:52:04 PM,,,
8/15/2025 12:00:00 AM,Reynolds Elementary,971,Anderson C,REY02 PM,2:40:00 PM,,,3:02:26 PM,,,
8/15/2025 12:00:00 AM,Reynolds Elementary,972,Johnson T,REY03 PM,2:40:00 PM,3:06:27 PM,,3:06:27 PM,,,
8/15/2025 12:00:00 AM,Reynolds Elementary,973,Williams M,REY04 PM,2:40:00 PM,2:57:05 PM,,2:57:05 PM,,,
8/15/2025 12:00:00 AM,Reynolds Elementary,974,Thomas D,REY05 PM,2:40:00 PM,,,3:32:24 PM,,,
8/15/2025 12:00:00 AM,Westfield Middle School,980,Moore A,WES01 PM,3:10:00 PM,3:28:41 PM,,3:28:41 PM,,,
8/15/2025 12:00:00 AM,Westfield Middle School,981,Williams M,WES02 PM,3:10:00 PM,3:17:43 PM,,3:17:43 PM,,,
8/15/2025 12:00:00 AM,Westfield Middle School,982,Johnson T,WES03 PM,3:10:00 PM,3:37:52 PM,,3:37:52 PM,,,
8/15/2025 12:00:00 AM,Westfield Middle School,983,Brown K,WES04 PM,3:10:00 PM,3:38:08 PM,,3:38:08 PM,,,
8/15/2025 12:00:00 AM,Lakewood Middle School,990,Wilson J,LAK01 PM,3:10:00 PM,4:00:25 PM,,4:00:25 PM,,,
8/15/2025 12:00:00 AM,Lakewood Middle School,991,Miller S,LAK02 PM,3:10:00 PM,3:36:37 PM,,3:36:37 PM,,,
8/15/2025 12:00:00 AM,Lakewood Middle School,992,Thomas D,LAK03 PM,3:10:00 PM,3:35:09 PM,,3:35:09 PM,,,
8/15/2025 12:00:00 AM,Lakewood Middle School,993,Williams M,LAK04 PM,3:10:00 PM,3:20:27 PM,,3:20:27 PM,,,
8/15/2025 12:00:00 AM,Riverside Middle School,1000,Moore A,RIV01 PM,3:10:00 PM,3:27:00 PM,,3:27:00 PM,,,
8/15/2025 12:00:00 AM,Riverside Middle School,1001,Williams M,RIV02 PM,3:10:00 PM,3:36:24 PM,,3:36:24 PM,,,
8/15/2025 12:00:00 AM,Riverside Middle School,1002,Miller S,RIV03 PM,3:10:00 PM,3:17:23 PM,,3:17:23 PM,,,
8/15/2025 12:00:00 AM,Riverside Middle School,1003,Taylor B,RIV04 PM,3:10:00 PM,3:51:53 PM,,3:51:53 PM,,,
8/15/2025 12:00:00 AM,Metro High School,1010,Wilson J,MET01 PM,3:55:00 PM,4:32:30 PM,,4:32:30 PM,,,
8/15/2025 12:00:00 AM,Metro High School,1011,Miller S,MET02 PM,3:55:00 PM,4:12:23 PM,,4:12:23 PM,,,
8/15/2025 12:00:00 AM,Metro High School,1012,Thomas D,MET03 PM,3:55:00 PM,4:22:13 PM,,4:22:13 PM,,,
8/15/2025 12:00:00 AM,Northgate High School,1020,Williams M,NOR01 PM,3:55:00 PM,4:04:45 PM,,4:04:45 PM,,,
8/15/2025 12:00:00 AM,Northgate High School,1021,Taylor B,NOR02 PM,3:55:00 PM,4:48:26 PM,,4:48:26 PM,,,
8/15/2025 12:00:00 AM,Northgate High School,1022,Anderson C,NOR03 PM,3:55:00 PM,4:01:36 PM,,4:01:36 PM,,,
8/18/2025 12:00:00 AM,Anderson Elementary,900,Wilson J,AND01 PM,2:40:00 PM,3:01:35 PM,,3:01:35 PM,,,
8/18/2025 12:00:00 AM,Anderson Elementary,901,Taylor B,AND02 PM,2:40:00 PM,2:45:30 PM,,2:45:30 PM,,,
8/18/2025 12:00:00 AM,Anderson Elementary,902,Williams M,AND03 PM,2:40:00 PM,3:00:22 PM,,3:00:22 PM,,,
8/18/2025 12:00:00 AM,Anderson Elementary,903,Taylor B,AND04 PM,2:40:00 PM,3:31:06 PM,,3:31:06 PM,,,
8/18/2025 12:00:00 AM,Anderson Elementary,904,Davis R,AND05 PM,2:40:00 PM,2:57:40 PM,,2:57:40 PM,,,
8/18/2025 12:00:00 AM,Bammel Elementary,910,Johnson T,BAM01 PM,2:40:00 PM,2:51:17 PM,,2:51:17 PM,,,
8/18/2025 12:00:00 AM,Bammel Elementary,911,Williams M,BAM02 PM,2:40:00 PM,3:06:55 PM,,3:06:55 PM,,,
8/18/2025 12:00:00 AM,Bammel Elementary,912,Moore A,BAM03 PM,2:40:00 PM,3:06:45 PM,,3:06:45 PM,,,
8/18/2025 12:00:00 AM,Bammel Elementary,913,Williams M,BAM04 PM,2:40:00 PM,2:49:32 PM,,2:49:32 PM,,,
8/18/2025 12:00:00 AM,Bammel Elementary,914,Thomas D,BAM05 PM,2:40:00 PM,2:54:08 PM,,2:54:08 PM,,,
8/18/2025 12:00:00 AM,Cooper Elementary,920,Johnson T,COO01 PM,2:40:00 PM,3:00:26 PM,,3:00:26 PM,,,
8/18/2025 12:00:00 AM,Cooper Elementary,921,Taylor B,COO02 PM,2:40:00 PM,2:52:34 PM,,2:52:34 PM,,,
8/18/2025 12:00:00 AM,Cooper Elementary,922,Taylor B,COO03 PM,2:40:00 PM,3:28:52 PM,,3:28:52 PM,,,
8/18/2025 12:00:00 AM,Cooper Elementary,923,Davis R,COO04 PM,2:40:00 PM,3:12:28 PM,,3:12:28 PM,,,
8/18/2025 12:00:00 AM,Cooper Elementary,924,Williams M,COO05 PM,2:40:00 PM,3:07:39 PM,,3:07:39 PM,,,
8/18/2025 12:00:00 AM,Heritage Elementary,930,Brown K,HER01 PM,2:40:00 PM,3:02:10 PM,,3:02:10 PM,,,
8/18/2025 12:00:00 AM,Heritage Elementary,931,Thomas D,HER02 PM,2:40:00 PM,3:36:26 PM,,3:36:26 PM,,,
8/18/2025 12:00:00 AM,Heritage Elementary,932,Brown K,HER03 PM,2:40:00 PM,3:06:25 PM,,3:06:25 PM,,,
8/18/2025 12:00:00 AM,Heritage Elementary,933,Miller S,HER04 PM,2:40:00 PM,2:53:44 PM,,2:53:44 PM,,,
8/18/2025 12:00:00 AM,Heritage Elementary,934,Taylor B,HER05 PM,2:40:00 PM,3:31:42 PM,,3:31:42 PM,,,
8/18/2025 12:00:00 AM,Jenkins Elementary,940,Anderson C,JEN01 PM,2:40:00 PM,3:21:35 PM,,3:21:35 PM,,,
8/18/2025 12:00:00 AM,Jenkins Elementary,941,Taylor B,JEN02 PM,2:40:00 PM,2:50:28 PM,,2:50:28 PM,,,
8/18/2025 12:00:00 AM,Jenkins Elementary,942,Brown K,JEN03 PM,2:40:00 PM,2:53:05 PM,,2:53:05 PM,,,
8/18/2025 12:00:00 AM,Jenkins Elementary,943,Moore A,JEN04 PM,2:40:00 PM,2:47:08 PM,,2:47:08 PM,,,
8/18/2025 12:00:00 AM,Jenkins Elementary,944,Taylor B,JEN05 PM,2:40:00 PM,2:47:14 PM,,2:47:14 PM,,,
8/18/2025 12:00:00 AM,Lewis Elementary,950,Wilson J,LEW01 PM,2:40:00 PM,3:15:04 PM,,3:15:04 PM,,,
8/18/2025 12:00:00 AM,Lewis Elementary,951,Brown K,LEW02 PM,2:40:00 PM,2:51:05 PM,,2:51:05 PM,,,
8/18/2025 12:00:00 AM,Lewis Elementary,952,Williams M,LEW03 PM,2:40:00 PM,2:53:41 PM,,2:53:41 PM,,,
8/18/2025 12:00:00 AM,Lewis Elementary,953,Thomas D,LEW04 PM,2:40:00 PM,3:39:19 PM,,3:39:19 PM,,,
8/18/2025 12:00:00 AM,Lewis Elementary,954,Davis R,LEW05 PM,2:40:00 PM,2:52:31 PM,,2:52:31 PM,,,
8/18/2025 12:00:00 AM,Marshall Elementary,960,Johnson T,MAR01 PM,2:40:00 PM,3:06:11 PM,,3:06:11 PM,,,
8/18/2025 12:00:00 AM,Marshall Elementary,961,Thomas D,MAR02 PM,2:40:00 PM,2:54:40 PM,,2:54:40 PM,,,
8/18/2025 12:00:00 AM,Marshall Elementary,962,Moore A,MAR03 PM,2:40:00 PM,3:01:58 PM,,3:01:58 PM,,,
8/18/2025 12:00:00 AM,Marshall Elementary,963,Wilson J,MAR04 PM,2:40:00 PM,3:08:54 PM,,3:08:54 PM,,,
8/18/2025 12:00:00 AM,Marshall Elementary,964,Moore A,MAR05 PM,2:40:00 PM,,,2:50:22 PM,,,
8/18/2025 12:00:00 AM,Reynolds Elementary,970,Anderson C,REY01 PM,2:40:00 PM,,,3:36:17 PM,,,
8/18/2025 12:00:00 AM,Reynolds Elementary,971,Anderson C,REY02 PM,2:40:00 PM,3:00:54 PM,,3:00:54 PM,,,
8/18/2025 12:00:00 AM,Reynolds Elementary,972,Miller S,REY03 PM,2:40:00 PM,2:46:54 PM,,2:46:54 PM,,,
8/18/2025 12:00:00 AM,Reynolds Elementary,973,Taylor B,REY04 PM,2:40:00 PM,3:07:47 PM,,3:07:47 PM,,,
8/18/2025 12:00:00 AM,Reynolds Elementary,974,Davis R,REY05 PM,2:40:00 PM,3:06:57 PM,,3:06:57 PM,,,
8/18/2025 12:00:00 AM,Westfield Middle School,980,Anderson C,WES01 PM,3:10:00 PM,3:25:05 PM,,3:25:05 PM,,,
8/18/2025 12:00:00 AM,Westfield Middle School,981,Davis R,WES02 PM,3:10:00 PM,3:30:49 PM,,3:30:49 PM,,,
8/18/2025 12:00:00 AM,Westfield Middle School,982,Davis R,WES03 PM,3:10:00 PM,,,3:16:54 PM,,,
8/18/2025 12:00:00 AM,Westfield Middle School,983,Miller S,WES04 PM,3:10:00 PM,3:17:02 PM,,3:17:02 PM,,,
8/18/2025 12:00:00 AM,Lakewood Middle School,990,Wilson J,LAK01 PM,3:10:00 PM,3:43:37 PM,,3:43:37 PM,,,
8/18/2025 12:00:00 AM,Lakewood Middle School,991,Brown K,LAK02 PM,3:10:00 PM,3:51:20 PM,,3:51:20 PM,,,
8/18/2025 12:00:00 AM,Lakewood Middle School,992,Davis R,LAK03 PM,3:10:00 PM,3:28:07 PM,,3:28:07 PM,,,
8/18/2025 12:00:00 AM,Lakewood Middle School,993,Miller S,LAK04 PM,3:10:00 PM,3:34:02 PM,,3:34:02 PM,,,
8/18/2025 12:00:00 AM,Riverside Middle School,1000,Williams M,RIV01 PM,3:10:00 PM,3:20:01 PM,,3:20:01 PM,,,
8/18/2025 12:00:00 AM,Riverside Middle School,1001,Anderson C,RIV02 PM,3:10:00 PM,3:22:08 PM,,3:22:08 PM,,,
8/18/2025 12:00:00 AM,Riverside Middle School,1002,Williams M,RIV03 PM,3:10:00 PM,3:35:28 PM,,3:35:28 PM,,,
8/18/2025 12:00:00 AM,Riverside Middle School,1003,Wilson J,RIV04 PM,3:10:00 PM,,,3:28:11 PM,,,
8/18/2025 12:00:00 AM,Metro High School,1010,Wilson J,MET01 PM,3:55:00 PM,4:19:15 PM,,4:19:15 PM,,,
8/18/2025 12:00:00 AM,Metro High School,1011,Anderson C,MET02 PM,3:55:00 PM,4:16:15 PM,,4:16:15 PM,,,
8/18/2025 12:00:00 AM,Metro High School,1012,Johnson T,MET03 PM,3:55:00 PM,4:18:32 PM,,4:18:32 PM,,,
8/18/2025 12:00:00 AM,Northgate High School,1020,Johnson T,NOR01 PM,3:55:00 PM,4:15:33 PM,,4:15:33 PM,,,
8/18/2025 12:00:00 AM,Northgate High School,1021,Brown K,NOR02 PM,3:55:00 PM,4:33:36 PM,,4:33:36 PM,,,
8/18/2025 12:00:00 AM,Northgate High School,1022,Brown K,NOR03 PM,3:55:00 PM,4:22:44 PM,,4:22:44 PM,,,
8/19/2025 12:00:00 AM,Anderson Elementary,900,Brown K,AND01 PM,2:40:00 PM,3:00:02 PM,,3:00:02 PM,,,
8/19/2025 12:00:00 AM,Anderson Elementary,901,Davis R,AND02 PM,2:40:00 PM,3:21:45 PM,,3:21:45 PM,,,
8/19/2025 12:00:00 AM,Anderson Elementary,902,Johnson T,AND03 PM,2:40:00 PM,2:47:23 PM,,2:47:23 PM,,,
8/19/2025 12:00:00 AM,Anderson Elementary,903,Williams M,AND04 PM,2:40:00 PM,3:00:41 PM,,3:00:41 PM,,,
8/19/2025 12:00:00 AM,Anderson Elementary,904,Thomas D,AND05 PM,2:40:00 PM,3:07:18 PM,,3:07:18 PM,,,
8/19/2025 12:00:00 AM,Bammel Elementary,910,Thomas D,BAM01 PM,2:40:00 PM,3:30:14 PM,,3:30:14 PM,,,
8/19/2025 12:00:00 AM,Bammel Elementary,911,Taylor B,BAM02 PM,2:40:00 PM,2:47:52 PM,,2:47:52 PM,,,
8/19/2025 12:00:00 AM,Bammel Elementary,912,Johnson T,BAM03 PM,2:40:00 PM,2:45:03 PM,,2:45:03 PM,,,
8/19/2025 12:00:00 AM,Bammel Elementary,913,Moore A,BAM04 PM,2:40:00 PM,3:03:41 PM,,3:03:41 PM,,,
8/19/2025 12:00:00 AM,Bammel Elementary,914,Taylor B,BAM05 PM,2:40:00 PM,2:50:56 PM,,2:50:56 PM,,,
8/19/2025 12:00:00 AM,Cooper Elementary,920,Williams M,COO01 PM,2:40:00 PM,3:16:38 PM,,3:16:38 PM,,,
8/19/2025 12:00:00 AM,Cooper Elementary,921,Williams M,COO02 PM,2:40:00 PM,2:54:15 PM,,2:54:15 PM,,,
8/19/2025 12:00:00 AM,Cooper Elementary,922,Anderson C,COO03 PM,2:40:00 PM,3:06:40 PM,,3:06:40 PM,,,
8/19/2025 12:00:00 AM,Cooper Elementary,923,Johnson T,COO04 PM,2:40:00 PM,2:57:30 PM,,2:57:30 PM,,,
8/19/2025 12:00:00 AM,Cooper Elementary,924,Anderson C,COO05 PM,2:40:00 PM,2:59:29 PM,,2:59:29 PM,,,
8/19/2025 12:00:00 AM,Heritage Elementary,930,Johnson T,HER01 PM,2:40:00 PM,3:29:14 PM,,3:29:14 PM,,,
8/19/2025 12:00:00 AM,Heritage Elementary,931,Anderson C,HER02 PM,2:40:00 PM,3:26:19 PM,,3:26:19 PM,,,
8/19/2025 12:00:00 AM,Heritage Elementary,932,Thomas D,HER03 PM,2:40:00 PM,3:25:11 PM,,3:25:11 PM,,,
8/19/2025 12:00:00 AM,Heritage Elementary,933,Davis R,HER04 PM,2:40:00 PM,3:31:09 PM,,3:31:09 PM,,,
8/19/2025 12:00:00 AM,Heritage Elementary,934,Williams M,HER05 PM,2:40:00 PM,2:45:50 PM,,2:45:50 PM,,,
8/19/2025 12:00:00 AM,Jenkins Elementary,940,Moore A,JEN01 PM,2:40:00 PM,3:14:59 PM,,3:14:59 PM,,,
8/19/2025 12:00:00 AM,Jenkins Elementary,941,Miller S,JEN02 PM,2:40:00 PM,3:03:38 PM,,3:03:38 PM,,,
8/19/2025 12:00:00 AM,Jenkins Elementary,942,Moore A,JEN03 PM,2:40:00 PM,3:21:44 PM,,3:21:44 PM,,,
8/19/2025 12:00:00 AM,Jenkins Elementary,943,Miller S,JEN04 PM,2:40:00 PM,3:00:54 PM,,3:00:54 PM,,,
8/19/2025 12:00:00 AM,Jenkins Elementary,944,Davis R,JEN05 PM,2:40:00 PM,3:05:05 PM,,3:05:05 PM,,,
8/19/2025 12:00:00 AM,Lewis Elementary,950,Moore A,LEW01 PM,2:40:00 PM,2:47:19 PM,,2:47:19 PM,,,
8/19/2025 12:00:00 AM,Lewis Elementary,951,Anderson C,LEW02 PM,2:40:00 PM,2:46:29 PM,,2:46:29 PM,,,
8/19/2025 12:00:00 AM,Lewis Elementary,952,Davis R,LEW03 PM,2:40:00 PM,2:56:31 PM,,2:56:31 PM,,,
8/19/2025 12:00:00 AM,Lewis Elementary,953,Taylor B,LEW04 PM,2:40:00 PM,,,2:45:10 PM,,,
8/19/2025 12:00:00 AM,Lewis Elementary,954,Thomas D,LEW05 PM,2:40:00 PM,3:05:26 PM,,3:05:26 PM,,,
8/19/2025 12:00:00 AM,Marshall Elementary,960,Brown K,MAR01 PM,2:40:00 PM,3:20:45 PM,,3:20:45 PM,,,
8/19/2025 12:00:00 AM,Marshall Elementary,961,Moore A,MAR02 PM,2:40:00 PM,3:04:25 PM,,3:04:25 PM,,,
8/19/2025 12:00:00 AM,Marshall Elementary,962,Wilson J,MAR03 PM,2:40:00 PM,2:53:40 PM,,2:53:40 PM,,,
8/19/2025 12:00:00 AM,Marshall Elementary,963,Miller S,MAR04 PM,2:40:00 PM,3:36:38 PM,,3:36:38 PM,,,
8/19/2025 12:00:00 AM,Marshall Elementary,964,Brown K,MAR05 PM,2:40:00 PM,,,2:59:52 PM,,,
8/19/2025 12:00:00 AM,Reynolds Elementary,970,Davis R,REY01 PM,2:40:00 PM,3:22:32 PM,,3:22:32 PM,,,
8/19/2025 12:00:00 AM,Reynolds Elementary,971,Anderson C,REY02 PM,2:40:00 PM,2:50:43 PM,,2:50:43 PM,,,
8/19/2025 12:00:00 AM,Reynolds Elementary,972,Wilson J,REY03 PM,2:40:00 PM,2:54:29 PM,,2:54:29 PM,,,
8/19/2025 12:00:00 AM,Reynolds Elementary,973,Thomas D,REY04 PM,2:40:00 PM,3:06:24 PM,,3:06:24 PM,,,
8/19/2025 12:00:00 AM,Reynolds Elementary,974,Brown K,REY05 PM,2:40:00 PM,3:25:09 PM,,3:25:09 PM,,,
8/19/2025 12:00:00 AM,Westfield Middle School,980,Williams M,WES01 PM,3:10:00 PM,3:21:48 PM,,3:21:48 PM,,,
8/19/2025 12:00:00 AM,Westfield Middle School,981,Brown K,WES02 PM,3:10:00 PM,,,3:32:12 PM,,,
8/19/2025 12:00:00 AM,Westfield Middle School,982,Wilson J,WES03 PM,3:10:00 PM,3:15:40 PM,,3:15:40 PM,,,
8/19/2025 12:00:00 AM,Westfield Middle School,983,Wilson J,WES04 PM,3:10:00 PM,3:16:19 PM,,3:16:19 PM,,,
8/19/2025 12:00:00 AM,Lakewood Middle School,990,Anderson C,LAK01 PM,3:10:00 PM,3:56:22 PM,,3:56:22 PM,,,
8/19/2025 12:00:00 AM,Lakewood Middle School,991,Moore A,LAK02 PM,3:10:00 PM,3:31:10 PM,,3:31:10 PM,,,
8/19/2025 12:00:00 AM,Lakewood Middle School,992,Miller S,LAK03 PM,3:10:00 PM,3:15:03 PM,,3:15:03 PM,,,
8/19/2025 12:00:00 AM,Lakewood Middle School,993,Moore A,LAK04 PM,3:10:00 PM,3:15:19 PM,,3:15:19 PM,,,
8/19/2025 12:00:00 AM,Riverside Middle School,1000,Anderson C,RIV01 PM,3:10:00 PM,3:18:18 PM,,3:18:18 PM,,,
8/19/2025 12:00:00 AM,Riverside Middle School,1001,Davis R,RIV02 PM,3:10:00 PM,,,3:25:58 PM,,,
8/19/2025 12:00:00 AM,Riverside Middle School,1002,Davis R,RIV03 PM,3:10:00 PM,3:18:53 PM,,3:18:53 PM,,,
8/19/2025 12:00:00 AM,Riverside Middle School,1003,Williams M,RIV04 PM,3:10:00 PM,3:24:16 PM,,3:24:16 PM,,,
8/19/2025 12:00:00 AM,Metro High School,1010,Brown K,MET01 PM,3:55:00 PM,4:03:54 PM,,4:03:54 PM,,,
8/19/2025 12:00:00 AM,Metro High School,1011,Brown K,MET02 PM,3:55:00 PM,4:23:05 PM,,4:23:05 PM,,,
8/19/2025 12:00:00 AM,Metro High School,1012,Williams M,MET03 PM,3:55:00 PM,4:05:07 PM,,4:05:07 PM,,,
8/19/2025 12:00:00 AM,Northgate High School,1020,Brown K,NOR01 PM,3:55:00 PM,,,4:10:30 PM,,,
8/19/2025 12:00:00 AM,Northgate High School,1021,Taylor B,NOR02 PM,3:55:00 PM,4:22:55 PM,,4:22:55 PM,,,
8/19/2025 12:00:00 AM,Northgate High School,1022,Thomas D,NOR03 PM,3:55:00 PM,4:23:15 PM,,4:23:15 PM,,,
8/20/2025 12:00:00 AM,Anderson Elementary,900,Anderson C,AND01 PM,2:40:00 PM,3:38:31 PM,,3:38:31 PM,,,
8/20/2025 12:00:00 AM,Anderson Elementary,901,Taylor B,AND02 PM,2:40:00 PM,2:57:52 PM,,2:57:52 PM,,,
8/20/2025 12:00:00 AM,Anderson Elementary,902,Thomas D,AND03 PM,2:40:00 PM,2:48:25 PM,,2:48:25 PM,,,
8/20/2025 12:00:00 AM,Anderson Elementary,903,Johnson T,AND04 PM,2:40:00 PM,3:06:29 PM,,3:06:29 PM,,,
8/20/2025 12:00:00 AM,Anderson Elementary,904,Johnson T,AND05 PM,2:40:00 PM,3:06:23 PM,,3:06:23 PM,,,
8/20/2025 12:00:00 AM,Bammel Elementary,910,Davis R,BAM01 PM,2:40:00 PM,3:07:06 PM,,3:07:06 PM,,,
8/20/2025 12:00:00 AM,Bammel Elementary,911,Brown K,BAM02 PM,2:40:00 PM,2:48:59 PM,,2:48:59 PM,,,
8/20/2025 12:00:00 AM,Bammel Elementary,912,Davis R,BAM03 PM,2:40:00 PM,2:59:29 PM,,2:59:29 PM,,,
8/20/2025 12:00:00 AM,Bammel Elementary,913,Taylor B,BAM04 PM,2:40:00 PM,3:35:58 PM,,3:35:58 PM,,,
8/20/2025 12:00:00 AM,Bammel Elementary,914,Brown K,BAM05 PM,2:40:00 PM,3:04:58 PM,,3:04:58 PM,,,
8/20/2025 12:00:00 AM,Cooper Elementary,920,Moore A,COO01 PM,2:40:00 PM,3:08:32 PM,,3:08:32 PM,,,
8/20/2025 12:00:00 AM,Cooper Elementary,921,Wilson J,COO02 PM,2:40:00 PM,3:06:22 PM,,3:06:22 PM,,,
8/20/2025 12:00:00 AM,Cooper Elementary,922,Brown K,COO03 PM,2:40:00 PM,3:03:42 PM,,3:03:42 PM,,,
8/20/2025 12:00:00 AM,Cooper Elementary,923,Moore A,COO04 PM,2:40:00 PM,2:51:17 PM,,2:51:17 PM,,,
8/20/2025 12:00:00 AM,Cooper Elementary,924,Miller S,COO05 PM,2:40:00 PM,2:56:52 PM,,2:56:52 PM,,,
8/20/2025 12:00:00 AM,Heritage Elementary,930,Anderson C,HER01 PM,2:40:00 PM,3:33:18 PM,,3:33:18 PM,,,
8/20/2025 12:00:00 AM,Heritage Elementary,931,Moore A,HER02 PM,2:40:00 PM,2:59:53 PM,,2:59:53 PM,,,
8/20/2025 12:00:00 AM,Heritage Elementary,932,Thomas D,HER03 PM,2:40:00 PM,3:06:04 PM,,3:06:04 PM,,,
8/20/2025 12:00:00 AM,Heritage Elementary,933,Anderson C,HER04 PM,2:40:00 PM,2:53:00 PM,,2:53:00 PM,,,
8/20/2025 12:00:00 AM,Heritage Elementary,934,Brown K,HER05 PM,2:40:00 PM,3:00:50 PM,,3:00:50 PM,,,
8/20/2025 12:00:00 AM,Jenkins Elementary,940,Wilson J,JEN01 PM,2:40:00 PM,3:02:25 PM,,3:02:25 PM,,,
8/20/2025 12:00:00 AM,Jenkins Elementary,941,Davis R,JEN02 PM,2:40:00 PM,3:02:52 PM,,3:02:52 PM,,,
8/20/2025 12:00:00 AM,Jenkins Elementary,942,Wilson J,JEN03 PM,2:40:00 PM,2:55:24 PM,,2:55:24 PM,,,
8/20/2025 12:00:00 AM,Jenkins Elementary,943,Miller S,JEN04 PM,2:40:00 PM,3:25:31 PM,,3:25:31 PM,,,
8/20/2025 12:00:00 AM,Jenkins Elementary,944,Anderson C,JEN05 PM,2:40:00 PM,2:47:13 PM,,2:47:13 PM,,,
8/20/2025 12:00:00 AM,Lewis Elementary,950,Moore A,LEW01 PM,2:40:00 PM,2:47:47 PM,,2:47:47 PM,,,
8/20/2025 12:00:00 AM,Lewis Elementary,951,Wilson J,LEW02 PM,2:40:00 PM,2:52:58 PM,,2:52:58 PM,,,
8/20/2025 12:00:00 AM,Lewis Elementary,952,Moore A,LEW03 PM,2:40:00 PM,3:04:04 PM,,3:04:04 PM,,,
8/20/2025 12:00:00 AM,Lewis Elementary,953,Williams M,LEW04 PM,2:40:00 PM,2:59:24 PM,,2:59:24 PM,,,
8/20/2025 12:00:00 AM,Lewis Elementary,954,Brown K,LEW05 PM,2:40:00 PM,3:15:19 PM,,3:15:19 PM,,,
8/20/2025 12:00:00 AM,Marshall Elementary,960,Anderson C,MAR01 PM,2:40:00 PM,3:02:05 PM,,3:02:05 PM,,,
8/20/2025 12:00:00 AM,Marshall Elementary,961,Moore A,MAR02 PM,2:40:00 PM,2:53:12 PM,,2:53:12 PM,,,
8/20/2025 12:00:00 AM,Marshall Elementary,962,Johnson T,MAR03 PM,2:40:00 PM,2:47:16 PM,,2:47:16 PM,,,
8/20/2025 12:00:00 AM,Marshall Elementary,963,Wilson J,MAR04 PM,2:40:00 PM,3:21:31 PM,,3:21:31 PM,,,
8/20/2025 12:00:00 AM,Marshall Elementary,964,Miller S,MAR05 PM,2:40:00 PM,2:55:15 PM,,2:55:15 PM,,,
8/20/2025 12:00:00 AM,Reynolds Elementary,970,Wilson J,REY01 PM,2:40:00 PM,3:00:35 PM,,3:00:35 PM,,,
8/20/2025 12:00:00 AM,Reynolds Elementary,971,Miller S,REY02 PM,2:40:00 PM,3:13:46 PM,,3:13:46 PM,,,
8/20/2025 12:00:00 AM,Reynolds Elementary,972,Anderson C,REY03 PM,2:40:00 PM,3:28:16 PM,,3:28:16 PM,,,
8/20/2025 12:00:00 AM,Reynolds Elementary,973,Brown K,REY04 PM,2:40:00 PM,3:01:05 PM,,3:01:05 PM,,,
8/20/2025 12:00:00 AM,Reynolds Elementary,974,Davis R,REY05 PM,2:40:00 PM,2:50:36 PM,,2:50:36 PM,,,
8/20/2025 12:00:00 AM,Westfield Middle School,980,Taylor B,WES01 PM,3:10:00 PM,3:22:02 PM,,3:22:02 PM,,,
8/20/2025 12:00:00 AM,Westfield Middle School,981,Wilson J,WES02 PM,3:10:00 PM,3:31:40 PM,,3:31:40 PM,,,
8/20/2025 12:00:00 AM,Westfield Middle School,982,Anderson C,WES03 PM,3:10:00 PM,3:43:33 PM,,3:43:33 PM,,,
8/20/2025 12:00:00 AM,Westfield Middle School,983,Moore A,WES04 PM,3:10:00 PM,3:19:28 PM,,3:19:28 PM,,,
8/20/2025 12:00:00 AM,Lakewood Middle School,990,Miller S,LAK01 PM,3:10:00 PM,3:25:46 PM,,3:25:46 PM,,,
8/20/2025 12:00:00 AM,Lakewood Middle School,991,Davis R,LAK02 PM,3:10:00 PM,3:33:10 PM,,3:33:10 PM,,,
8/20/2025 12:00:00 AM,Lakewood Middle School,992,Thomas D,LAK03 PM,3:10:00 PM,,,3:33:05 PM,,,
8/20/2025 12:00:00 AM,Lakewood Middle School,993,Davis R,LAK04 PM,3:10:00 PM,3:19:50 PM,,3:19:50 PM,,,
8/20/2025 12:00:00 AM,Riverside Middle School,1000,Anderson C,RIV01 PM,3:10:00 PM,3:27:08 PM,,3:27:08 PM,,,
8/20/2025 12:00:00 AM,Riverside Middle School,1001,Anderson C,RIV02 PM,3:10:00 PM,3:16:56 PM,,3:16:56 PM,,,
8/20/2025 12:00:00 AM,Riverside Middle School,1002,Williams M,RIV03 PM,3:10:00 PM,4:02:41 PM,,4:02:41 PM,,,
8/20/2025 12:00:00 AM,Riverside Middle School,1003,Johnson T,RIV04 PM,3:10:00 PM,3:26:37 PM,,3:26:37 PM,,,
8/20/2025 12:00:00 AM,Metro High School,1010,Moore A,MET01 PM,3:55:00 PM,4:17:26 PM,,4:17:26 PM,,,
8/20/2025 12:00:00 AM,Metro High School,1011,Johnson T,MET02 PM,3:55:00 PM,4:39:23 PM,,4:39:23 PM,,,
8/20/2025 12:00:00 AM,Metro High School,1012,Thomas D,MET03 PM,3:55:00 PM,4:38:48 PM,,4:38:48 PM,,,
8/20/2025 12:00:00 AM,Northgate High School,1020,Anderson C,NOR01 PM,3:55:00 PM,4:22:25 PM,,4:22:25 PM,,,
8/20/2025 12:00:00 AM,Northgate High School,1021,Davis R,NOR02 PM,3:55:00 PM,4:17:39 PM,,4:17:39 PM,,,
8/20/2025 12:00:00 AM,Northgate High School,1022,Moore A,NOR03 PM,3:55:00 PM,4:39:05 PM,,4:39:05 PM,,,
8/21/2025 12:00:00 AM,Anderson Elementary,900,Williams M,AND01 PM,2:40:00 PM,3:07:38 PM,,3:07:38 PM,,,
8/21/2025 12:00:00 AM,Anderson Elementary,901,Taylor B,AND02 PM,2:40:00 PM,3:04:32 PM,,3:04:32 PM,,,
8/21/2025 12:00:00 AM,Anderson Elementary,902,Brown K,AND03 PM,2:40:00 PM,3:35:25 PM,,3:35:25 PM,,,
8/21/2025 12:00:00 AM,Anderson Elementary,903,Thomas D,AND04 PM,2:40:00 PM,3:02:58 PM,,3:02:58 PM,,,
8/21/2025 12:00:00 AM,Anderson Elementary,904,Miller S,AND05 PM,2:40:00 PM,2:58:32 PM,,2:58:32 PM,,,
8/21/2025 12:00:00 AM,Bammel Elementary,910,Miller S,BAM01 PM,2:40:00 PM,3:03:16 PM,,3:03:16 PM,,,
8/21/2025 12:00:00 AM,Bammel Elementary,911,Taylor B,BAM02 PM,2:40:00 PM,2:45:30 PM,,2:45:30 PM,,,
8/21/2025 12:00:00 AM,Bammel Elementary,912,Davis R,BAM03 PM,2:40:00 PM,3:07:53 PM,,3:07:53 PM,,,
8/21/2025 12:00:00 AM,Bammel Elementary,913,Moore A,BAM04 PM,2:40:00 PM,2:51:57 PM,,2:51:57 PM,,,
8/21/2025 12:00:00 AM,Bammel Elementary,914,Davis R,BAM05 PM,2:40:00 PM,2:52:53 PM,,2:52:53 PM,,,
8/21/2025 12:00:00 AM,Cooper Elementary,920,Williams M,COO01 PM,2:40:00 PM,3:02:02 PM,,3:02:02 PM,,,
8/21/2025 12:00:00 AM,Cooper Elementary,921,Wilson J,COO02 PM,2:40:00 PM,3:19:25 PM,,3:19:25 PM,,,
8/21/2025 12:00:00 AM,Cooper Elementary,922,Johnson T,COO03 PM,2:40:00 PM,3:06:49 PM,,3:06:49 PM,,,
8/21/2025 12:00:00 AM,Cooper Elementary,923,Anderson C,COO04 PM,2:40:00 PM,2:56:39 PM,,2:56:39 PM,,,
8/21/2025 12:00:00 AM,Cooper Elementary,924,Miller S,COO05 PM,2:40:00 PM,2:58:44 PM,,2:58:44 PM,,,
8/21/2025 12:00:00 AM,Heritage Elementary,930,Moore A,HER01 PM,2:40:00 PM,2:48:46 PM,,2:48:46 PM,,,
8/21/2025 12:00:00 AM,Heritage Elementary,931,Moore A,HER02 PM,2:40:00 PM,3:16:26 PM,,3:16:26 PM,,,
8/21/2025 12:00:00 AM,Heritage Elementary,932,Wilson J,HER03 PM,2:40:00 PM,3:07:10 PM,,3:07:10 PM,,,
8/21/2025 12:00:00 AM,Heritage Elementary,933,Williams M,HER04 PM,2:40:00 PM,,,3:17:22 PM,,,
8/21/2025 12:00:00 AM,Heritage Elementary,934,Thomas D,HER05 PM,2:40:00 PM,2:55:43 PM,,2:55:43 PM,,,
8/21/2025 12:00:00 AM,Jenkins Elementary,940,Williams M,JEN01 PM,2:40:00 PM,2:55:26 PM,,2:55:26 PM,,,
8/21/2025 12:00:00 AM,Jenkins Elementary,941,Williams M,JEN02 PM,2:40:00 PM,3:05:25 PM,,3:05:25 PM,,,
8/21/2025 12:00:00 AM,Jenkins Elementary,942,Wilson J,JEN03 PM,2:40:00 PM,3:08:15 PM,,3:08:15 PM,,,
8/21/2025 12:00:00 AM,Jenkins Elementary,943,Brown K,JEN04 PM,2:40:00 PM,2:57:33 PM,,2:57:33 PM,,,
8/21/2025 12:00:00 AM,Jenkins Elementary,944,Miller S,JEN05 PM,2:40:00 PM,3:08:18 PM,,3:08:18 PM,,,
8/21/2025 12:00:00 AM,Lewis Elementary,950,Anderson C,LEW01 PM,2:40:00 PM,3:02:59 PM,,3:02:59 PM,,,
8/21/2025 12:00:00 AM,Lewis Elementary,951,Anderson C,LEW02 PM,2:40:00 PM,3:05:34 PM,,3:05:34 PM,,,
8/21/2025 12:00:00 AM,Lewis Elementary,952,Anderson C,LEW03 PM,2:40:00 PM,2:45:00 PM,,2:45:00 PM,,,
8/21/2025 12:00:00 AM,Lewis Elementary,953,Miller S,LEW04 PM,2:40:00 PM,2:58:51 PM,,2:58:51 PM,,,
8/21/2025 12:00:00 AM,Lewis Elementary,954,Johnson T,LEW05 PM,2:40:00 PM,3:07:47 PM,,3:07:47 PM,,,
8/21/2025 12:00:00 AM,Marshall Elementary,960,Miller S,MAR01 PM,2:40:00 PM,2:53:18 PM,,2:53:18 PM,,,
8/21/2025 12:00:00 AM,Marshall Elementary,961,Miller S,MAR02 PM,2:40:00 PM,2:59:17 PM,,2:59:17 PM,,,
8/21/2025 12:00:00 AM,Marshall Elementary,962,Wilson J,MAR03 PM,2:40:00 PM,3:07:28 PM,,3:07:28 PM,,,
8/21/2025 12:00:00 AM,Marshall Elementary,963,Brown K,MAR04 PM,2:40:00 PM,2:46:21 PM,,2:46:21 PM,,,
8/21/2025 12:00:00 AM,Marshall Elementary,964,Miller S,MAR05 PM,2:40:00 PM,3:37:24 PM,,3:37:24 PM,,,
8/21/2025 12:00:00 AM,Reynolds Elementary,970,Davis R,REY01 PM,2:40:00 PM,2:48:33 PM,,2:48:33 PM,,,
8/21/2025 12:00:00 AM,Reynolds Elementary,971,Moore A,REY02 PM,2:40:00 PM,3:27:07 PM,,3:27:07 PM,,,
8/21/2025 12:00:00 AM,Reynolds Elementary,972,Wilson J,REY03 PM,2:40:00 PM,2:55:00 PM,,2:55:00 PM,,,
8/21/2025 12:00:00 AM,Reynolds Elementary,973,Williams M,REY04 PM,2:40:00 PM,3:07:38 PM,,3:07:38 PM,,,
8/21/2025 12:00:00 AM,Reynolds Elementary,974,Brown K,REY05 PM,2:40:00 PM,2:49:44 PM,,2:49:44 PM,,,
8/21/2025 12:00:00 AM,Westfield Middle School,980,Taylor B,WES01 PM,3:10:00 PM,,,4:05:22 PM,,,
8/21/2025 12:00:00 AM,Westfield Middle School,981,Brown K,WES02 PM,3:10:00 PM,3:30:12 PM,,3:30:12 PM,,,
8/21/2025 12:00:00 AM,Westfield Middle School,982,Wilson J,WES03 PM,3:10:00 PM,3:19:28 PM,,3:19:28 PM,,,
8/21/2025 12:00:00 AM,Westfield Middle School,983,Wilson J,WES04 PM,3:10:00 PM,3:26:49 PM,,3:26:49 PM,,,
8/21/2025 12:00:00 AM,Lakewood Middle School,990,Williams M,LAK01 PM,3:10:00 PM,3:32:09 PM,,3:32:09 PM,,,
8/21/2025 12:00:00 AM,Lakewood Middle School,991,Wilson J,LAK02 PM,3:10:00 PM,3:47:06 PM,,3:47:06 PM,,,
8/21/2025 12:00:00 AM,Lakewood Middle School,992,Thomas D,LAK03 PM,3:10:00 PM,3:16:23 PM,,3:16:23 PM,,,
8/21/2025 12:00:00 AM,Lakewood Middle School,993,Davis R,LAK04 PM,3:10:00 PM,3:28:52 PM,,3:28:52 PM,,,
8/21/2025 12:00:00 AM,Riverside Middle School,1000,Thomas D,RIV01 PM,3:10:00 PM,3:57:06 PM,,3:57:06 PM,,,
8/21/2025 12:00:00 AM,Riverside Middle School,1001,Moore A,RIV02 PM,3:10:00 PM,3:28:47 PM,,3:28:47 PM,,,
8/21/2025 12:00:00 AM,Riverside Middle School,1002,Taylor B,RIV03 PM,3:10:00 PM,3:25:42 PM,,3:25:42 PM,,,
8/21/2025 12:00:00 AM,Riverside Middle School,1003,Wilson J,RIV04 PM,3:10:00 PM,3:38:20 PM,,3:38:20 PM,,,
8/21/2025 12:00:00 AM,Metro High School,1010,Davis R,MET01 PM,3:55:00 PM,4:12:00 PM,,4:12:00 PM,,,
8/21/2025 12:00:00 AM,Metro High School,1011,Johnson T,MET02 PM,3:55:00 PM,4:26:49 PM,,4:26:49 PM,,,
8/21/2025 12:00:00 AM,Metro High School,1012,Anderson C,MET03 PM,3:55:00 PM,4:04:08 PM,,4:04:08 PM,,,
8/21/2025 12:00:00 AM,Northgate High School,1020,Davis R,NOR01 PM,3:55:00 PM,4:02:46 PM,,4:02:46 PM,,,
8/21/2025 12:00:00 AM,Northgate High School,1021,Taylor B,NOR02 PM,3:55:00 PM,4:23:51 PM,,4:23:51 PM,,,
8/21/2025 12:00:00 AM,Northgate High School,1022,Johnson T,NOR03 PM,3:55:00 PM,4:29:55 PM,,4:29:55 PM,,,
8/22/2025 12:00:00 AM,Anderson Elementary,900,Johnson T,AND01 PM,2:40:00 PM,3:03:09 PM,,3:03:09 PM,,,
8/22/2025 12:00:00 AM,Anderson Elementary,901,Johnson T,AND02 PM,2:40:00 PM,2:58:18 PM,,2:58:18 PM,,,
8/22/2025 12:00:00 AM,Anderson Elementary,902,Wilson J,AND03 PM,2:40:00 PM,3:01:27 PM,,3:01:27 PM,,,
8/22/2025 12:00:00 AM,Anderson Elementary,903,Brown K,AND04 PM,2:40:00 PM,3:08:33 PM,,3:08:33 PM,,,
8/22/2025 12:00:00 AM,Anderson Elementary,904,Moore A,AND05 PM,2:40:00 PM,2:51:20 PM,,2:51:20 PM,,,
8/22/2025 12:00:00 AM,Bammel Elementary,910,Miller S,BAM01 PM,2:40:00 PM,2:46:59 PM,,2:46:59 PM,,,
8/22/2025 12:00:00 AM,Bammel Elementary,911,Wilson J,BAM02 PM,2:40:00 PM,3:38:53 PM,,3:38:53 PM,,,
8/22/2025 12:00:00 AM,Bammel Elementary,912,Williams M,BAM03 PM,2:40:00 PM,3:01:48 PM,,3:01:48 PM,,,
8/22/2025 12:00:00 AM,Bammel Elementary,913,Brown K,BAM04 PM,2:40:00 PM,2:46:18 PM,,2:46:18 PM,,,
8/22/2025 12:00:00 AM,Bammel Elementary,914,Johnson T,BAM05 PM,2:40:00 PM,3:32:23 PM,,3:32:23 PM,,,
8/22/2025 12:00:00 AM,Cooper Elementary,920,Moore A,COO01 PM,2:40:00 PM,3:04:34 PM,,3:04:34 PM,,,
8/22/2025 12:00:00 AM,Cooper Elementary,921,Taylor B,COO02 PM,2:40:00 PM,2:57:47 PM,,2:57:47 PM,,,
8/22/2025 12:00:00 AM,Cooper Elementary,922,Wilson J,COO03 PM,2:40:00 PM,3:05:16 PM,,3:05:16 PM,,,
8/22/2025 12:00:00 AM,Cooper Elementary,923,Miller S,COO04 PM,2:40:00 PM,3:01:43 PM,,3:01:43 PM,,,
8/22/2025 12:00:00 AM,Cooper Elementary,924,Davis R,COO05 PM,2:40:00 PM,2:51:41 PM,,2:51:41 PM,,,
8/22/2025 12:00:00 AM,Heritage Elementary,930,Davis R,HER01 PM,2:40:00 PM,2:49:41 PM,,2:49:41 PM,,,
8/22/2025 12:00:00 AM,Heritage Elementary,931,Williams M,HER02 PM,2:40:00 PM,2:55:56 PM,,2:55:56 PM,,,
8/22/2025 12:00:00 AM,Heritage Elementary,932,Taylor B,HER03 PM,2:40:00 PM,,,2:51:39 PM,,,
8/22/2025 12:00:00 AM,Heritage Elementary,933,Miller S,HER04 PM,2:40:00 PM,2:47:44 PM,,2:47:44 PM,,,
8/22/2025 12:00:00 AM,Heritage Elementary,934,Thomas D,HER05 PM,2:40:00 PM,2:50:12 PM,,2:50:12 PM,,,
8/22/2025 12:00:00 AM,Jenkins Elementary,940,Johnson T,JEN01 PM,2:40:00 PM,2:50:59 PM,,2:50:59 PM,,,
8/22/2025 12:00:00 AM,Jenkins Elementary,941,Thomas D,JEN02 PM,2:40:00 PM,2:46:38 PM,,2:46:38 PM,,,
8/22/2025 12:00:00 AM,Jenkins Elementary,942,Wilson J,JEN03 PM,2:40:00 PM,2:59:52 PM,,2:59:52 PM,,,
8/22/2025 12:00:00 AM,Jenkins Elementary,943,Anderson C,JEN04 PM,2:40:00 PM,2:57:56 PM,,2:57:56 PM,,,
8/22/2025 12:00:00 AM,Jenkins Elementary,944,Brown K,JEN05 PM,2:40:00 PM,3:05:28 PM,,3:05:28 PM,,,
8/22/2025 12:00:00 AM,Lewis Elementary,950,Brown K,LEW01 PM,2:40:00 PM,2:45:11 PM,,2:45:11 PM,,,
8/22/2025 12:00:00 AM,Lewis Elementary,951,Taylor B,LEW02 PM,2:40:00 PM,2:47:07 PM,,2:47:07 PM,,,
8/22/2025 12:00:00 AM,Lewis Elementary,952,Anderson C,LEW03 PM,2:40:00 PM,2:50:58 PM,,2:50:58 PM,,,
8/22/2025 12:00:00 AM,Lewis Elementary,953,Brown K,LEW04 PM,2:40:00 PM,2:48:57 PM,,2:48:57 PM,,,
8/22/2025 12:00:00 AM,Lewis Elementary,954,Thomas D,LEW05 PM,2:40:00 PM,3:04:56 PM,,3:04:56 PM,,,
8/22/2025 12:00:00 AM,Marshall Elementary,960,Taylor B,MAR01 PM,2:40:00 PM,3:19:39 PM,,3:19:39 PM,,,
8/22/2025 12:00:00 AM,Marshall Elementary,961,Brown K,MAR02 PM,2:40:00 PM,3:04:19 PM,,3:04:19 PM,,,
8/22/2025 12:00:00 AM,Marshall Elementary,962,Williams M,MAR03 PM,2:40:00 PM,3:04:36 PM,,3:04:36 PM,,,
8/22/2025 12:00:00 AM,Marshall Elementary,963,Thomas D,MAR04 PM,2:40:00 PM,3:37:04 PM,,3:37:04 PM,,,
8/22/2025 12:00:00 AM,Marshall Elementary,964,Miller S,MAR05 PM,2:40:00 PM,2:51:44 PM,,2:51:44 PM,,,
8/22/2025 12:00:00 AM,Reynolds Elementary,970,Thomas D,REY01 PM,2:40:00 PM,3:07:18 PM,,3:07:18 PM,,,
8/22/2025 12:00:00 AM,Reynolds Elementary,971,Anderson C,REY02 PM,2:40:00 PM,3:08:40 PM,,3:08:40 PM,,,
8/22/2025 12:00:00 AM,Reynolds Elementary,972,Thomas D,REY03 PM,2:40:00 PM,2:48:47 PM,,2:48:47 PM,,,
8/22/2025 12:00:00 AM,Reynolds Elementary,973,Moore A,REY04 PM,2:40:00 PM,3:07:18 PM,,3:07:18 PM,,,
8/22/2025 12:00:00 AM,Reynolds Elementary,974,Miller S,REY05 PM,2:40:00 PM,3:03:39 PM,,3:03:39 PM,,,
8/22/2025 12:00:00 AM,Westfield Middle School,980,Wilson J,WES01 PM,3:10:00 PM,3:19:30 PM,,3:19:30 PM,,,
8/22/2025 12:00:00 AM,Westfield Middle School,981,Anderson C,WES02 PM,3:10:00 PM,3:33:46 PM,,3:33:46 PM,,,
8/22/2025 12:00:00 AM,Westfield Middle School,982,Johnson T,WES03 PM,3:10:00 PM,,,3:50:40 PM,,,
8/22/2025 12:00:00 AM,Westfield Middle School,983,Anderson C,WES04 PM,3:10:00 PM,4:05:19 PM,,4:05:19 PM,,,
8/22/2025 12:00:00 AM,Lakewood Middle School,990,Johnson T,LAK01 PM,3:10:00 PM,3:50:13 PM,,3:50:13 PM,,,
8/22/2025 12:00:00 AM,Lakewood Middle School,991,Wilson J,LAK02 PM,3:10:00 PM,4:09:32 PM,,4:09:32 PM,,,
8/22/2025 12:00:00 AM,Lakewood Middle School,992,Taylor B,LAK03 PM,3:10:00 PM,4:07:33 PM,,4:07:33 PM,,,
8/22/2025 12:00:00 AM,Lakewood Middle School,993,Johnson T,LAK04 PM,3:10:00 PM,4:08:05 PM,,4:08:05 PM,,,
8/22/2025 12:00:00 AM,Riverside Middle School,1000,Anderson C,RIV01 PM,3:10:00 PM,3:51:12 PM,,3:51:12 PM,,,
8/22/2025 12:00:00 AM,Riverside Middle School,1001,Wilson J,RIV02 PM,3:10:00 PM,3:34:35 PM,,3:34:35 PM,,,
8/22/2025 12:00:00 AM,Riverside Middle School,1002,Wilson J,RIV03 PM,3:10:00 PM,3:17:19 PM,,3:17:19 PM,,,
8/22/2025 12:00:00 AM,Riverside Middle School,1003,Taylor B,RIV04 PM,3:10:00 PM,3:17:27 PM,,3:17:27 PM,,,
8/22/2025 12:00:00 AM,Metro High School,1010,Thomas D,MET01 PM,3:55:00 PM,4:21:51 PM,,4:21:51 PM,,,
8/22/2025 12:00:00 AM,Metro High School,1011,Brown K,MET02 PM,3:55:00 PM,4:07:09 PM,,4:07:09 PM,,,
8/22/2025 12:00:00 AM,Metro High School,1012,Wilson J,MET03 PM,3:55:00 PM,4:02:30 PM,,4:02:30 PM,,,
8/22/2025 12:00:00 AM,Northgate High School,1020,Brown K,NOR01 PM,3:55:00 PM,4:22:50 PM,,4:22:50 PM,,,
8/22/2025 12:00:00 AM,Northgate High School,1021,Williams M,NOR02 PM,3:55:00 PM,4:17:10 PM,,4:17:10 PM,,,
8/22/2025 12:00:00 AM,Northgate High School,1022,Wilson J,NOR03 PM,3:55:00 PM,4:17:44 PM,,4:17:44 PM,,,
8/25/2025 12:00:00 AM,Anderson Elementary,900,Thomas D,AND01 PM,2:40:00 PM,2:59:11 PM,,2:59:11 PM,,,
8/25/2025 12:00:00 AM,Anderson Elementary,901,Thomas D,AND02 PM,2:40:00 PM,2:46:05 PM,,2:46:05 PM,,,
8/25/2025 12:00:00 AM,Anderson Elementary,902,Thomas D,AND03 PM,2:40:00 PM,3:02:18 PM,,3:02:18 PM,,,
8/25/2025 12:00:00 AM,Anderson Elementary,903,Davis R,AND04 PM,2:40:00 PM,3:24:45 PM,,3:24:45 PM,,,
8/25/2025 12:00:00 AM,Anderson Elementary,904,Thomas D,AND05 PM,2:40:00 PM,,,3:04:52 PM,,,
8/25/2025 12:00:00 AM,Bammel Elementary,910,Wilson J,BAM01 PM,2:40:00 PM,3:05:20 PM,,3:05:20 PM,,,
8/25/2025 12:00:00 AM,Bammel Elementary,911,Moore A,BAM02 PM,2:40:00 PM,3:22:53 PM,,3:22:53 PM,,,
8/25/2025 12:00:00 AM,Bammel Elementary,912,Brown K,BAM03 PM,2:40:00 PM,2:49:05 PM,,2:49:05 PM,,,
8/25/2025 12:00:00 AM,Bammel Elementary,913,Taylor B,BAM04 PM,2:40:00 PM,2:58:35 PM,,2:58:35 PM,,,
8/25/2025 12:00:00 AM,Bammel Elementary,914,Davis R,BAM05 PM,2:40:00 PM,2:58:59 PM,,2:58:59 PM,,,
8/25/2025 12:00:00 AM,Cooper Elementary,920,Johnson T,COO01 PM,2:40:00 PM,3:01:54 PM,,3:01:54 PM,,,
8/25/2025 12:00:00 AM,Cooper Elementary,921,Anderson C,COO02 PM,2:40:00 PM,3:03:19 PM,,3:03:19 PM,,,
8/25/2025 12:00:00 AM,Cooper Elementary,922,Johnson T,COO03 PM,2:40:00 PM,2:54:18 PM,,2:54:18 PM,,,
8/25/2025 12:00:00 AM,Cooper Elementary,923,Miller S,COO04 PM,2:40:00 PM,2:46:42 PM,,2:46:42 PM,,,
8/25/2025 12:00:00 AM,Cooper Elementary,924,Miller S,COO05 PM,2:40:00 PM,2:53:17 PM,,2:53:17 PM,,,
8/25/2025 12:00:00 AM,Heritage Elementary,930,Williams M,HER01 PM,2:40:00 PM,3:19:50 PM,,3:19:50 PM,,,
8/25/2025 12:00:00 AM,Heritage Elementary,931,Anderson C,HER02 PM,2:40:00 PM,3:37:31 PM,,3:37:31 PM,,,
8/25/2025 12:00:00 AM,Heritage Elementary,932,Moore A,HER03 PM,2:40:00 PM,2:56:03 PM,,2:56:03 PM,,,
8/25/2025 12:00:00 AM,Heritage Elementary,933,Brown K,HER04 PM,2:40:00 PM,3:07:24 PM,,3:07:24 PM,,,
8/25/2025 12:00:00 AM,Heritage Elementary,934,Moore A,HER05 PM,2:40:00 PM,3:14:58 PM,,3:14:58 PM,,,
8/25/2025 12:00:00 AM,Jenkins Elementary,940,Moore A,JEN01 PM,2:40:00 PM,3:19:41 PM,,3:19:41 PM,,,
8/25/2025 12:00:00 AM,Jenkins Elementary,941,Davis R,JEN02 PM,2:40:00 PM,2:50:20 PM,,2:50:20 PM,,,
8/25/2025 12:00:00 AM,Jenkins Elementary,942,Williams M,JEN03 PM,2:40:00 PM,2:54:16 PM,,2:54:16 PM,,,
8/25/2025 12:00:00 AM,Jenkins Elementary,943,Williams M,JEN04 PM,2:40:00 PM,3:07:07 PM,,3:07:07 PM,,,
8/25/2025 12:00:00 AM,Jenkins Elementary,944,Moore A,JEN05 PM,2:40:00 PM,2:50:16 PM,,2:50:16 PM,,,
8/25/2025 12:00:00 AM,Lewis Elementary,950,Taylor B,LEW01 PM,2:40:00 PM,2:47:17 PM,,2:47:17 PM,,,
8/25/2025 12:00:00 AM,Lewis Elementary,951,Wilson J,LEW02 PM,2:40:00 PM,2:51:39 PM,,2:51:39 PM,,,
8/25/2025 12:00:00 AM,Lewis Elementary,952,Brown K,LEW03 PM,2:40:00 PM,,,2:51:36 PM,,,
8/25/2025 12:00:00 AM,Lewis Elementary,953,Miller S,LEW04 PM,2:40:00 PM,2:57:17 PM,,2:57:17 PM,,,
8/25/2025 12:00:00 AM,Lewis Elementary,954,Moore A,LEW05 PM,2:40:00 PM,3:08:49 PM,,3:08:49 PM,,,
8/25/2025 12:00:00 AM,Marshall Elementary,960,Davis R,MAR01 PM,2:40:00 PM,2:57:03 PM,,2:57:03 PM,,,
8/25/2025 12:00:00 AM,Marshall Elementary,961,Anderson C,MAR02 PM,2:40:00 PM,3:02:02 PM,,3:02:02 PM,,,
8/25/2025 12:00:00 AM,Marshall Elementary,962,Moore A,MAR03 PM,2:40:00 PM,3:08:12 PM,,3:08:12 PM,,,
8/25/2025 12:00:00 AM,Marshall Elementary,963,Thomas D,MAR04 PM,2:40:00 PM,,,2:57:21 PM,,,
8/25/2025 12:00:00 AM,Marshall Elementary,964,Johnson T,MAR05 PM,2:40:00 PM,3:38:55 PM,,3:38:55 PM,,,
8/25/2025 12:00:00 AM,Reynolds Elementary,970,Williams M,REY01 PM,2:40:00 PM,3:12:15 PM,,3:12:15 PM,,,
8/25/2025 12:00:00 AM,Reynolds Elementary,971,Brown K,REY02 PM,2:40:00 PM,3:03:04 PM,,3:03:04 PM,,,
8/25/2025 12:00:00 AM,Reynolds Elementary,972,Taylor B,REY03 PM,2:40:00 PM,3:08:43 PM,,3:08:43 PM,,,
8/25/2025 12:00:00 AM,Reynolds Elementary,973,Thomas D,REY04 PM,2:40:00 PM,2:50:21 PM,,2:50:21 PM,,,
8/25/2025 12:00:00 AM,Reynolds Elementary,974,Moore A,REY05 PM,2:40:00 PM,2:49:06 PM,,2:49:06 PM,,,
8/25/2025 12:00:00 AM,Westfield Middle School,980,Brown K,WES01 PM,3:10:00 PM,3:35:37 PM,,3:35:37 PM,,,
8/25/2025 12:00:00 AM,Westfield Middle School,981,Taylor B,WES02 PM,3:10:00 PM,3:20:39 PM,,3:20:39 PM,,,
8/25/2025 12:00:00 AM,Westfield Middle School,982,Taylor B,WES03 PM,3:10:00 PM,3:32:15 PM,,3:32:15 PM,,,
8/25/2025 12:00:00 AM,Westfield Middle School,983,Thomas D,WES04 PM,3:10:00 PM,3:18:50 PM,,3:18:50 PM,,,
8/25/2025 12:00:00 AM,Lakewood Middle School,990,Brown K,LAK01 PM,3:10:00 PM,3:25:39 PM,,3:25:39 PM,,,
8/25/2025 12:00:00 AM,Lakewood Middle School,991,Williams M,LAK02 PM,3:10:00 PM,3:17:57 PM,,3:17:57 PM,,,
8/25/2025 12:00:00 AM,Lakewood Middle School,992,Thomas D,LAK03 PM,3:10:00 PM,3:51:14 PM,,3:51:14 PM,,,
8/25/2025 12:00:00 AM,Lakewood Middle School,993,Davis R,LAK04 PM,3:10:00 PM,3:45:13 PM,,3:45:13 PM,,,
8/25/2025 12:00:00 AM,Riverside Middle School,1000,Moore A,RIV01 PM,3:10:00 PM,3:19:02 PM,,3:19:02 PM,,,
8/25/2025 12:00:00 AM,Riverside Middle School,1001,Brown K,RIV02 PM,3:10:00 PM,4:00:10 PM,,4:00:10 PM,,,
8/25/2025 12:00:00 AM,Riverside Middle School,1002,Brown K,RIV03 PM,3:10:00 PM,3:21:37 PM,,3:21:37 PM,,,
8/25/2025 12:00:00 AM,Riverside Middle School,1003,Johnson T,RIV04 PM,3:10:00 PM,3:59:09 PM,,3:59:09 PM,,,
8/25/2025 12:00:00 AM,Metro High School,1010,Johnson T,MET01 PM,3:55:00 PM,4:15:51 PM,,4:15:51 PM,,,
8/25/2025 12:00:00 AM,Metro High School,1011,Taylor B,MET02 PM,3:55:00 PM,4:09:15 PM,,4:09:15 PM,,,
8/25/2025 12:00:00 AM,Metro High School,1012,Taylor B,MET03 PM,3:55:00 PM,4:14:29 PM,,4:14:29 PM,,,
8/25/2025 12:00:00 AM,Northgate High School,1020,Wilson J,NOR01 PM,3:55:00 PM,,,4:37:48 PM,,,
8/25/2025 12:00:00 AM,Northgate High School,1021,Miller S,NOR02 PM,3:55:00 PM,4:19:56 PM,,4:19:56 PM,,,
8/25/2025 12:00:00 AM,Northgate High School,1022,Wilson J,NOR03 PM,3:55:00 PM,4:05:41 PM,,4:05:41 PM,,,
8/26/2025 12:00:00 AM,Anderson Elementary,900,Davis R,AND01 PM,2:40:00 PM,3:29:55 PM,,3:29:55 PM,,,
8/26/2025 12:00:00 AM,Anderson Elementary,901,Davis R,AND02 PM,2:40:00 PM,2:56:28 PM,,2:56:28 PM,,,
8/26/2025 12:00:00 AM,Anderson Elementary,902,Williams M,AND03 PM,2:40:00 PM,3:06:44 PM,,3:06:44 PM,,,
8/26/2025 12:00:00 AM,Anderson Elementary,903,Taylor B,AND04 PM,2:40:00 PM,2:48:44 PM,,2:48:44 PM,,,
8/26/2025 12:00:00 AM,Anderson Elementary,904,Davis R,AND05 PM,2:40:00 PM,2:56:26 PM,,2:56:26 PM,,,
8/26/2025 12:00:00 AM,Bammel Elementary,910,Davis R,BAM01 PM,2:40:00 PM,3:05:41 PM,,3:05:41 PM,,,
8/26/2025 12:00:00 AM,Bammel Elementary,911,Anderson C,BAM02 PM,2:40:00 PM,2:50:50 PM,,2:50:50 PM,,,
8/26/2025 12:00:00 AM,Bammel Elementary,912,Miller S,BAM03 PM,2:40:00 PM,2:50:45 PM,,2:50:45 PM,,,
8/26/2025 12:00:00 AM,Bammel Elementary,913,Brown K,BAM04 PM,2:40:00 PM,2:56:11 PM,,2:56:11 PM,,,
8/26/2025 12:00:00 AM,Bammel Elementary,914,Wilson J,BAM05 PM,2:40:00 PM,2:45:25 PM,,2:45:25 PM,,,
8/26/2025 12:00:00 AM,Cooper Elementary,920,Wilson J,COO01 PM,2:40:00 PM,3:35:36 PM,,3:35:36 PM,,,
8/26/2025 12:00:00 AM,Cooper Elementary,921,Taylor B,COO02 PM,2:40:00 PM,,,2:50:53 PM,,,
8/26/2025 12:00:00 AM,Cooper Elementary,922,Davis R,COO03 PM,2:40:00 PM,,,2:55:54 PM,,,
8/26/2025 12:00:00 AM,Cooper Elementary,923,Taylor B,COO04 PM,2:40:00 PM,3:01:03 PM,,3:01:03 PM,,,
8/26/2025 12:00:00 AM,Cooper Elementary,924,Brown K,COO05 PM,2:40:00 PM,2:54:28 PM,,2:54:28 PM,,,
8/26/2025 12:00:00 AM,Heritage Elementary,930,Taylor B,HER01 PM,2:40:00 PM,2:58:46 PM,,2:58:46 PM,,,
8/26/2025 12:00:00 AM,Heritage Elementary,931,Thomas D,HER02 PM,2:40:00 PM,3:03:48 PM,,3:03:48 PM,,,
8/26/2025 12:00:00 AM,Heritage Elementary,932,Miller S,HER03 PM,2:40:00 PM,2:57:18 PM,,2:57:18 PM,,,
8/26/2025 12:00:00 AM,Heritage Elementary,933,Miller S,HER04 PM,2:40:00 PM,2:45:09 PM,,2:45:09 PM,,,
8/26/2025 12:00:00 AM,Heritage Elementary,934,Miller S,HER05 PM,2:40:00 PM,2:53:31 PM,,2:53:31 PM,,,
8/26/2025 12:00:00 AM,Jenkins Elementary,940,Wilson J,JEN01 PM,2:40:00 PM,3:22:32 PM,,3:22:32 PM,,,
8/26/2025 12:00:00 AM,Jenkins Elementary,941,Miller S,JEN02 PM,2:40:00 PM,2:53:23 PM,,2:53:23 PM,,,
8/26/2025 12:00:00 AM,Jenkins Elementary,942,Miller S,JEN03 PM,2:40:00 PM,2:48:38 PM,,2:48:38 PM,,,
8/26/2025 12:00:00 AM,Jenkins Elementary,943,Wilson J,JEN04 PM,2:40:00 PM,2:56:52 PM,,2:56:52 PM,,,
8/26/2025 12:00:00 AM,Jenkins Elementary,944,Miller S,JEN05 PM,2:40:00 PM,3:01:14 PM,,3:01:14 PM,,,
8/26/2025 12:00:00 AM,Lewis Elementary,950,Anderson C,LEW01 PM,2:40:00 PM,2:47:07 PM,,2:47:07 PM,,,
8/26/2025 12:00:00 AM,Lewis Elementary,951,Wilson J,LEW02 PM,2:40:00 PM,2:55:11 PM,,2:55:11 PM,,,
8/26/2025 12:00:00 AM,Lewis Elementary,952,Williams M,LEW03 PM,2:40:00 PM,2:47:27 PM,,2:47:27 PM,,,
8/26/2025 12:00:00 AM,Lewis Elementary,953,Johnson T,LEW04 PM,2:40:00 PM,3:01:37 PM,,3:01:37 PM,,,
8/26/2025 12:00:00 AM,Lewis Elementary,954,Miller S,LEW05 PM,2:40:00 PM,3:04:13 PM,,3:04:13 PM,,,
8/26/2025 12:00:00 AM,Marshall Elementary,960,Wilson J,MAR01 PM,2:40:00 PM,2:50:54 PM,,2:50:54 PM,,,
8/26/2025 12:00:00 AM,Marshall Elementary,961,Anderson C,MAR02 PM,2:40:00 PM,2:51:18 PM,,2:51:18 PM,,,
8/26/2025 12:00:00 AM,Marshall Elementary,962,Williams M,MAR03 PM,2:40:00 PM,2:50:28 PM,,2:50:28 PM,,,
8/26/2025 12:00:00 AM,Marshall Elementary,963,Wilson J,MAR04 PM,2:40:00 PM,2:55:07 PM,,2:55:07 PM,,,
8/26/2025 12:00:00 AM,Marshall Elementary,964,Taylor B,MAR05 PM,2:40:00 PM,2:48:24 PM,,2:48:24 PM,,,
8/26/2025 12:00:00 AM,Reynolds Elementary,970,Miller S,REY01 PM,2:40:00 PM,2:47:57 PM,,2:47:57 PM,,,
8/26/2025 12:00:00 AM,Reynolds Elementary,971,Wilson J,REY02 PM,2:40:00 PM,2:47:07 PM,,2:47:07 PM,,,
8/26/2025 12:00:00 AM,Reynolds Elementary,972,Thomas D,REY03 PM,2:40:00 PM,2:51:21 PM,,2:51:21 PM,,,
8/26/2025 12:00:00 AM,Reynolds Elementary,973,Davis R,REY04 PM,2:40:00 PM,3:05:25 PM,,3:05:25 PM,,,
8/26/2025 12:00:00 AM,Reynolds Elementary,974,Taylor B,REY05 PM,2:40:00 PM,2:52:40 PM,,2:52:40 PM,,,
8/26/2025 12:00:00 AM,Westfield Middle School,980,Johnson T,WES01 PM,3:10:00 PM,3:25:09 PM,,3:25:09 PM,,,
8/26/2025 12:00:00 AM,Westfield Middle School,981,Williams M,WES02 PM,3:10:00 PM,3:30:31 PM,,3:30:31 PM,,,
8/26/2025 12:00:00 AM,Westfield Middle School,982,Anderson C,WES03 PM,3:10:00 PM,3:27:28 PM,,3:27:28 PM,,,
8/26/2025 12:00:00 AM,Westfield Middle School,983,Anderson C,WES04 PM,3:10:00 PM,3:37:24 PM,,3:37:24 PM,,,
8/26/2025 12:00:00 AM,Lakewood Middle School,990,Taylor B,LAK01 PM,3:10:00 PM,3:16:25 PM,,3:16:25 PM,,,
8/26/2025 12:00:00 AM,Lakewood Middle School,991,Thomas D,LAK02 PM,3:10:00 PM,3:26:22 PM,,3:26:22 PM,,,
8/26/2025 12:00:00 AM,Lakewood Middle School,992,Wilson J,LAK03 PM,3:10:00 PM,3:22:15 PM,,3:22:15 PM,,,
8/26/2025 12:00:00 AM,Lakewood Middle School,993,Williams M,LAK04 PM,3:10:00 PM,3:25:02 PM,,3:25:02 PM,,,
8/26/2025 12:00:00 AM,Riverside Middle School,1000,Anderson C,RIV01 PM,3:10:00 PM,3:53:36 PM,,3:53:36 PM,,,
8/26/2025 12:00:00 AM,Riverside Middle School,1001,Taylor B,RIV02 PM,3:10:00 PM,3:26:27 PM,,3:26:27 PM,,,
8/26/2025 12:00:00 AM,Riverside Middle School,1002,Anderson C,RIV03 PM,3:10:00 PM,3:34:47 PM,,3:34:47 PM,,,
8/26/2025 12:00:00 AM,Riverside Middle School,1003,Thomas D,RIV04 PM,3:10:00 PM,3:17:41 PM,,3:17:41 PM,,,
8/26/2025 12:00:00 AM,Metro High School,1010,Miller S,MET01 PM,3:55:00 PM,4:14:42 PM,,4:14:42 PM,,,
8/26/2025 12:00:00 AM,Metro High School,1011,Johnson T,MET02 PM,3:55:00 PM,4:23:29 PM,,4:23:29 PM,,,
8/26/2025 12:00:00 AM,Metro High School,1012,Thomas D,MET03 PM,3:55:00 PM,4:14:09 PM,,4:14:09 PM,,,
8/26/2025 12:00:00 AM,Northgate High School,1020,Moore A,NOR01 PM,3:55:00 PM,4:46:10 PM,,4:46:10 PM,,,
8/26/2025 12:00:00 AM,Northgate High School,1021,Moore A,NOR02 PM,3:55:00 PM,4:13:27 PM,,4:13:27 PM,,,
8/26/2025 12:00:00 AM,Northgate High School,1022,Brown K,NOR03 PM,3:55:00 PM,4:20:54 PM,,4:20:54 PM,,,
8/27/2025 12:00:00 AM,Anderson Elementary,900,Johnson T,AND01 PM,2:40:00 PM,3:39:23 PM,,3:39:23 PM,,,
8/27/2025 12:00:00 AM,Anderson Elementary,901,Brown K,AND02 PM,2:40:00 PM,3:03:49 PM,,3:03:49 PM,,,
8/27/2025 12:00:00 AM,Anderson Elementary,902,Williams M,AND03 PM,2:40:00 PM,2:57:51 PM,,2:57:51 PM,,,
8/27/2025 12:00:00 AM,Anderson Elementary,903,Moore A,AND04 PM,2:40:00 PM,3:03:03 PM,,3:03:03 PM,,,
8/27/2025 12:00:00 AM,Anderson Elementary,904,Williams M,AND05 PM,2:40:00 PM,3:15:23 PM,,3:15:23 PM,,,
8/27/2025 12:00:00 AM,Bammel Elementary,910,Miller S,BAM01 PM,2:40:00 PM,3:32:15 PM,,3:32:15 PM,,,
8/27/2025 12:00:00 AM,Bammel Elementary,911,Wilson J,BAM02 PM,2:40:00 PM,2:45:58 PM,,2:45:58 PM,,,
8/27/2025 12:00:00 AM,Bammel Elementary,912,Williams M,BAM03 PM,2:40:00 PM,2:55:56 PM,,2:55:56 PM,,,
8/27/2025 12:00:00 AM,Bammel Elementary,913,Johnson T,BAM04 PM,2:40:00 PM,2:55:45 PM,,2:55:45 PM,,,
8/27/2025 12:00:00 AM,Bammel Elementary,914,Brown K,BAM05 PM,2:40:00 PM,3:34:20 PM,,3:34:20 PM,,,
8/27/2025 12:00:00 AM,Cooper Elementary,920,Johnson T,COO01 PM,2:40:00 PM,3:05:19 PM,,3:05:19 PM,,,
8/27/2025 12:00:00 AM,Cooper Elementary,921,Brown K,COO02 PM,2:40:00 PM,2:55:28 PM,,2:55:28 PM,,,
8/27/2025 12:00:00 AM,Cooper Elementary,922,Brown K,COO03 PM,2:40:00 PM,2:57:56 PM,,2:57:56 PM,,,
8/27/2025 12:00:00 AM,Cooper Elementary,923,Johnson T,COO04 PM,2:40:00 PM,2:59:12 PM,,2:59:12 PM,,,
8/27/2025 12:00:00 AM,Cooper Elementary,924,Moore A,COO05 PM,2:40:00 PM,3:14:00 PM,,3:14:00 PM,,,
8/27/2025 12:00:00 AM,Heritage Elementary,930,Taylor B,HER01 PM,2:40:00 PM,3:37:50 PM,,3:37:50 PM,,,
8/27/2025 12:00:00 AM,Heritage Elementary,931,Brown K,HER02 PM,2:40:00 PM,2:58:11 PM,,2:58:11 PM,,,
8/27/2025 12:00:00 AM,Heritage Elementary,932,Miller S,HER03 PM,2:40:00 PM,3:05:29 PM,,3:05:29 PM,,,
8/27/2025 12:00:00 AM,Heritage Elementary,933,Wilson J,HER04 PM,2:40:00 PM,3:04:16 PM,,3:04:16 PM,,,
8/27/2025 12:00:00 AM,Heritage Elementary,934,Johnson T,HER05 PM,2:40:00 PM,3:30:45 PM,,3:30:45 PM,,,
8/27/2025 12:00:00 AM,Jenkins Elementary,940,Miller S,JEN01 PM,2:40:00 PM,3:28:02 PM,,3:28:02 PM,,,
8/27/2025 12:00:00 AM,Jenkins Elementary,941,Anderson C,JEN02 PM,2:40:00 PM,2:58:09 PM,,2:58:09 PM,,,
8/27/2025 12:00:00 AM,Jenkins Elementary,942,Brown K,JEN03 PM,2:40:00 PM,3:19:39 PM,,3:19:39 PM,,,
8/27/2025 12:00:00 AM,Jenkins Elementary,943,Wilson J,JEN04 PM,2:40:00 PM,3:28:54 PM,,3:28:54 PM,,,
8/27/2025 12:00:00 AM,Jenkins Elementary,944,Davis R,JEN05 PM,2:40:00 PM,2:58:07 PM,,2:58:07 PM,,,
8/27/2025 12:00:00 AM,Lewis Elementary,950,Taylor B,LEW01 PM,2:40:00 PM,2:49:07 PM,,2:49:07 PM,,,
8/27/2025 12:00:00 AM,Lewis Elementary,951,Miller S,LEW02 PM,2:40:00 PM,3:29:13 PM,,3:29:13 PM,,,
8/27/2025 12:00:00 AM,Lewis Elementary,952,Thomas D,LEW03 PM,2:40:00 PM,2:54:43 PM,,2:54:43 PM,,,
8/27/2025 12:00:00 AM,Lewis Elementary,953,Wilson J,LEW04 PM,2:40:00 PM,3:07:42 PM,,3:07:42 PM,,,
8/27/2025 12:00:00 AM,Lewis Elementary,954,Johnson T,LEW05 PM,2:40:00 PM,3:34:58 PM,,3:34:58 PM,,,
8/27/2025 12:00:00 AM,Marshall Elementary,960,Davis R,MAR01 PM,2:40:00 PM,3:04:24 PM,,3:04:24 PM,,,
8/27/2025 12:00:00 AM,Marshall Elementary,961,Davis R,MAR02 PM,2:40:00 PM,2:57:18 PM,,2:57:18 PM,,,
8/27/2025 12:00:00 AM,Marshall Elementary,962,Miller S,MAR03 PM,2:40:00 PM,2:49:22 PM,,2:49:22 PM,,,
8/27/2025 12:00:00 AM,Marshall Elementary,963,Davis R,MAR04 PM,2:40:00 PM,2:58:51 PM,,2:58:51 PM,,,
8/27/2025 12:00:00 AM,Marshall Elementary,964,Moore A,MAR05 PM,2:40:00 PM,2:49:59 PM,,2:49:59 PM,,,
8/27/2025 12:00:00 AM,Reynolds Elementary,970,Miller S,REY01 PM,2:40:00 PM,3:32:57 PM,,3:32:57 PM,,,
8/27/2025 12:00:00 AM,Reynolds Elementary,971,Moore A,REY02 PM,2:40:00 PM,2:58:26 PM,,2:58:26 PM,,,
8/27/2025 12:00:00 AM,Reynolds Elementary,972,Miller S,REY03 PM,2:40:00 PM,2:59:11 PM,,2:59:11 PM,,,
8/27/2025 12:00:00 AM,Reynolds Elementary,973,Williams M,REY04 PM,2:40:00 PM,3:04:51 PM,,3:04:51 PM,,,
8/27/2025 12:00:00 AM,Reynolds Elementary,974,Brown K,REY05 PM,2:40:00 PM,2:45:25 PM,,2:45:25 PM,,,
8/27/2025 12:00:00 AM,Westfield Middle School,980,Taylor B,WES01 PM,3:10:00 PM,3:34:52 PM,,3:34:52 PM,,,
8/27/2025 12:00:00 AM,Westfield Middle School,981,Moore A,WES02 PM,3:10:00 PM,3:37:12 PM,,3:37:12 PM,,,
8/27/2025 12:00:00 AM,Westfield Middle School,982,Brown K,WES03 PM,3:10:00 PM,3:29:09 PM,,3:29:09 PM,,,
8/27/2025 12:00:00 AM,Westfield Middle School,983,Brown K,WES04 PM,3:10:00 PM,3:29:37 PM,,3:29:37 PM,,,
8/27/2025 12:00:00 AM,Lakewood Middle School,990,Moore A,LAK01 PM,3:10:00 PM,4:04:37 PM,,4:04:37 PM,,,
8/27/2025 12:00:00 AM,Lakewood Middle School,991,Johnson T,LAK02 PM,3:10:00 PM,3:30:14 PM,,3:30:14 PM,,,
8/27/2025 12:00:00 AM,Lakewood Middle School,992,Moore A,LAK03 PM,3:10:00 PM,3:30:39 PM,,3:30:39 PM,,,
8/27/2025 12:00:00 AM,Lakewood Middle School,993,Moore A,LAK04 PM,3:10:00 PM,3:22:37 PM,,3:22:37 PM,,,
8/27/2025 12:00:00 AM,Riverside Middle School,1000,Thomas D,RIV01 PM,3:10:00 PM,3:36:41 PM,,3:36:41 PM,,,
8/27/2025 12:00:00 AM,Riverside Middle School,1001,Brown K,RIV02 PM,3:10:00 PM,3:20:38 PM,,3:20:38 PM,,,
8/27/2025 12:00:00 AM,Riverside Middle School,1002,Miller S,RIV03 PM,3:10:00 PM,3:36:10 PM,,3:36:10 PM,,,
8/27/2025 12:00:00 AM,Riverside Middle School,1003,Williams M,RIV04 PM,3:10:00 PM,3:25:50 PM,,3:25:50 PM,,,
8/27/2025 12:00:00 AM,Metro High School,1010,Anderson C,MET01 PM,3:55:00 PM,4:22:03 PM,,4:22:03 PM,,,
8/27/2025 12:00:00 AM,Metro High School,1011,Taylor B,MET02 PM,3:55:00 PM,4:29:52 PM,,4:29:52 PM,,,
8/27/2025 12:00:00 AM,Metro High School,1012,Brown K,MET03 PM,3:55:00 PM,4:16:31 PM,,4:16:31 PM,,,
8/27/2025 12:00:00 AM,Northgate High School,1020,Wilson J,NOR01 PM,3:55:00 PM,4:00:15 PM,,4:00:15 PM,,,
8/27/2025 12:00:00 AM,Northgate High School,1021,Miller S,NOR02 PM,3:55:00 PM,4:07:09 PM,,4:07:09 PM,,,
8/27/2025 12:00:00 AM,Northgate High School,1022,Davis R,NOR03 PM,3:55:00 PM,4:21:23 PM,,4:21:23 PM,,,
8/28/2025 12:00:00 AM,Anderson Elementary,900,Johnson T,AND01 PM,2:40:00 PM,3:16:27 PM,,3:16:27 PM,,,
8/28/2025 12:00:00 AM,Anderson Elementary,901,Brown K,AND02 PM,2:40:00 PM,3:06:44 PM,,3:06:44 PM,,,
8/28/2025 12:00:00 AM,Anderson Elementary,902,Wilson J,AND03 PM,2:40:00 PM,3:33:25 PM,,3:33:25 PM,,,
8/28/2025 12:00:00 AM,Anderson Elementary,903,Anderson C,AND04 PM,2:40:00 PM,3:31:25 PM,,3:31:25 PM,,,
8/28/2025 12:00:00 AM,Anderson Elementary,904,Johnson T,AND05 PM,2:40:00 PM,3:20:13 PM,,3:20:13 PM,,,
8/28/2025 12:00:00 AM,Bammel Elementary,910,Anderson C,BAM01 PM,2:40:00 PM,2:54:46 PM,,2:54:46 PM,,,
8/28/2025 12:00:00 AM,Bammel Elementary,911,Johnson T,BAM02 PM,2:40:00 PM,2:48:28 PM,,2:48:28 PM,,,
8/28/2025 12:00:00 AM,Bammel Elementary,912,Wilson J,BAM03 PM,2:40:00 PM,3:31:42 PM,,3:31:42 PM,,,
8/28/2025 12:00:00 AM,Bammel Elementary,913,Wilson J,BAM04 PM,2:40:00 PM,2:48:20 PM,,2:48:20 PM,,,
8/28/2025 12:00:00 AM,Bammel Elementary,914,Wilson J,BAM05 PM,2:40:00 PM,2:58:56 PM,,2:58:56 PM,,,
8/28/2025 12:00:00 AM,Cooper Elementary,920,Williams M,COO01 PM,2:40:00 PM,2:53:37 PM,,2:53:37 PM,,,
8/28/2025 12:00:00 AM,Cooper Elementary,921,Taylor B,COO02 PM,2:40:00 PM,2:59:08 PM,,2:59:08 PM,,,
8/28/2025 12:00:00 AM,Cooper Elementary,922,Anderson C,COO03 PM,2:40:00 PM,2:48:38 PM,,2:48:38 PM,,,
8/28/2025 12:00:00 AM,Cooper Elementary,923,Wilson J,COO04 PM,2:40:00 PM,3:20:18 PM,,3:20:18 PM,,,
8/28/2025 12:00:00 AM,Cooper Elementary,924,Thomas D,COO05 PM,2:40:00 PM,2:45:07 PM,,2:45:07 PM,,,
8/28/2025 12:00:00 AM,Heritage Elementary,930,Johnson T,HER01 PM,2:40:00 PM,3:08:53 PM,,3:08:53 PM,,,
8/28/2025 12:00:00 AM,Heritage Elementary,931,Taylor B,HER02 PM,2:40:00 PM,3:32:39 PM,,3:32:39 PM,,,
8/28/2025 12:00:00 AM,Heritage Elementary,932,Moore A,HER03 PM,2:40:00 PM,,,2:50:35 PM,,,
8/28/2025 12:00:00 AM,Heritage Elementary,933,Williams M,HER04 PM,2:40:00 PM,3:03:33 PM,,3:03:33 PM,,,
8/28/2025 12:00:00 AM,Heritage Elementary,934,Johnson T,HER05 PM,2:40:00 PM,3:07:53 PM,,3:07:53 PM,,,
8/28/2025 12:00:00 AM,Jenkins Elementary,940,Anderson C,JEN01 PM,2:40:00 PM,2:58:01 PM,,2:58:01 PM,,,
8/28/2025 12:00:00 AM,Jenkins Elementary,941,Miller S,JEN02 PM,2:40:00 PM,2:47:09 PM,,2:47:09 PM,,,
8/28/2025 12:00:00 AM,Jenkins Elementary,942,Brown K,JEN03 PM,2:40:00 PM,2:55:09 PM,,2:55:09 PM,,,
8/28/2025 12:00:00 AM,Jenkins Elementary,943,Moore A,JEN04 PM,2:40:00 PM,2:52:31 PM,,2:52:31 PM,,,
8/28/2025 12:00:00 AM,Jenkins Elementary,944,Williams M,JEN05 PM,2:40:00 PM,3:05:14 PM,,3:05:14 PM,,,
8/28/2025 12:00:00 AM,Lewis Elementary,950,Anderson C,LEW01 PM,2:40:00 PM,2:54:36 PM,,2:54:36 PM,,,
8/28/2025 12:00:00 AM,Lewis Elementary,951,Anderson C,LEW02 PM,2:40:00 PM,2:58:58 PM,,2:58:58 PM,,,
8/28/2025 12:00:00 AM,Lewis Elementary,952,Taylor B,LEW03 PM,2:40:00 PM,3:00:17 PM,,3:00:17 PM,,,
8/28/2025 12:00:00 AM,Lewis Elementary,953,Davis R,LEW04 PM,2:40:00 PM,2:47:25 PM,,2:47:25 PM,,,
8/28/2025 12:00:00 AM,Lewis Elementary,954,Anderson C,LEW05 PM,2:40:00 PM,3:06:21 PM,,3:06:21 PM,,,
8/28/2025 12:00:00 AM,Marshall Elementary,960,Davis R,MAR01 PM,2:40:00 PM,3:07:08 PM,,3:07:08 PM,,,
8/28/2025 12:00:00 AM,Marshall Elementary,961,Taylor B,MAR02 PM,2:40:00 PM,3:00:48 PM,,3:00:48 PM,,,
8/28/2025 12:00:00 AM,Marshall Elementary,962,Williams M,MAR03 PM,2:40:00 PM,2:57:11 PM,,2:57:11 PM,,,
8/28/2025 12:00:00 AM,Marshall Elementary,963,Taylor B,MAR04 PM,2:40:00 PM,3:07:22 PM,,3:07:22 PM,,,
8/28/2025 12:00:00 AM,Marshall Elementary,964,Miller S,MAR05 PM,2:40:00 PM,3:07:45 PM,,3:07:45 PM,,,
8/28/2025 12:00:00 AM,Reynolds Elementary,970,Moore A,REY01 PM,2:40:00 PM,3:08:36 PM,,3:08:36 PM,,,
8/28/2025 12:00:00 AM,Reynolds Elementary,971,Brown K,REY02 PM,2:40:00 PM,2:52:56 PM,,2:52:56 PM,,,
8/28/2025 12:00:00 AM,Reynolds Elementary,972,Johnson T,REY03 PM,2:40:00 PM,2:59:00 PM,,2:59:00 PM,,,
8/28/2025 12:00:00 AM,Reynolds Elementary,973,Wilson J,REY04 PM,2:40:00 PM,3:01:48 PM,,3:01:48 PM,,,
8/28/2025 12:00:00 AM,Reynolds Elementary,974,Miller S,REY05 PM,2:40:00 PM,,,3:02:44 PM,,,
8/28/2025 12:00:00 AM,Westfield Middle School,980,Moore A,WES01 PM,3:10:00 PM,,,3:36:51 PM,,,
8/28/2025 12:00:00 AM,Westfield Middle School,981,Johnson T,WES02 PM,3:10:00 PM,3:22:21 PM,,3:22:21 PM,,,
8/28/2025 12:00:00 AM,Westfield Middle School,982,Davis R,WES03 PM,3:10:00 PM,3:18:05 PM,,3:18:05 PM,,,
8/28/2025 12:00:00 AM,Westfield Middle School,983,Wilson J,WES04 PM,3:10:00 PM,3:16:19 PM,,3:16:19 PM,,,
8/28/2025 12:00:00 AM,Lakewood Middle School,990,Williams M,LAK01 PM,3:10:00 PM,3:28:14 PM,,3:28:14 PM,,,
8/28/2025 12:00:00 AM,Lakewood Middle School,991,Taylor B,LAK02 PM,3:10:00 PM,,,3:38:21 PM,,,
8/28/2025 12:00:00 AM,Lakewood Middle School,992,Thomas D,LAK03 PM,3:10:00 PM,3:47:57 PM,,3:47:57 PM,,,
8/28/2025 12:00:00 AM,Lakewood Middle School,993,Wilson J,LAK04 PM,3:10:00 PM,3:19:19 PM,,3:19:19 PM,,,
8/28/2025 12:00:00 AM,Riverside Middle School,1000,Wilson J,RIV01 PM,3:10:00 PM,3:24:23 PM,,3:24:23 PM,,,
8/28/2025 12:00:00 AM,Riverside Middle School,1001,Brown K,RIV02 PM,3:10:00 PM,3:21:40 PM,,3:21:40 PM,,,
8/28/2025 12:00:00 AM,Riverside Middle School,1002,Davis R,RIV03 PM,3:10:00 PM,4:00:19 PM,,4:00:19 PM,,,
8/28/2025 12:00:00 AM,Riverside Middle School,1003,Taylor B,RIV04 PM,3:10:00 PM,3:22:29 PM,,3:22:29 PM,,,
8/28/2025 12:00:00 AM,Metro High School,1010,Wilson J,MET01 PM,3:55:00 PM,4:11:01 PM,,4:11:01 PM,,,
8/28/2025 12:00:00 AM,Metro High School,1011,Taylor B,MET02 PM,3:55:00 PM,4:09:11 PM,,4:09:11 PM,,,
8/28/2025 12:00:00 AM,Metro High School,1012,Brown K,MET03 PM,3:55:00 PM,,,4:54:24 PM,,,
8/28/2025 12:00:00 AM,Northgate High School,1020,Williams M,NOR01 PM,3:55:00 PM,4:05:33 PM,,4:05:33 PM,,,
8/28/2025 12:00:00 AM,Northgate High School,1021,Moore A,NOR02 PM,3:55:00 PM,4:17:24 PM,,4:17:24 PM,,,
8/28/2025 12:00:00 AM,Northgate High School,1022,Moore A,NOR03 PM,3:55:00 PM,4:17:18 PM,,4:17:18 PM,,,
8/29/2025 12:00:00 AM,Anderson Elementary,900,Johnson T,AND01 PM,2:40:00 PM,3:17:46 PM,,3:17:46 PM,,,
8/29/2025 12:00:00 AM,Anderson Elementary,901,Thomas D,AND02 PM,2:40:00 PM,2:59:11 PM,,2:59:11 PM,,,
8/29/2025 12:00:00 AM,Anderson Elementary,902,Taylor B,AND03 PM,2:40:00 PM,,,3:28:57 PM,,,
8/29/2025 12:00:00 AM,Anderson Elementary,903,Davis R,AND04 PM,2:40:00 PM,2:50:59 PM,,2:50:59 PM,,,
8/29/2025 12:00:00 AM,Anderson Elementary,904,Williams M,AND05 PM,2:40:00 PM,2:59:32 PM,,2:59:32 PM,,,
8/29/2025 12:00:00 AM,Bammel Elementary,910,Taylor B,BAM01 PM,2:40:00 PM,2:59:14 PM,,2:59:14 PM,,,
8/29/2025 12:00:00 AM,Bammel Elementary,911,Williams M,BAM02 PM,2:40:00 PM,2:52:06 PM,,2:52:06 PM,,,
8/29/2025 12:00:00 AM,Bammel Elementary,912,Anderson C,BAM03 PM,2:40:00 PM,3:32:54 PM,,3:32:54 PM,,,
8/29/2025 12:00:00 AM,Bammel Elementary,913,Anderson C,BAM04 PM,2:40:00 PM,3:23:52 PM,,3:23:52 PM,,,
8/29/2025 12:00:00 AM,Bammel Elementary,914,Anderson C,BAM05 PM,2:40:00 PM,3:00:14 PM,,3:00:14 PM,,,
8/29/2025 12:00:00 AM,Cooper Elementary,920,Taylor B,COO01 PM,2:40:00 PM,3:07:26 PM,,3:07:26 PM,,,
8/29/2025 12:00:00 AM,Cooper Elementary,921,Anderson C,COO02 PM,2:40:00 PM,3:06:53 PM,,3:06:53 PM,,,
8/29/2025 12:00:00 AM,Cooper Elementary,922,Moore A,COO03 PM,2:40:00 PM,2:45:36 PM,,2:45:36 PM,,,
8/29/2025 12:00:00 AM,Cooper Elementary,923,Wilson J,COO04 PM,2:40:00 PM,2:57:04 PM,,2:57:04 PM,,,
8/29/2025 12:00:00 AM,Cooper Elementary,924,Williams M,COO05 PM,2:40:00 PM,,,3:04:31 PM,,,
8/29/2025 12:00:00 AM,Heritage Elementary,930,Johnson T,HER01 PM,2:40:00 PM,3:06:33 PM,,3:06:33 PM,,,
8/29/2025 12:00:00 AM,Heritage Elementary,931,Anderson C,HER02 PM,2:40:00 PM,3:15:34 PM,,3:15:34 PM,,,
8/29/2025 12:00:00 AM,Heritage Elementary,932,Davis R,HER03 PM,2:40:00 PM,2:54:37 PM,,2:54:37 PM,,,
8/29/2025 12:00:00 AM,Heritage Elementary,933,Davis R,HER04 PM,2:40:00 PM,3:27:21 PM,,3:27:21 PM,,,
8/29/2025 12:00:00 AM,Heritage Elementary,934,Taylor B,HER05 PM,2:40:00 PM,3:07:50 PM,,3:07:50 PM,,,
8/29/2025 12:00:00 AM,Jenkins Elementary,940,Brown K,JEN01 PM,2:40:00 PM,3:06:11 PM,,3:06:11 PM,,,
8/29/2025 12:00:00 AM,Jenkins Elementary,941,Johnson T,JEN02 PM,2:40:00 PM,2:47:44 PM,,2:47:44 PM,,,
8/29/2025 12:00:00 AM,Jenkins Elementary,942,Taylor B,JEN03 PM,2:40:00 PM,2:55:26 PM,,2:55:26 PM,,,
8/29/2025 12:00:00 AM,Jenkins Elementary,943,Anderson C,JEN04 PM,2:40:00 PM,2:57:54 PM,,2:57:54 PM,,,
8/29/2025 12:00:00 AM,Jenkins Elementary,944,Miller S,JEN05 PM,2:40:00 PM,2:47:35 PM,,2:47:35 PM,,,
8/29/2025 12:00:00 AM,Lewis Elementary,950,Taylor B,LEW01 PM,2:40:00 PM,2:54:07 PM,,2:54:07 PM,,,
8/29/2025 12:00:00 AM,Lewis Elementary,951,Williams M,LEW02 PM,2:40:00 PM,3:07:02 PM,,3:07:02 PM,,,
8/29/2025 12:00:00 AM,Lewis Elementary,952,Taylor B,LEW03 PM,2:40:00 PM,2:59:03 PM,,2:59:03 PM,,,
8/29/2025 12:00:00 AM,Lewis Elementary,953,Moore A,LEW04 PM,2:40:00 PM,2:45:00 PM,,2:45:00 PM,,,
8/29/2025 12:00:00 AM,Lewis Elementary,954,Williams M,LEW05 PM,2:40:00 PM,2:58:32 PM,,2:58:32 PM,,,
8/29/2025 12:00:00 AM,Marshall Elementary,960,Anderson C,MAR01 PM,2:40:00 PM,2:51:06 PM,,2:51:06 PM,,,
8/29/2025 12:00:00 AM,Marshall Elementary,961,Moore A,MAR02 PM,2:40:00 PM,2:53:41 PM,,2:53:41 PM,,,
8/29/2025 12:00:00 AM,Marshall Elementary,962,Davis R,MAR03 PM,2:40:00 PM,3:03:10 PM,,3:03:10 PM,,,
8/29/2025 12:00:00 AM,Marshall Elementary,963,Wilson J,MAR04 PM,2:40:00 PM,3:07:20 PM,,3:07:20 PM,,,
8/29/2025 12:00:00 AM,Marshall Elementary,964,Wilson J,MAR05 PM,2:40:00 PM,,,2:43:19 PM,,,
8/29/2025 12:00:00 AM,Reynolds Elementary,970,Davis R,REY01 PM,2:40:00 PM,2:51:09 PM,,2:51:09 PM,,,
8/29/2025 12:00:00 AM,Reynolds Elementary,971,Thomas D,REY02 PM,2:40:00 PM,2:46:33 PM,,2:46:33 PM,,,
8/29/2025 12:00:00 AM,Reynolds Elementary,972,Miller S,REY03 PM,2:40:00 PM,2:46:58 PM,,2:46:58 PM,,,
8/29/2025 12:00:00 AM,Reynolds Elementary,973,Davis R,REY04 PM,2:40:00 PM,3:00:04 PM,,3:00:04 PM,,,
8/29/2025 12:00:00 AM,Reynolds Elementary,974,Brown K,REY05 PM,2:40:00 PM,2:51:15 PM,,2:51:15 PM,,,
8/29/2025 12:00:00 AM,Westfield Middle School,980,Taylor B,WES01 PM,3:10:00 PM,3:33:28 PM,,3:33:28 PM,,,
8/29/2025 12:00:00 AM,Westfield Middle School,981,Taylor B,WES02 PM,3:10:00 PM,3:34:47 PM,,3:34:47 PM,,,
8/29/2025 12:00:00 AM,Westfield Middle School,982,Taylor B,WES03 PM,3:10:00 PM,3:32:46 PM,,3:32:46 PM,,,
8/29/2025 12:00:00 AM,Westfield Middle School,983,Miller S,WES04 PM,3:10:00 PM,3:30:12 PM,,3:30:12 PM,,,
8/29/2025 12:00:00 AM,Lakewood Middle School,990,Johnson T,LAK01 PM,3:10:00 PM,3:52:24 PM,,3:52:24 PM,,,
8/29/2025 12:00:00 AM,Lakewood Middle School,991,Moore A,LAK02 PM,3:10:00 PM,3:49:49 PM,,3:49:49 PM,,,
8/29/2025 12:00:00 AM,Lakewood Middle School,992,Taylor B,LAK03 PM,3:10:00 PM,3:22:15 PM,,3:22:15 PM,,,
8/29/2025 12:00:00 AM,Lakewood Middle School,993,Johnson T,LAK04 PM,3:10:00 PM,3:22:38 PM,,3:22:38 PM,,,
8/29/2025 12:00:00 AM,Riverside Middle School,1000,Williams M,RIV01 PM,3:10:00 PM,3:17:33 PM,,3:17:33 PM,,,
8/29/2025 12:00:00 AM,Riverside Middle School,1001,Moore A,RIV02 PM,3:10:00 PM,3:28:48 PM,,3:28:48 PM,,,
8/29/2025 12:00:00 AM,Riverside Middle School,1002,Thomas D,RIV03 PM,3:10:00 PM,,,3:36:52 PM,,,
8/29/2025 12:00:00 AM,Riverside Middle School,1003,Taylor B,RIV04 PM,3:10:00 PM,3:38:27 PM,,3:38:27 PM,,,
8/29/2025 12:00:00 AM,Metro High School,1010,Brown K,MET01 PM,3:55:00 PM,4:31:12 PM,,4:31:12 PM,,,
8/29/2025 12:00:00 AM,Metro High School,1011,Davis R,MET02 PM,3:55:00 PM,4:31:05 PM,,4:31:05 PM,,,
8/29/2025 12:00:00 AM,Metro High School,1012,Miller S,MET03 PM,3:55:00 PM,4:00:03 PM,,4:00:03 PM,,,
8/29/2025 12:00:00 AM,Northgate High School,1020,Thomas D,NOR01 PM,3:55:00 PM,4:08:59 PM,,4:08:59 PM,,,
8/29/2025 12:00:00 AM,Northgate High School,1021,Moore A,NOR02 PM,3:55:00 PM,4:19:03 PM,,4:19:03 PM,,,
8/29/2025 12:00:00 AM,Northgate High School,1022,Williams M,NOR03 PM,3:55:00 PM,4:16:17 PM,,4:16:17 PM,,,
9/1/2025 12:00:00 AM,Anderson Elementary,900,Taylor B,AND01 PM,2:40:00 PM,,,3:37:55 PM,,,
9/1/2025 12:00:00 AM,Anderson Elementary,901,Johnson T,AND02 PM,2:40:00 PM,3:08:39 PM,,3:08:39 PM,,,
9/1/2025 12:00:00 AM,Anderson Elementary,902,Taylor B,AND03 PM,2:40:00 PM,3:07:09 PM,,3:07:09 PM,,,
9/1/2025 12:00:00 AM,Anderson Elementary,903,Anderson C,AND04 PM,2:40:00 PM,2:59:07 PM,,2:59:07 PM,,,
9/1/2025 12:00:00 AM,Anderson Elementary,904,Davis R,AND05 PM,2:40:00 PM,3:21:57 PM,,3:21:57 PM,,,
9/1/2025 12:00:00 AM,Bammel Elementary,910,Miller S,BAM01 PM,2:40:00 PM,2:47:50 PM,,2:47:50 PM,,,
9/1/2025 12:00:00 AM,Bammel Elementary,911,Thomas D,BAM02 PM,2:40:00 PM,3:08:46 PM,,3:08:46 PM,,,
9/1/2025 12:00:00 AM,Bammel Elementary,912,Moore A,BAM03 PM,2:40:00 PM,3:08:37 PM,,3:08:37 PM,,,
9/1/2025 12:00:00 AM,Bammel Elementary,913,Wilson J,BAM04 PM,2:40:00 PM,3:02:12 PM,,3:02:12 PM,,,
9/1/2025 12:00:00 AM,Bammel Elementary,914,Wilson J,BAM05 PM,2:40:00 PM,2:57:00 PM,,2:57:00 PM,,,
9/1/2025 12:00:00 AM,Cooper Elementary,920,Brown K,COO01 PM,2:40:00 PM,2:49:47 PM,,2:49:47 PM,,,
9/1/2025 12:00:00 AM,Cooper Elementary,921,Wilson J,COO02 PM,2:40:00 PM,2:51:31 PM,,2:51:31 PM,,,
9/1/2025 12:00:00 AM,Cooper Elementary,922,Wilson J,COO03 PM,2:40:00 PM,2:50:54 PM,,2:50:54 PM,,,
9/1/2025 12:00:00 AM,Cooper Elementary,923,Brown K,COO04 PM,2:40:00 PM,2:57:04 PM,,2:57:04 PM,,,
9/1/2025 12:00:00 AM,Cooper Elementary,924,Davis R,COO05 PM,2:40:00 PM,2:46:54 PM,,2:46:54 PM,,,
9/1/2025 12:00:00 AM,Heritage Elementary,930,Brown K,HER01 PM,2:40:00 PM,3:08:12 PM,,3:08:12 PM,,,
9/1/2025 12:00:00 AM,Heritage Elementary,931,Thomas D,HER02 PM,2:40:00 PM,3:40:03 PM,,3:40:03 PM,,,
9/1/2025 12:00:00 AM,Heritage Elementary,932,Johnson T,HER03 PM,2:40:00 PM,,,2:56:25 PM,,,
9/1/2025 12:00:00 AM,Heritage Elementary,933,Taylor B,HER04 PM,2:40:00 PM,3:06:42 PM,,3:06:42 PM,,,
9/1/2025 12:00:00 AM,Heritage Elementary,934,Moore A,HER05 PM,2:40:00 PM,3:00:41 PM,,3:00:41 PM,,,
9/1/2025 12:00:00 AM,Jenkins Elementary,940,Johnson T,JEN01 PM,2:40:00 PM,2:57:30 PM,,2:57:30 PM,,,
9/1/2025 12:00:00 AM,Jenkins Elementary,941,Thomas D,JEN02 PM,2:40:00 PM,3:07:01 PM,,3:07:01 PM,,,
9/1/2025 12:00:00 AM,Jenkins Elementary,942,Anderson C,JEN03 PM,2:40:00 PM,3:06:57 PM,,3:06:57 PM,,,
9/1/2025 12:00:00 AM,Jenkins Elementary,943,Brown K,JEN04 PM,2:40:00 PM,3:05:10 PM,,3:05:10 PM,,,
9/1/2025 12:00:00 AM,Jenkins Elementary,944,Johnson T,JEN05 PM,2:40:00 PM,3:06:00 PM,,3:06:00 PM,,,
9/1/2025 12:00:00 AM,Lewis Elementary,950,Miller S,LEW01 PM,2:40:00 PM,3:22:38 PM,,3:22:38 PM,,,
9/1/2025 12:00:00 AM,Lewis Elementary,951,Williams M,LEW02 PM,2:40:00 PM,3:17:08 PM,,3:17:08 PM,,,
9/1/2025 12:00:00 AM,Lewis Elementary,952,Wilson J,LEW03 PM,2:40:00 PM,2:50:25 PM,,2:50:25 PM,,,
9/1/2025 12:00:00 AM,Lewis Elementary,953,Moore A,LEW04 PM,2:40:00 PM,2:51:45 PM,,2:51:45 PM,,,
9/1/2025 12:00:00 AM,Lewis Elementary,954,Brown K,LEW05 PM,2:40:00 PM,3:04:15 PM,,3:04:15 PM,,,
9/1/2025 12:00:00 AM,Marshall Elementary,960,Williams M,MAR01 PM,2:40:00 PM,3:35:17 PM,,3:35:17 PM,,,
9/1/2025 12:00:00 AM,Marshall Elementary,961,Johnson T,MAR02 PM,2:40:00 PM,2:54:37 PM,,2:54:37 PM,,,
9/1/2025 12:00:00 AM,Marshall Elementary,962,Anderson C,MAR03 PM,2:40:00 PM,2:46:10 PM,,2:46:10 PM,,,
9/1/2025 12:00:00 AM,Marshall Elementary,963,Wilson J,MAR04 PM,2:40:00 PM,3:26:37 PM,,3:26:37 PM,,,
9/1/2025 12:00:00 AM,Marshall Elementary,964,Anderson C,MAR05 PM,2:40:00 PM,3:31:23 PM,,3:31:23 PM,,,
9/1/2025 12:00:00 AM,Reynolds Elementary,970,Thomas D,REY01 PM,2:40:00 PM,2:54:17 PM,,2:54:17 PM,,,
9/1/2025 12:00:00 AM,Reynolds Elementary,971,Davis R,REY02 PM,2:40:00 PM,2:47:04 PM,,2:47:04 PM,,,
9/1/2025 12:00:00 AM,Reynolds Elementary,972,Thomas D,REY03 PM,2:40:00 PM,3:08:08 PM,,3:08:08 PM,,,
9/1/2025 12:00:00 AM,Reynolds Elementary,973,Anderson C,REY04 PM,2:40:00 PM,3:02:47 PM,,3:02:47 PM,,,
9/1/2025 12:00:00 AM,Reynolds Elementary,974,Thomas D,REY05 PM,2:40:00 PM,2:47:23 PM,,2:47:23 PM,,,
9/1/2025 12:00:00 AM,Westfield Middle School,980,Johnson T,WES01 PM,3:10:00 PM,3:48:53 PM,,3:48:53 PM,,,
9/1/2025 12:00:00 AM,Westfield Middle School,981,Miller S,WES02 PM,3:10:00 PM,3:24:59 PM,,3:24:59 PM,,,
9/1/2025 12:00:00 AM,Westfield Middle School,982,Johnson T,WES03 PM,3:10:00 PM,3:29:21 PM,,3:29:21 PM,,,
9/1/2025 12:00:00 AM,Westfield Middle School,983,Wilson J,WES04 PM,3:10:00 PM,3:17:33 PM,,3:17:33 PM,,,
9/1/2025 12:00:00 AM,Lakewood Middle School,990,Williams M,LAK01 PM,3:10:00 PM,3:26:19 PM,,3:26:19 PM,,,
9/1/2025 12:00:00 AM,Lakewood Middle School,991,Miller S,LAK02 PM,3:10:00 PM,3:28:00 PM,,3:28:00 PM,,,
9/1/2025 12:00:00 AM,Lakewood Middle School,992,Davis R,LAK03 PM,3:10:00 PM,3:36:12 PM,,3:36:12 PM,,,
9/1/2025 12:00:00 AM,Lakewood Middle School,993,Moore A,LAK04 PM,3:10:00 PM,4:05:56 PM,,4:05:56 PM,,,
9/1/2025 12:00:00 AM,Riverside Middle School,1000,Williams M,RIV01 PM,3:10:00 PM,3:36:15 PM,,3:36:15 PM,,,
9/1/2025 12:00:00 AM,Riverside Middle School,1001,Thomas D,RIV02 PM,3:10:00 PM,3:22:39 PM,,3:22:39 PM,,,
9/1/2025 12:00:00 AM,Riverside Middle School,1002,Davis R,RIV03 PM,3:10:00 PM,3:21:30 PM,,3:21:30 PM,,,
9/1/2025 12:00:00 AM,Riverside Middle School,1003,Anderson C,RIV04 PM,3:10:00 PM,3:27:02 PM,,3:27:02 PM,,,
9/1/2025 12:00:00 AM,Metro High School,1010,Brown K,MET01 PM,3:55:00 PM,4:09:44 PM,,4:09:44 PM,,,
9/1/2025 12:00:00 AM,Metro High School,1011,Wilson J,MET02 PM,3:55:00 PM,4:11:17 PM,,4:11:17 PM,,,
9/1/2025 12:00:00 AM,Metro High School,1012,Wilson J,MET03 PM,3:55:00 PM,4:08:58 PM,,4:08:58 PM,,,
9/1/2025 12:00:00 AM,Northgate High School,1020,Miller S,NOR01 PM,3:55:00 PM,4:17:49 PM,,4:17:49 PM,,,
9/1/2025 12:00:00 AM,Northgate High School,1021,Wilson J,NOR02 PM,3:55:00 PM,4:18:24 PM,,4:18:24 PM,,,
9/1/2025 12:00:00 AM,Northgate High School,1022,Thomas D,NOR03 PM,3:55:00 PM,4:03:04 PM,,4:03:04 PM,,,
9/2/2025 12:00:00 AM,Anderson Elementary,900,Miller S,AND01 PM,2:40:00 PM,3:02:45 PM,,3:02:45 PM,,,
9/2/2025 12:00:00 AM,Anderson Elementary,901,Wilson J,AND02 PM,2:40:00 PM,,,3:03:17 PM,,,
9/2/2025 12:00:00 AM,Anderson Elementary,902,Brown K,AND03 PM,2:40:00 PM,3:26:43 PM,,3:26:43 PM,,,
9/2/2025 12:00:00 AM,Anderson Elementary,903,Brown K,AND04 PM,2:40:00 PM,,,2:53:13 PM,,,
9/2/2025 12:00:00 AM,Anderson Elementary,904,Thomas D,AND05 PM,2:40:00 PM,2:52:18 PM,,2:52:18 PM,,,
9/2/2025 12:00:00 AM,Bammel Elementary,910,Brown K,BAM01 PM,2:40:00 PM,2:49:17 PM,,2:49:17 PM,,,
9/2/2025 12:00:00 AM,Bammel Elementary,911,Davis R,BAM02 PM,2:40:00 PM,2:56:20 PM,,2:56:20 PM,,,
9/2/2025 12:00:00 AM,Bammel Elementary,912,Brown K,BAM03 PM,2:40:00 PM,3:37:22 PM,,3:37:22 PM,,,
9/2/2025 12:00:00 AM,Bammel Elementary,913,Miller S,BAM04 PM,2:40:00 PM,3:07:24 PM,,3:07:24 PM,,,
9/2/2025 12:00:00 AM,Bammel Elementary,914,Thomas D,BAM05 PM,2:40:00 PM,2:57:09 PM,,2:57:09 PM,,,
9/2/2025 12:00:00 AM,Cooper Elementary,920,Brown K,COO01 PM,2:40:00 PM,2:51:36 PM,,2:51:36 PM,,,
9/2/2025 12:00:00 AM,Cooper Elementary,921,Miller S,COO02 PM,2:40:00 PM,2:47:09 PM,,2:47:09 PM,,,
9/2/2025 12:00:00 AM,Cooper Elementary,922,Moore A,COO03 PM,2:40:00 PM,2:57:01 PM,,2:57:01 PM,,,
9/2/2025 12:00:00 AM,Cooper Elementary,923,Johnson T,COO04 PM,2:40:00 PM,2:45:50 PM,,2:45:50 PM,,,
9/2/2025 12:00:00 AM,Cooper Elementary,924,Williams M,COO05 PM,2:40:00 PM,2:55:30 PM,,2:55:30 PM,,,
9/2/2025 12:00:00 AM,Heritage Elementary,930,Miller S,HER01 PM,2:40:00 PM,3:01:56 PM,,3:01:56 PM,,,
9/2/2025 12:00:00 AM,Heritage Elementary,931,Davis R,HER02 PM,2:40:00 PM,3:32:24 PM,,3:32:24 PM,,,
9/2/2025 12:00:00 AM,Heritage Elementary,932,Brown K,HER03 PM,2:40:00 PM,2:55:07 PM,,2:55:07 PM,,,
9/2/2025 12:00:00 AM,Heritage Elementary,933,Johnson T,HER04 PM,2:40:00 PM,2:49:57 PM,,2:49:57 PM,,,
9/2/2025 12:00:00 AM,Heritage Elementary,934,Miller S,HER05 PM,2:40:00 PM,3:07:51 PM,,3:07:51 PM,,,
9/2/2025 12:00:00 AM,Jenkins Elementary,940,Brown K,JEN01 PM,2:40:00 PM,3:26:52 PM,,3:26:52 PM,,,
9/2/2025 12:00:00 AM,Jenkins Elementary,941,Miller S,JEN02 PM,2:40:00 PM,2:58:30 PM,,2:58:30 PM,,,
9/2/2025 12:00:00 AM,Jenkins Elementary,942,Wilson J,JEN03 PM,2:40:00 PM,3:02:31 PM,,3:02:31 PM,,,
9/2/2025 12:00:00 AM,Jenkins Elementary,943,Williams M,JEN04 PM,2:40:00 PM,2:56:00 PM,,2:56:00 PM,,,
9/2/2025 12:00:00 AM,Jenkins Elementary,944,Anderson C,JEN05 PM,2:40:00 PM,3:38:49 PM,,3:38:49 PM,,,
9/2/2025 12:00:00 AM,Lewis Elementary,950,Brown K,LEW01 PM,2:40:00 PM,2:46:47 PM,,2:46:47 PM,,,
9/2/2025 12:00:00 AM,Lewis Elementary,951,Johnson T,LEW02 PM,2:40:00 PM,3:00:53 PM,,3:00:53 PM,,,
9/2/2025 12:00:00 AM,Lewis Elementary,952,Brown K,LEW03 PM,2:40:00 PM,2:49:48 PM,,2:49:48 PM,,,
9/2/2025 12:00:00 AM,Lewis Elementary,953,Anderson C,LEW04 PM,2:40:00 PM,3:07:00 PM,,3:07:00 PM,,,
9/2/2025 12:00:00 AM,Lewis Elementary,954,Johnson T,LEW05 PM,2:40:00 PM,2:59:35 PM,,2:59:35 PM,,,
9/2/2025 12:00:00 AM,Marshall Elementary,960,Thomas D,MAR01 PM,2:40:00 PM,2:49:47 PM,,2:49:47 PM,,,
9/2/2025 12:00:00 AM,Marshall Elementary,961,Davis R,MAR02 PM,2:40:00 PM,3:05:25 PM,,3:05:25 PM,,,
9/2/2025 12:00:00 AM,Marshall Elementary,962,Wilson J,MAR03 PM,2:40:00 PM,2:55:01 PM,,2:55:01 PM,,,
9/2/2025 12:00:00 AM,Marshall Elementary,963,Williams M,MAR04 PM,2:40:00 PM,,,3:05:05 PM,,,
9/2/2025 12:00:00 AM,Marshall Elementary,964,Thomas D,MAR05 PM,2:40:00 PM,2:54:00 PM,,2:54:00 PM,,,
9/2/2025 12:00:00 AM,Reynolds Elementary,970,Anderson C,REY01 PM,2:40:00 PM,2:55:26 PM,,2:55:26 PM,,,
9/2/2025 12:00:00 AM,Reynolds Elementary,971,Anderson C,REY02 PM,2:40:00 PM,2:46:18 PM,,2:46:18 PM,,,
9/2/2025 12:00:00 AM,Reynolds Elementary,972,Williams M,REY03 PM,2:40:00 PM,3:01:33 PM,,3:01:33 PM,,,
9/2/2025 12:00:00 AM,Reynolds Elementary,973,Anderson C,REY04 PM,2:40:00 PM,2:58:02 PM,,2:58:02 PM,,,
9/2/2025 12:00:00 AM,Reynolds Elementary,974,Davis R,REY05 PM,2:40:00 PM,,,3:14:35 PM,,,
9/2/2025 12:00:00 AM,Westfield Middle School,980,Williams M,WES01 PM,3:10:00 PM,3:33:23 PM,,3:33:23 PM,,,
9/2/2025 12:00:00 AM,Westfield Middle School,981,Taylor B,WES02 PM,3:10:00 PM,3:44:36 PM,,3:44:36 PM,,,
9/2/2025 12:00:00 AM,Westfield Middle School,982,Miller S,WES03 PM,3:10:00 PM,3:34:20 PM,,3:34:20 PM,,,
9/2/2025 12:00:00 AM,Westfield Middle School,983,Taylor B,WES04 PM,3:10:00 PM,3:37:52 PM,,3:37:52 PM,,,
9/2/2025 12:00:00 AM,Lakewood Middle School,990,Williams M,LAK01 PM,3:10:00 PM,3:29:42 PM,,3:29:42 PM,,,
9/2/2025 12:00:00 AM,Lakewood Middle School,991,Anderson C,LAK02 PM,3:10:00 PM,3:53:49 PM,,3:53:49 PM,,,
9/2/2025 12:00:00 AM,Lakewood Middle School,992,Williams M,LAK03 PM,3:10:00 PM,3:16:34 PM,,3:16:34 PM,,,
9/2/2025 12:00:00 AM,Lakewood Middle School,993,Davis R,LAK04 PM,3:10:00 PM,4:06:27 PM,,4:06:27 PM,,,
9/2/2025 12:00:00 AM,Riverside Middle School,1000,Davis R,RIV01 PM,3:10:00 PM,3:23:25 PM,,3:23:25 PM,,,
9/2/2025 12:00:00 AM,Riverside Middle School,1001,Moore A,RIV02 PM,3:10:00 PM,3:51:48 PM,,3:51:48 PM,,,
9/2/2025 12:00:00 AM,Riverside Middle School,1002,Moore A,RIV03 PM,3:10:00 PM,3:59:24 PM,,3:59:24 PM,,,
9/2/2025 12:00:00 AM,Riverside Middle School,1003,Thomas D,RIV04 PM,3:10:00 PM,3:29:59 PM,,3:29:59 PM,,,
9/2/2025 12:00:00 AM,Metro High School,1010,Moore A,MET01 PM,3:55:00 PM,,,4:17:26 PM,,,
9/2/2025 12:00:00 AM,Metro High School,1011,Anderson C,MET02 PM,3:55:00 PM,4:44:00 PM,,4:44:00 PM,,,
9/2/2025 12:00:00 AM,Metro High School,1012,Miller S,MET03 PM,3:55:00 PM,4:39:26 PM,,4:39:26 PM,,,
9/2/2025 12:00:00 AM,Northgate High School,1020,Anderson C,NOR01 PM,3:55:00 PM,4:17:38 PM,,4:17:38 PM,,,
9/2/2025 12:00:00 AM,Northgate High School,1021,Miller S,NOR02 PM,3:55:00 PM,4:29:05 PM,,4:29:05 PM,,,
9/2/2025 12:00:00 AM,Northgate High School,1022,Johnson T,NOR03 PM,3:55:00 PM,4:20:28 PM,,4:20:28 PM,,,
9/3/2025 12:00:00 AM,Anderson Elementary,900,Miller S,AND01 PM,2:40:00 PM,3:00:07 PM,,3:00:07 PM,,,
9/3/2025 12:00:00 AM,Anderson Elementary,901,Moore A,AND02 PM,2:40:00 PM,3:19:19 PM,,3:19:19 PM,,,
9/3/2025 12:00:00 AM,Anderson Elementary,902,Davis R,AND03 PM,2:40:00 PM,3:01:52 PM,,3:01:52 PM,,,
9/3/2025 12:00:00 AM,Anderson Elementary,903,Brown K,AND04 PM,2:40:00 PM,2:57:53 PM,,2:57:53 PM,,,
9/3/2025 12:00:00 AM,Anderson Elementary,904,Brown K,AND05 PM,2:40:00 PM,2:52:06 PM,,2:52:06 PM,,,
9/3/2025 12:00:00 AM,Bammel Elementary,910,Williams M,BAM01 PM,2:40:00 PM,2:55:13 PM,,2:55:13 PM,,,
9/3/2025 12:00:00 AM,Bammel Elementary,911,Johnson T,BAM02 PM,2:40:00 PM,,,3:28:29 PM,,,
9/3/2025 12:00:00 AM,Bammel Elementary,912,Wilson J,BAM03 PM,2:40:00 PM,3:34:49 PM,,3:34:49 PM,,,
9/3/2025 12:00:00 AM,Bammel Elementary,913,Miller S,BAM04 PM,2:40:00 PM,3:38:06 PM,,3:38:06 PM,,,
9/3/2025 12:00:00 AM,Bammel Elementary,914,Williams M,BAM05 PM,2:40:00 PM,3:40:53 PM,,3:40:53 PM,,,
9/3/2025 12:00:00 AM,Cooper Elementary,920,Johnson T,COO01 PM,2:40:00 PM,3:31:58 PM,,3:31:58 PM,,,
9/3/2025 12:00:00 AM,Cooper Elementary,921,Miller S,COO02 PM,2:40:00 PM,2:55:22 PM,,2:55:22 PM,,,
9/3/2025 12:00:00 AM,Cooper Elementary,922,Anderson C,COO03 PM,2:40:00 PM,3:02:01 PM,,3:02:01 PM,,,
9/3/2025 12:00:00 AM,Cooper Elementary,923,Wilson J,COO04 PM,2:40:00 PM,2:49:17 PM,,2:49:17 PM,,,
9/3/2025 12:00:00 AM,Cooper Elementary,924,Wilson J,COO05 PM,2:40:00 PM,2:57:59 PM,,2:57:59 PM,,,
9/3/2025 12:00:00 AM,Heritage Elementary,930,Miller S,HER01 PM,2:40:00 PM,2:51:46 PM,,2:51:46 PM,,,
9/3/2025 12:00:00 AM,Heritage Elementary,931,Thomas D,HER02 PM,2:40:00 PM,2:56:23 PM,,2:56:23 PM,,,
9/3/2025 12:00:00 AM,Heritage Elementary,932,Brown K,HER03 PM,2:40:00 PM,3:31:33 PM,,3:31:33 PM,,,
9/3/2025 12:00:00 AM,Heritage Elementary,933,Brown K,HER04 PM,2:40:00 PM,2:56:23 PM,,2:56:23 PM,,,
9/3/2025 12:00:00 AM,Heritage Elementary,934,Johnson T,HER05 PM,2:40:00 PM,3:39:14 PM,,3:39:14 PM,,,
9/3/2025 12:00:00 AM,Jenkins Elementary,940,Thomas D,JEN01 PM,2:40:00 PM,3:32:04 PM,,3:32:04 PM,,,
9/3/2025 12:00:00 AM,Jenkins Elementary,941,Moore A,JEN02 PM,2:40:00 PM,2:53:26 PM,,2:53:26 PM,,,
9/3/2025 12:00:00 AM,Jenkins Elementary,942,Thomas D,JEN03 PM,2:40:00 PM,3:03:00 PM,,3:03:00 PM,,,
9/3/2025 12:00:00 AM,Jenkins Elementary,943,Moore A,JEN04 PM,2:40:00 PM,3:00:06 PM,,3:00:06 PM,,,
9/3/2025 12:00:00 AM,Jenkins Elementary,944,Miller S,JEN05 PM,2:40:00 PM,2:57:19 PM,,2:57:19 PM,,,
9/3/2025 12:00:00 AM,Lewis Elementary,950,Williams M,LEW01 PM,2:40:00 PM,2:48:20 PM,,2:48:20 PM,,,
9/3/2025 12:00:00 AM,Lewis Elementary,951,Brown K,LEW02 PM,2:40:00 PM,2:46:16 PM,,2:46:16 PM,,,
9/3/2025 12:00:00 AM,Lewis Elementary,952,Johnson T,LEW03 PM,2:40:00 PM,2:53:44 PM,,2:53:44 PM,,,
9/3/2025 12:00:00 AM,Lewis Elementary,953,Taylor B,LEW04 PM,2:40:00 PM,3:39:26 PM,,3:39:26 PM,,,
9/3/2025 12:00:00 AM,Lewis Elementary,954,Anderson C,LEW05 PM,2:40:00 PM,3:00:14 PM,,3:00:14 PM,,,
9/3/2025 12:00:00 AM,Marshall Elementary,960,Williams M,MAR01 PM,2:40:00 PM,3:00:03 PM,,3:00:03 PM,,,
9/3/2025 12:00:00 AM,Marshall Elementary,961,Moore A,MAR02 PM,2:40:00 PM,2:55:48 PM,,2:55:48 PM,,,
9/3/2025 12:00:00 AM,Marshall Elementary,962,Brown K,MAR03 PM,2:40:00 PM,3:38:39 PM,,3:38:39 PM,,,
9/3/2025 12:00:00 AM,Marshall Elementary,963,Williams M,MAR04 PM,2:40:00 PM,2:59:56 PM,,2:59:56 PM,,,
9/3/2025 12:00:00 AM,Marshall Elementary,964,Johnson T,MAR05 PM,2:40:00 PM,2:48:59 PM,,2:48:59 PM,,,
9/3/2025 12:00:00 AM,Reynolds Elementary,970,Davis R,REY01 PM,2:40:00 PM,2:48:03 PM,,2:48:03 PM,,,
9/3/2025 12:00:00 AM,Reynolds Elementary,971,Miller S,REY02 PM,2:40:00 PM,2:48:43 PM,,2:48:43 PM,,,
9/3/2025 12:00:00 AM,Reynolds Elementary,972,Davis R,REY03 PM,2:40:00 PM,2:52:56 PM,,2:52:56 PM,,,
9/3/2025 12:00:00 AM,Reynolds Elementary,973,Moore A,REY04 PM,2:40:00 PM,3:07:38 PM,,3:07:38 PM,,,
9/3/2025 12:00:00 AM,Reynolds Elementary,974,Brown K,REY05 PM,2:40:00 PM,2:47:10 PM,,2:47:10 PM,,,
9/3/2025 12:00:00 AM,Westfield Middle School,980,Johnson T,WES01 PM,3:10:00 PM,3:36:48 PM,,3:36:48 PM,,,
9/3/2025 12:00:00 AM,Westfield Middle School,981,Taylor B,WES02 PM,3:10:00 PM,3:33:43 PM,,3:33:43 PM,,,
9/3/2025 12:00:00 AM,Westfield Middle School,982,Anderson C,WES03 PM,3:10:00 PM,3:29:31 PM,,3:29:31 PM,,,
9/3/2025 12:00:00 AM,Westfield Middle School,983,Taylor B,WES04 PM,3:10:00 PM,3:31:49 PM,,3:31:49 PM,,,
9/3/2025 12:00:00 AM,Lakewood Middle School,990,Williams M,LAK01 PM,3:10:00 PM,4:02:09 PM,,4:02:09 PM,,,
9/3/2025 12:00:00 AM,Lakewood Middle School,991,Thomas D,LAK02 PM,3:10:00 PM,3:53:40 PM,,3:53:40 PM,,,
9/3/2025 12:00:00 AM,Lakewood Middle School,992,Anderson C,LAK03 PM,3:10:00 PM,3:25:25 PM,,3:25:25 PM,,,
9/3/2025 12:00:00 AM,Lakewood Middle School,993,Davis R,LAK04 PM,3:10:00 PM,3:29:36 PM,,3:29:36 PM,,,
9/3/2025 12:00:00 AM,Riverside Middle School,1000,Williams M,RIV01 PM,3:10:00 PM,3:24:39 PM,,3:24:39 PM,,,
9/3/2025 12:00:00 AM,Riverside Middle School,1001,Taylor B,RIV02 PM,3:10:00 PM,3:18:03 PM,,3:18:03 PM,,,
9/3/2025 12:00:00 AM,Riverside Middle School,1002,Wilson J,RIV03 PM,3:10:00 PM,3:31:42 PM,,3:31:42 PM,,,
9/3/2025 12:00:00 AM,Riverside Middle School,1003,Williams M,RIV04 PM,3:10:00 PM,3:22:02 PM,,3:22:02 PM,,,
9/3/2025 12:00:00 AM,Metro High School,1010,Moore A,MET01 PM,3:55:00 PM,4:18:27 PM,,4:18:27 PM,,,
9/3/2025 12:00:00 AM,Metro High School,1011,Thomas D,MET02 PM,3:55:00 PM,4:02:19 PM,,4:02:19 PM,,,
9/3/2025 12:00:00 AM,Metro High School,1012,Brown K,MET03 PM,3:55:00 PM,4:21:45 PM,,4:21:45 PM,,,
9/3/2025 12:00:00 AM,Northgate High School,1020,Taylor B,NOR01 PM,3:55:00 PM,4:39:05 PM,,4:39:05 PM,,,
9/3/2025 12:00:00 AM,Northgate High School,1021,Miller S,NOR02 PM,3:55:00 PM,4:54:18 PM,,4:54:18 PM,,,
9/3/2025 12:00:00 AM,Northgate High School,1022,Moore A,NOR03 PM,3:55:00 PM,4:28:03 PM,,4:28:03 PM,,,
9/4/2025 12:00:00 AM,Anderson Elementary,900,Thomas D,AND01 PM,2:40:00 PM,3:08:37 PM,,3:08:37 PM,,,
9/4/2025 12:00:00 AM,Anderson Elementary,901,Davis R,AND02 PM,2:40:00 PM,3:31:54 PM,,3:31:54 PM,,,
9/4/2025 12:00:00 AM,Anderson Elementary,902,Johnson T,AND03 PM,2:40:00 PM,2:48:33 PM,,2:48:33 PM,,,
9/4/2025 12:00:00 AM,Anderson Elementary,903,Taylor B,AND04 PM,2:40:00 PM,2:50:52 PM,,2:50:52 PM,,,
9/4/2025 12:00:00 AM,Anderson Elementary,904,Thomas D,AND05 PM,2:40:00 PM,3:08:42 PM,,3:08:42 PM,,,
9/4/2025 12:00:00 AM,Bammel Elementary,910,Anderson C,BAM01 PM,2:40:00 PM,3:06:17 PM,,3:06:17 PM,,,
9/4/2025 12:00:00 AM,Bammel Elementary,911,Moore A,BAM02 PM,2:40:00 PM,,,3:05:28 PM,,,
9/4/2025 12:00:00 AM,Bammel Elementary,912,Johnson T,BAM03 PM,2:40:00 PM,2:50:22 PM,,2:50:22 PM,,,
9/4/2025 12:00:00 AM,Bammel Elementary,913,Wilson J,BAM04 PM,2:40:00 PM,3:05:46 PM,,3:05:46 PM,,,
9/4/2025 12:00:00 AM,Bammel Elementary,914,Brown K,BAM05 PM,2:40:00 PM,3:30:42 PM,,3:30:42 PM,,,
9/4/2025 12:00:00 AM,Cooper Elementary,920,Anderson C,COO01 PM,2:40:00 PM,2:57:04 PM,,2:57:04 PM,,,
9/4/2025 12:00:00 AM,Cooper Elementary,921,Williams M,COO02 PM,2:40:00 PM,3:08:50 PM,,3:08:50 PM,,,
9/4/2025 12:00:00 AM,Cooper Elementary,922,Moore A,COO03 PM,2:40:00 PM,3:08:04 PM,,3:08:04 PM,,,
9/4/2025 12:00:00 AM,Cooper Elementary,923,Johnson T,COO04 PM,2:40:00 PM,3:29:35 PM,,3:29:35 PM,,,
9/4/2025 12:00:00 AM,Cooper Elementary,924,Taylor B,COO05 PM,2:40:00 PM,2:51:05 PM,,2:51:05 PM,,,
9/4/2025 12:00:00 AM,Heritage Elementary,930,Johnson T,HER01 PM,2:40:00 PM,3:21:11 PM,,3:21:11 PM,,,
9/4/2025 12:00:00 AM,Heritage Elementary,931,Davis R,HER02 PM,2:40:00 PM,3:02:54 PM,,3:02:54 PM,,,
9/4/2025 12:00:00 AM,Heritage Elementary,932,Moore A,HER03 PM,2:40:00 PM,3:00:14 PM,,3:00:14 PM,,,
9/4/2025 12:00:00 AM,Heritage Elementary,933,Johnson T,HER04 PM,2:40:00 PM,2:50:18 PM,,2:50:18 PM,,,
9/4/2025 12:00:00 AM,Heritage Elementary,934,Anderson C,HER05 PM,2:40:00 PM,2:48:37 PM,,2:48:37 PM,,,
9/4/2025 12:00:00 AM,Jenkins Elementary,940,Johnson T,JEN01 PM,2:40:00 PM,3:08:21 PM,,3:08:21 PM,,,
9/4/2025 12:00:00 AM,Jenkins Elementary,941,Taylor B,JEN02 PM,2:40:00 PM,3:24:38 PM,,3:24:38 PM,,,
9/4/2025 12:00:00 AM,Jenkins Elementary,942,Anderson C,JEN03 PM,2:40:00 PM,2:52:41 PM,,2:52:41 PM,,,
9/4/2025 12:00:00 AM,Jenkins Elementary,943,Davis R,JEN04 PM,2:40:00 PM,2:57:43 PM,,2:57:43 PM,,,
9/4/2025 12:00:00 AM,Jenkins Elementary,944,Taylor B,JEN05 PM,2:40:00 PM,2:59:07 PM,,2:59:07 PM,,,
9/4/2025 12:00:00 AM,Lewis Elementary,950,Davis R,LEW01 PM,2:40:00 PM,3:08:48 PM,,3:08:48 PM,,,
9/4/2025 12:00:00 AM,Lewis Elementary,951,Johnson T,LEW02 PM,2:40:00 PM,2:59:11 PM,,2:59:11 PM,,,
9/4/2025 12:00:00 AM,Lewis Elementary,952,Thomas D,LEW03 PM,2:40:00 PM,3:06:04 PM,,3:06:04 PM,,,
9/4/2025 12:00:00 AM,Lewis Elementary,953,Taylor B,LEW04 PM,2:40:00 PM,2:56:49 PM,,2:56:49 PM,,,
9/4/2025 12:00:00 AM,Lewis Elementary,954,Miller S,LEW05 PM,2:40:00 PM,3:04:31 PM,,3:04:31 PM,,,
9/4/2025 12:00:00 AM,Marshall Elementary,960,Brown K,MAR01 PM,2:40:00 PM,3:08:52 PM,,3:08:52 PM,,,
9/4/2025 12:00:00 AM,Marshall Elementary,961,Taylor B,MAR02 PM,2:40:00 PM,2:57:19 PM,,2:57:19 PM,,,
9/4/2025 12:00:00 AM,Marshall Elementary,962,Miller S,MAR03 PM,2:40:00 PM,2:52:13 PM,,2:52:13 PM,,,
9/4/2025 12:00:00 AM,Marshall Elementary,963,Johnson T,MAR04 PM,2:40:00 PM,2:55:59 PM,,2:55:59 PM,,,
9/4/2025 12:00:00 AM,Marshall Elementary,964,Thomas D,MAR05 PM,2:40:00 PM,3:36:46 PM,,3:36:46 PM,,,
9/4/2025 12:00:00 AM,Reynolds Elementary,970,Williams M,REY01 PM,2:40:00 PM,3:08:36 PM,,3:08:36 PM,,,
9/4/2025 12:00:00 AM,Reynolds Elementary,971,Moore A,REY02 PM,2:40:00 PM,2:53:05 PM,,2:53:05 PM,,,
9/4/2025 12:00:00 AM,Reynolds Elementary,972,Wilson J,REY03 PM,2:40:00 PM,3:05:51 PM,,3:05:51 PM,,,
9/4/2025 12:00:00 AM,Reynolds Elementary,973,Miller S,REY04 PM,2:40:00 PM,2:59:00 PM,,2:59:00 PM,,,
9/4/2025 12:00:00 AM,Reynolds Elementary,974,Anderson C,REY05 PM,2:40:00 PM,2:55:04 PM,,2:55:04 PM,,,
9/4/2025 12:00:00 AM,Westfield Middle School,980,Miller S,WES01 PM,3:10:00 PM,4:01:03 PM,,4:01:03 PM,,,
9/4/2025 12:00:00 AM,Westfield Middle School,981,Anderson C,WES02 PM,3:10:00 PM,,,3:49:34 PM,,,
9/4/2025 12:00:00 AM,Westfield Middle School,982,Johnson T,WES03 PM,3:10:00 PM,3:22:13 PM,,3:22:13 PM,,,
9/4/2025 12:00:00 AM,Westfield Middle School,983,Moore A,WES04 PM,3:10:00 PM,3:26:21 PM,,3:26:21 PM,,,
9/4/2025 12:00:00 AM,Lakewood Middle School,990,Miller S,LAK01 PM,3:10:00 PM,3:18:38 PM,,3:18:38 PM,,,
9/4/2025 12:00:00 AM,Lakewood Middle School,991,Anderson C,LAK02 PM,3:10:00 PM,3:19:24 PM,,3:19:24 PM,,,
9/4/2025 12:00:00 AM,Lakewood Middle School,992,Davis R,LAK03 PM,3:10:00 PM,3:31:51 PM,,3:31:51 PM,,,
9/4/2025 12:00:00 AM,Lakewood Middle School,993,Anderson C,LAK04 PM,3:10:00 PM,3:51:15 PM,,3:51:15 PM,,,
9/4/2025 12:00:00 AM,Riverside Middle School,1000,Taylor B,RIV01 PM,3:10:00 PM,3:32:32 PM,,3:32:32 PM,,,
9/4/2025 12:00:00 AM,Riverside Middle School,1001,Taylor B,RIV02 PM,3:10:00 PM,3:19:59 PM,,3:19:59 PM,,,
9/4/2025 12:00:00 AM,Riverside Middle School,1002,Thomas D,RIV03 PM,3:10:00 PM,3:28:26 PM,,3:28:26 PM,,,
9/4/2025 12:00:00 AM,Riverside Middle School,1003,Taylor B,RIV04 PM,3:10:00 PM,3:28:16 PM,,3:28:16 PM,,,
9/4/2025 12:00:00 AM,Metro High School,1010,Williams M,MET01 PM,3:55:00 PM,4:16:58 PM,,4:16:58 PM,,,
9/4/2025 12:00:00 AM,Metro High School,1011,Brown K,MET02 PM,3:55:00 PM,4:54:21 PM,,4:54:21 PM,,,
9/4/2025 12:00:00 AM,Metro High School,1012,Johnson T,MET03 PM,3:55:00 PM,4:35:48 PM,,4:35:48 PM,,,
9/4/2025 12:00:00 AM,Northgate High School,1020,Brown K,NOR01 PM,3:55:00 PM,4:00:37 PM,,4:00:37 PM,,,
9/4/2025 12:00:00 AM,Northgate High School,1021,Wilson J,NOR02 PM,3:55:00 PM,4:10:03 PM,,4:10:03 PM,,,
9/4/2025 12:00:00 AM,Northgate High School,1022,Anderson C,NOR03 PM,3:55:00 PM,4:04:02 PM,,4:04:02 PM,,,
9/5/2025 12:00:00 AM,Anderson Elementary,900,Anderson C,AND01 PM,2:40:00 PM,2:53:31 PM,,2:53:31 PM,,,
9/5/2025 12:00:00 AM,Anderson Elementary,901,Miller S,AND02 PM,2:40:00 PM,3:02:53 PM,,3:02:53 PM,,,
9/5/2025 12:00:00 AM,Anderson Elementary,902,Thomas D,AND03 PM,2:40:00 PM,2:45:23 PM,,2:45:23 PM,,,
9/5/2025 12:00:00 AM,Anderson Elementary,903,Taylor B,AND04 PM,2:40:00 PM,3:26:16 PM,,3:26:16 PM,,,
9/5/2025 12:00:00 AM,Anderson Elementary,904,Williams M,AND05 PM,2:40:00 PM,2:50:32 PM,,2:50:32 PM,,,
9/5/2025 12:00:00 AM,Bammel Elementary,910,Anderson C,BAM01 PM,2:40:00 PM,3:07:50 PM,,3:07:50 PM,,,
9/5/2025 12:00:00 AM,Bammel Elementary,911,Anderson C,BAM02 PM,2:40:00 PM,2:57:55 PM,,2:57:55 PM,,,
9/5/2025 12:00:00 AM,Bammel Elementary,912,Taylor B,BAM03 PM,2:40:00 PM,2:47:33 PM,,2:47:33 PM,,,
9/5/2025 12:00:00 AM,Bammel Elementary,913,Moore A,BAM04 PM,2:40:00 PM,2:53:39 PM,,2:53:39 PM,,,
9/5/2025 12:00:00 AM,Bammel Elementary,914,Wilson J,BAM05 PM,2:40:00 PM,3:00:31 PM,,3:00:31 PM,,,
9/5/2025 12:00:00 AM,Cooper Elementary,920,Wilson J,COO01 PM,2:40:00 PM,3:21:15 PM,,3:21:15 PM,,,
9/5/2025 12:00:00 AM,Cooper Elementary,921,Taylor B,COO02 PM,2:40:00 PM,3:00:53 PM,,3:00:53 PM,,,
9/5/2025 12:00:00 AM,Cooper Elementary,922,Moore A,COO03 PM,2:40:00 PM,2:58:03 PM,,2:58:03 PM,,,
9/5/2025 12:00:00 AM,Cooper Elementary,923,Wilson J,COO04 PM,2:40:00 PM,2:52:21 PM,,2:52:21 PM,,,
9/5/2025 12:00:00 AM,Cooper Elementary,924,Taylor B,COO05 PM,2:40:00 PM,3:04:39 PM,,3:04:39 PM,,,
9/5/2025 12:00:00 AM,Heritage Elementary,930,Johnson T,HER01 PM,2:40:00 PM,3:02:04 PM,,3:02:04 PM,,,
9/5/2025 12:00:00 AM,Heritage Elementary,931,Wilson J,HER02 PM,2:40:00 PM,3:40:23 PM,,3:40:23 PM,,,
9/5/2025 12:00:00 AM,Heritage Elementary,932,Davis R,HER03 PM,2:40:00 PM,3:00:02 PM,,3:00:02 PM,,,
9/5/2025 12:00:00 AM,Heritage Elementary,933,Davis R,HER04 PM,2:40:00 PM,3:31:25 PM,,3:31:25 PM,,,
9/5/2025 12:00:00 AM,Heritage Elementary,934,Williams M,HER05 PM,2:40:00 PM,3:02:38 PM,,3:02:38 PM,,,
9/5/2025 12:00:00 AM,Jenkins Elementary,940,Thomas D,JEN01 PM,2:40:00 PM,,,3:01:29 PM,,,
9/5/2025 12:00:00 AM,Jenkins Elementary,941,Davis R,JEN02 PM,2:40:00 PM,2:58:35 PM,,2:58:35 PM,,,
9/5/2025 12:00:00 AM,Jenkins Elementary,942,Anderson C,JEN03 PM,2:40:00 PM,3:33:06 PM,,3:33:06 PM,,,
9/5/2025 12:00:00 AM,Jenkins Elementary,943,Moore A,JEN04 PM,2:40:00 PM,2:49:51 PM,,2:49:51 PM,,,
9/5/2025 12:00:00 AM,Jenkins Elementary,944,Anderson C,JEN05 PM,2:40:00 PM,3:00:33 PM,,3:00:33 PM,,,
9/5/2025 12:00:00 AM,Lewis Elementary,950,Davis R,LEW01 PM,2:40:00 PM,2:55:44 PM,,2:55:44 PM,,,
9/5/2025 12:00:00 AM,Lewis Elementary,951,Johnson T,LEW02 PM,2:40:00 PM,3:05:15 PM,,3:05:15 PM,,,
9/5/2025 12:00:00 AM,Lewis Elementary,952,Anderson C,LEW03 PM,2:40:00 PM,,,2:51:47 PM,,,
9/5/2025 12:00:00 AM,Lewis Elementary,953,Williams M,LEW04 PM,2:40:00 PM,2:50:40 PM,,2:50:40 PM,,,
9/5/2025 12:00:00 AM,Lewis Elementary,954,Anderson C,LEW05 PM,2:40:00 PM,3:32:17 PM,,3:32:17 PM,,,
9/5/2025 12:00:00 AM,Marshall Elementary,960,Wilson J,MAR01 PM,2:40:00 PM,3:07:23 PM,,3:07:23 PM,,,
9/5/2025 12:00:00 AM,Marshall Elementary,961,Taylor B,MAR02 PM,2:40:00 PM,3:00:00 PM,,3:00:00 PM,,,
9/5/2025 12:00:00 AM,Marshall Elementary,962,Taylor B,MAR03 PM,2:40:00 PM,2:59:21 PM,,2:59:21 PM,,,
9/5/2025 12:00:00 AM,Marshall Elementary,963,Thomas D,MAR04 PM,2:40:00 PM,2:51:17 PM,,2:51:17 PM,,,
9/5/2025 12:00:00 AM,Marshall Elementary,964,Miller S,MAR05 PM,2:40:00 PM,2:47:37 PM,,2:47:37 PM,,,
9/5/2025 12:00:00 AM,Reynolds Elementary,970,Brown K,REY01 PM,2:40:00 PM,2:55:36 PM,,2:55:36 PM,,,
9/5/2025 12:00:00 AM,Reynolds Elementary,971,Miller S,REY02 PM,2:40:00 PM,2:52:13 PM,,2:52:13 PM,,,
9/5/2025 12:00:00 AM,Reynolds Elementary,972,Brown K,REY03 PM,2:40:00 PM,2:59:27 PM,,2:59:27 PM,,,
9/5/2025 12:00:00 AM,Reynolds Elementary,973,Anderson C,REY04 PM,2:40:00 PM,2:54:53 PM,,2:54:53 PM,,,
9/5/2025 12:00:00 AM,Reynolds Elementary,974,Thomas D,REY05 PM,2:40:00 PM,2:59:31 PM,,2:59:31 PM,,,
9/5/2025 12:00:00 AM,Westfield Middle School,980,Williams M,WES01 PM,3:10:00 PM,3:29:49 PM,,3:29:49 PM,,,
9/5/2025 12:00:00 AM,Westfield Middle School,981,Thomas D,WES02 PM,3:10:00 PM,,,3:31:21 PM,,,
9/5/2025 12:00:00 AM,Westfield Middle School,982,Williams M,WES03 PM,3:10:00 PM,3:35:17 PM,,3:35:17 PM,,,
9/5/2025 12:00:00 AM,Westfield Middle School,983,Miller S,WES04 PM,3:10:00 PM,3:30:11 PM,,3:30:11 PM,,,
9/5/2025 12:00:00 AM,Lakewood Middle School,990,Williams M,LAK01 PM,3:10:00 PM,3:19:05 PM,,3:19:05 PM,,,
9/5/2025 12:00:00 AM,Lakewood Middle School,991,Taylor B,LAK02 PM,3:10:00 PM,3:47:41 PM,,3:47:41 PM,,,
9/5/2025 12:00:00 AM,Lakewood Middle School,992,Wilson J,LAK03 PM,3:10:00 PM,3:36:25 PM,,3:36:25 PM,,,
9/5/2025 12:00:00 AM,Lakewood Middle School,993,Davis R,LAK04 PM,3:10:00 PM,3:23:38 PM,,3:23:38 PM,,,
9/5/2025 12:00:00 AM,Riverside Middle School,1000,Brown K,RIV01 PM,3:10:00 PM,3:33:53 PM,,3:33:53 PM,,,
9/5/2025 12:00:00 AM,Riverside Middle School,1001,Taylor B,RIV02 PM,3:10:00 PM,3:15:49 PM,,3:15:49 PM,,,
9/5/2025 12:00:00 AM,Riverside Middle School,1002,Wilson J,RIV03 PM,3:10:00 PM,3:19:19 PM,,3:19:19 PM,,,
9/5/2025 12:00:00 AM,Riverside Middle School,1003,Miller S,RIV04 PM,3:10:00 PM,3:46:18 PM,,3:46:18 PM,,,
9/5/2025 12:00:00 AM,Metro High School,1010,Williams M,MET01 PM,3:55:00 PM,4:47:53 PM,,4:47:53 PM,,,
9/5/2025 12:00:00 AM,Metro High School,1011,Brown K,MET02 PM,3:55:00 PM,4:16:35 PM,,4:16:35 PM,,,
9/5/2025 12:00:00 AM,Metro High School,1012,Anderson C,MET03 PM,3:55:00 PM,4:21:40 PM,,4:21:40 PM,,,
9/5/2025 12:00:00 AM,Northgate High School,1020,Thomas D,NOR01 PM,3:55:00 PM,4:20:22 PM,,4:20:22 PM,,,
9/5/2025 12:00:00 AM,Northgate High School,1021,Moore A,NOR02 PM,3:55:00 PM,4:05:29 PM,,4:05:29 PM,,,
9/5/2025 12:00:00 AM,Northgate High School,1022,Thomas D,NOR03 PM,3:55:00 PM,4:34:46 PM,,4:34:46 PM,,,
9/8/2025 12:00:00 AM,Anderson Elementary,900,Moore A,AND01 PM,2:40:00 PM,2:53:36 PM,,2:53:36 PM,,,
9/8/2025 12:00:00 AM,Anderson Elementary,901,Anderson C,AND02 PM,2:40:00 PM,3:29:48 PM,,3:29:48 PM,,,
9/8/2025 12:00:00 AM,Anderson Elementary,902,Johnson T,AND03 PM,2:40:00 PM,2:59:00 PM,,2:59:00 PM,,,
9/8/2025 12:00:00 AM,Anderson Elementary,903,Brown K,AND04 PM,2:40:00 PM,2:52:09 PM,,2:52:09 PM,,,
9/8/2025 12:00:00 AM,Anderson Elementary,904,Taylor B,AND05 PM,2:40:00 PM,3:00:42 PM,,3:00:42 PM,,,
9/8/2025 12:00:00 AM,Bammel Elementary,910,Davis R,BAM01 PM,2:40:00 PM,2:54:52 PM,,2:54:52 PM,,,
9/8/2025 12:00:00 AM,Bammel Elementary,911,Moore A,BAM02 PM,2:40:00 PM,3:04:11 PM,,3:04:11 PM,,,
9/8/2025 12:00:00 AM,Bammel Elementary,912,Wilson J,BAM03 PM,2:40:00 PM,2:52:08 PM,,2:52:08 PM,,,
9/8/2025 12:00:00 AM,Bammel Elementary,913,Miller S,BAM04 PM,2:40:00 PM,2:57:43 PM,,2:57:43 PM,,,
9/8/2025 12:00:00 AM,Bammel Elementary,914,Moore A,BAM05 PM,2:40:00 PM,3:22:43 PM,,3:22:43 PM,,,
9/8/2025 12:00:00 AM,Cooper Elementary,920,Johnson T,COO01 PM,2:40:00 PM,3:06:25 PM,,3:06:25 PM,,,
9/8/2025 12:00:00 AM,Cooper Elementary,921,Moore A,COO02 PM,2:40:00 PM,3:00:45 PM,,3:00:45 PM,,,
9/8/2025 12:00:00 AM,Cooper Elementary,922,Williams M,COO03 PM,2:40:00 PM,3:07:37 PM,,3:07:37 PM,,,
9/8/2025 12:00:00 AM,Cooper Elementary,923,Thomas D,COO04 PM,2:40:00 PM,3:00:29 PM,,3:00:29 PM,,,
9/8/2025 12:00:00 AM,Cooper Elementary,924,Wilson J,COO05 PM,2:40:00 PM,2:54:22 PM,,2:54:22 PM,,,
9/8/2025 12:00:00 AM,Heritage Elementary,930,Miller S,HER01 PM,2:40:00 PM,2:52:11 PM,,2:52:11 PM,,,
9/8/2025 12:00:00 AM,Heritage Elementary,931,Brown K,HER02 PM,2:40:00 PM,3:08:52 PM,,3:08:52 PM,,,
9/8/2025 12:00:00 AM,Heritage Elementary,932,Williams M,HER03 PM,2:40:00 PM,3:08:05 PM,,3:08:05 PM,,,
9/8/2025 12:00:00 AM,Heritage Elementary,933,Moore A,HER04 PM,2:40:00 PM,3:14:50 PM,,3:14:50 PM,,,
9/8/2025 12:00:00 AM,Heritage Elementary,934,Thomas D,HER05 PM,2:40:00 PM,2:58:17 PM,,2:58:17 PM,,,
9/8/2025 12:00:00 AM,Jenkins Elementary,940,Anderson C,JEN01 PM,2:40:00 PM,2:51:01 PM,,2:51:01 PM,,,
9/8/2025 12:00:00 AM,Jenkins Elementary,941,Miller S,JEN02 PM,2:40:00 PM,2:52:04 PM,,2:52:04 PM,,,
9/8/2025 12:00:00 AM,Jenkins Elementary,942,Taylor B,JEN03 PM,2:40:00 PM,3:11:21 PM,,3:11:21 PM,,,
9/8/2025 12:00:00 AM,Jenkins Elementary,943,Taylor B,JEN04 PM,2:40:00 PM,2:57:02 PM,,2:57:02 PM,,,
9/8/2025 12:00:00 AM,Jenkins Elementary,944,Taylor B,JEN05 PM,2:40:00 PM,2:55:28 PM,,2:55:28 PM,,,
9/8/2025 12:00:00 AM,Lewis Elementary,950,Thomas D,LEW01 PM,2:40:00 PM,2:54:35 PM,,2:54:35 PM,,,
9/8/2025 12:00:00 AM,Lewis Elementary,951,Anderson C,LEW02 PM,2:40:00 PM,2:48:36 PM,,2:48:36 PM,,,
9/8/2025 12:00:00 AM,Lewis Elementary,952,Moore A,LEW03 PM,2:40:00 PM,2:56:40 PM,,2:56:40 PM,,,
9/8/2025 12:00:00 AM,Lewis Elementary,953,Anderson C,LEW04 PM,2:40:00 PM,2:59:10 PM,,2:59:10 PM,,,
9/8/2025 12:00:00 AM,Lewis Elementary,954,Miller S,LEW05 PM,2:40:00 PM,3:23:37 PM,,3:23:37 PM,,,
9/8/2025 12:00:00 AM,Marshall Elementary,960,Davis R,MAR01 PM,2:40:00 PM,3:30:36 PM,,3:30:36 PM,,,
9/8/2025 12:00:00 AM,Marshall Elementary,961,Thomas D,MAR02 PM,2:40:00 PM,3:04:56 PM,,3:04:56 PM,,,
9/8/2025 12:00:00 AM,Marshall Elementary,962,Anderson C,MAR03 PM,2:40:00 PM,3:16:30 PM,,3:16:30 PM,,,
9/8/2025 12:00:00 AM,Marshall Elementary,963,Brown K,MAR04 PM,2:40:00 PM,2:59:15 PM,,2:59:15 PM,,,
9/8/2025 12:00:00 AM,Marshall Elementary,964,Williams M,MAR05 PM,2:40:00 PM,2:47:00 PM,,2:47:00 PM,,,
9/8/2025 12:00:00 AM,Reynolds Elementary,970,Anderson C,REY01 PM,2:40:00 PM,3:28:07 PM,,3:28:07 PM,,,
9/8/2025 12:00:00 AM,Reynolds Elementary,971,Anderson C,REY02 PM,2:40:00 PM,,,3:09:45 PM,,,
9/8/2025 12:00:00 AM,Reynolds Elementary,972,Anderson C,REY03 PM,2:40:00 PM,3:03:48 PM,,3:03:48 PM,,,
9/8/2025 12:00:00 AM,Reynolds Elementary,973,Moore A,REY04 PM,2:40:00 PM,2:55:41 PM,,2:55:41 PM,,,
9/8/2025 12:00:00 AM,Reynolds Elementary,974,Taylor B,REY05 PM,2:40:00 PM,3:07:16 PM,,3:07:16 PM,,,
9/8/2025 12:00:00 AM,Westfield Middle School,980,Brown K,WES01 PM,3:10:00 PM,3:24:19 PM,,3:24:19 PM,,,
9/8/2025 12:00:00 AM,Westfield Middle School,981,Miller S,WES02 PM,3:10:00 PM,3:27:16 PM,,3:27:16 PM,,,
9/8/2025 12:00:00 AM,Westfield Middle School,982,Davis R,WES03 PM,3:10:00 PM,3:31:25 PM,,3:31:25 PM,,,
9/8/2025 12:00:00 AM,Westfield Middle School,983,Brown K,WES04 PM,3:10:00 PM,4:01:10 PM,,4:01:10 PM,,,
9/8/2025 12:00:00 AM,Lakewood Middle School,990,Taylor B,LAK01 PM,3:10:00 PM,3:22:09 PM,,3:22:09 PM,,,
9/8/2025 12:00:00 AM,Lakewood Middle School,991,Davis R,LAK02 PM,3:10:00 PM,3:31:57 PM,,3:31:57 PM,,,
9/8/2025 12:00:00 AM,Lakewood Middle School,992,Johnson T,LAK03 PM,3:10:00 PM,4:08:47 PM,,4:08:47 PM,,,
9/8/2025 12:00:00 AM,Lakewood Middle School,993,Johnson T,LAK04 PM,3:10:00 PM,4:08:15 PM,,4:08:15 PM,,,
9/8/2025 12:00:00 AM,Riverside Middle School,1000,Johnson T,RIV01 PM,3:10:00 PM,3:17:57 PM,,3:17:57 PM,,,
9/8/2025 12:00:00 AM,Riverside Middle School,1001,Johnson T,RIV02 PM,3:10:00 PM,3:16:20 PM,,3:16:20 PM,,,
9/8/2025 12:00:00 AM,Riverside Middle School,1002,Taylor B,RIV03 PM,3:10:00 PM,3:30:19 PM,,3:30:19 PM,,,
9/8/2025 12:00:00 AM,Riverside Middle School,1003,Williams M,RIV04 PM,3:10:00 PM,3:29:00 PM,,3:29:00 PM,,,
9/8/2025 12:00:00 AM,Metro High School,1010,Miller S,MET01 PM,3:55:00 PM,4:35:16 PM,,4:35:16 PM,,,
9/8/2025 12:00:00 AM,Metro High School,1011,Miller S,MET02 PM,3:55:00 PM,4:41:00 PM,,4:41:00 PM,,,
9/8/2025 12:00:00 AM,Metro High School,1012,Taylor B,MET03 PM,3:55:00 PM,4:40:21 PM,,4:40:21 PM,,,
9/8/2025 12:00:00 AM,Northgate High School,1020,Brown K,NOR01 PM,3:55:00 PM,4:16:30 PM,,4:16:30 PM,,,
9/8/2025 12:00:00 AM,Northgate High School,1021,Thomas D,NOR02 PM,3:55:00 PM,4:05:39 PM,,4:05:39 PM,,,
9/8/2025 12:00:00 AM,Northgate High School,1022,Taylor B,NOR03 PM,3:55:00 PM,4:09:23 PM,,4:09:23 PM,,,
9/9/2025 12:00:00 AM,Anderson Elementary,900,Wilson J,AND01 PM,2:40:00 PM,3:11:48 PM,,3:11:48 PM,,,
9/9/2025 12:00:00 AM,Anderson Elementary,901,Wilson J,AND02 PM,2:40:00 PM,2:51:42 PM,,2:51:42 PM,,,
9/9/2025 12:00:00 AM,Anderson Elementary,902,Wilson J,AND03 PM,2:40:00 PM,2:51:39 PM,,2:51:39 PM,,,
9/9/2025 12:00:00 AM,Anderson Elementary,903,Williams M,AND04 PM,2:40:00 PM,3:12:49 PM,,3:12:49 PM,,,
9/9/2025 12:00:00 AM,Anderson Elementary,904,Miller S,AND05 PM,2:40:00 PM,3:02:23 PM,,3:02:23 PM,,,
9/9/2025 12:00:00 AM,Bammel Elementary,910,Taylor B,BAM01 PM,2:40:00 PM,2:49:37 PM,,2:49:37 PM,,,
9/9/2025 12:00:00 AM,Bammel Elementary,911,Williams M,BAM02 PM,2:40:00 PM,,,2:52:55 PM,,,
9/9/2025 12:00:00 AM,Bammel Elementary,912,Wilson J,BAM03 PM,2:40:00 PM,2:52:29 PM,,2:52:29 PM,,,
9/9/2025 12:00:00 AM,Bammel Elementary,913,Miller S,BAM04 PM,2:40:00 PM,3:00:51 PM,,3:00:51 PM,,,
9/9/2025 12:00:00 AM,Bammel Elementary,914,Anderson C,BAM05 PM,2:40:00 PM,3:36:34 PM,,3:36:34 PM,,,
9/9/2025 12:00:00 AM,Cooper Elementary,920,Williams M,COO01 PM,2:40:00 PM,3:01:54 PM,,3:01:54 PM,,,
9/9/2025 12:00:00 AM,Cooper Elementary,921,Taylor B,COO02 PM,2:40:00 PM,2:59:56 PM,,2:59:56 PM,,,
9/9/2025 12:00:00 AM,Cooper Elementary,922,Wilson J,COO03 PM,2:40:00 PM,,,3:00:18 PM,,,
9/9/2025 12:00:00 AM,Cooper Elementary,923,Johnson T,COO04 PM,2:40:00 PM,2:52:37 PM,,2:52:37 PM,,,
9/9/2025 12:00:00 AM,Cooper Elementary,924,Taylor B,COO05 PM,2:40:00 PM,3:38:36 PM,,3:38:36 PM,,,
9/9/2025 12:00:00 AM,Heritage Elementary,930,Miller S,HER01 PM,2:40:00 PM,2:56:04 PM,,2:56:04 PM,,,
9/9/2025 12:00:00 AM,Heritage Elementary,931,Davis R,HER02 PM,2:40:00 PM,3:17:49 PM,,3:17:49 PM,,,
9/9/2025 12:00:00 AM,Heritage Elementary,932,Taylor B,HER03 PM,2:40:00 PM,2:59:25 PM,,2:59:25 PM,,,
9/9/2025 12:00:00 AM,Heritage Elementary,933,Williams M,HER04 PM,2:40:00 PM,2:51:07 PM,,2:51:07 PM,,,
9/9/2025 12:00:00 AM,Heritage Elementary,934,Wilson J,HER05 PM,2:40:00 PM,,,2:49:51 PM,,,
9/9/2025 12:00:00 AM,Jenkins Elementary,940,Moore A,JEN01 PM,2:40:00 PM,3:05:19 PM,,3:05:19 PM,,,
9/9/2025 12:00:00 AM,Jenkins Elementary,941,Moore A,JEN02 PM,2:40:00 PM,2:52:11 PM,,2:52:11 PM,,,
9/9/2025 12:00:00 AM,Jenkins Elementary,942,Brown K,JEN03 PM,2:40:00 PM,3:08:42 PM,,3:08:42 PM,,,
9/9/2025 12:00:00 AM,Jenkins Elementary,943,Brown K,JEN04 PM,2:40:00 PM,3:32:11 PM,,3:32:11 PM,,,
9/9/2025 12:00:00 AM,Jenkins Elementary,944,Brown K,JEN05 PM,2:40:00 PM,,,3:28:21 PM,,,
9/9/2025 12:00:00 AM,Lewis Elementary,950,Johnson T,LEW01 PM,2:40:00 PM,3:04:46 PM,,3:04:46 PM,,,
9/9/2025 12:00:00 AM,Lewis Elementary,951,Johnson T,LEW02 PM,2:40:00 PM,3:25:26 PM,,3:25:26 PM,,,
9/9/2025 12:00:00 AM,Lewis Elementary,952,Brown K,LEW03 PM,2:40:00 PM,3:19:08 PM,,3:19:08 PM,,,
9/9/2025 12:00:00 AM,Lewis Elementary,953,Thomas D,LEW04 PM,2:40:00 PM,3:01:08 PM,,3:01:08 PM,,,
9/9/2025 12:00:00 AM,Lewis Elementary,954,Williams M,LEW05 PM,2:40:00 PM,2:50:46 PM,,2:50:46 PM,,,
9/9/2025 12:00:00 AM,Marshall Elementary,960,Taylor B,MAR01 PM,2:40:00 PM,3:21:27 PM,,3:21:27 PM,,,
9/9/2025 12:00:00 AM,Marshall Elementary,961,Johnson T,MAR02 PM,2:40:00 PM,3:05:02 PM,,3:05:02 PM,,,
9/9/2025 12:00:00 AM,Marshall Elementary,962,Moore A,MAR03 PM,2:40:00 PM,3:03:25 PM,,3:03:25 PM,,,
9/9/2025 12:00:00 AM,Marshall Elementary,963,Thomas D,MAR04 PM,2:40:00 PM,2:50:16 PM,,2:50:16 PM,,,
9/9/2025 12:00:00 AM,Marshall Elementary,964,Anderson C,MAR05 PM,2:40:00 PM,2:56:27 PM,,2:56:27 PM,,,
9/9/2025 12:00:00 AM,Reynolds Elementary,970,Williams M,REY01 PM,2:40:00 PM,2:56:19 PM,,2:56:19 PM,,,
9/9/2025 12:00:00 AM,Reynolds Elementary,971,Anderson C,REY02 PM,2:40:00 PM,3:08:47 PM,,3:08:47 PM,,,
9/9/2025 12:00:00 AM,Reynolds Elementary,972,Brown K,REY03 PM,2:40:00 PM,3:07:33 PM,,3:07:33 PM,,,
9/9/2025 12:00:00 AM,Reynolds Elementary,973,Brown K,REY04 PM,2:40:00 PM,3:30:27 PM,,3:30:27 PM,,,
9/9/2025 12:00:00 AM,Reynolds Elementary,974,Moore A,REY05 PM,2:40:00 PM,2:54:00 PM,,2:54:00 PM,,,
9/9/2025 12:00:00 AM,Westfield Middle School,980,Miller S,WES01 PM,3:10:00 PM,3:19:30 PM,,3:19:30 PM,,,
9/9/2025 12:00:00 AM,Westfield Middle School,981,Brown K,WES02 PM,3:10:00 PM,3:23:08 PM,,3:23:08 PM,,,
9/9/2025 12:00:00 AM,Westfield Middle School,982,Thomas D,WES03 PM,3:10:00 PM,3:35:07 PM,,3:35:07 PM,,,
9/9/2025 12:00:00 AM,Westfield Middle School,983,Thomas D,WES04 PM,3:10:00 PM,3:19:04 PM,,3:19:04 PM,,,
9/9/2025 12:00:00 AM,Lakewood Middle School,990,Miller S,LAK01 PM,3:10:00 PM,3:28:37 PM,,3:28:37 PM,,,
9/9/2025 12:00:00 AM,Lakewood Middle School,991,Miller S,LAK02 PM,3:10:00 PM,3:48:55 PM,,3:48:55 PM,,,
9/9/2025 12:00:00 AM,Lakewood Middle School,992,Moore A,LAK03 PM,3:10:00 PM,3:23:57 PM,,3:23:57 PM,,,
9/9/2025 12:00:00 AM,Lakewood Middle School,993,Moore A,LAK04 PM,3:10:00 PM,3:48:37 PM,,3:48:37 PM,,,
9/9/2025 12:00:00 AM,Riverside Middle School,1000,Miller S,RIV01 PM,3:10:00 PM,3:36:24 PM,,3:36:24 PM,,,
9/9/2025 12:00:00 AM,Riverside Middle School,1001,Williams M,RIV02 PM,3:10:00 PM,3:34:26 PM,,3:34:26 PM,,,
9/9/2025 12:00:00 AM,Riverside Middle School,1002,Taylor B,RIV03 PM,3:10:00 PM,3:38:49 PM,,3:38:49 PM,,,
9/9/2025 12:00:00 AM,Riverside Middle School,1003,Thomas D,RIV04 PM,3:10:00 PM,3:29:54 PM,,3:29:54 PM,,,
9/9/2025 12:00:00 AM,Metro High School,1010,Wilson J,MET01 PM,3:55:00 PM,4:20:16 PM,,4:20:16 PM,,,
9/9/2025 12:00:00 AM,Metro High School,1011,Anderson C,MET02 PM,3:55:00 PM,4:05:54 PM,,4:05:54 PM,,,
9/9/2025 12:00:00 AM,Metro High School,1012,Wilson J,MET03 PM,3:55:00 PM,4:20:25 PM,,4:20:25 PM,,,
9/9/2025 12:00:00 AM,Northgate High School,1020,Brown K,NOR01 PM,3:55:00 PM,4:14:57 PM,,4:14:57 PM,,,
9/9/2025 12:00:00 AM,Northgate High School,1021,Wilson J,NOR02 PM,3:55:00 PM,4:09:48 PM,,4:09:48 PM,,,
9/9/2025 12:00:00 AM,Northgate High School,1022,Thomas D,NOR03 PM,3:55:00 PM,4:38:54 PM,,4:38:54 PM,,,
9/10/2025 12:00:00 AM,Anderson Elementary,900,Wilson J,AND01 PM,2:40:00 PM,2:47:20 PM,,2:47:20 PM,,,
9/10/2025 12:00:00 AM,Anderson Elementary,901,Johnson T,AND02 PM,2:40:00 PM,3:07:14 PM,,3:07:14 PM,,,
9/10/2025 12:00:00 AM,Anderson Elementary,902,Davis R,AND03 PM,2:40:00 PM,3:24:35 PM,,3:24:35 PM,,,
9/10/2025 12:00:00 AM,Anderson Elementary,903,Moore A,AND04 PM,2:40:00 PM,3:23:47 PM,,3:23:47 PM,,,
9/10/2025 12:00:00 AM,Anderson Elementary,904,Miller S,AND05 PM,2:40:00 PM,2:47:44 PM,,2:47:44 PM,,,
9/10/2025 12:00:00 AM,Bammel Elementary,910,Anderson C,BAM01 PM,2:40:00 PM,2:55:06 PM,,2:55:06 PM,,,
9/10/2025 12:00:00 AM,Bammel Elementary,911,Wilson J,BAM02 PM,2:40:00 PM,2:46:29 PM,,2:46:29 PM,,,
9/10/2025 12:00:00 AM,Bammel Elementary,912,Moore A,BAM03 PM,2:40:00 PM,2:56:30 PM,,2:56:30 PM,,,
9/10/2025 12:00:00 AM,Bammel Elementary,913,Wilson J,BAM04 PM,2:40:00 PM,2:58:45 PM,,2:58:45 PM,,,
9/10/2025 12:00:00 AM,Bammel Elementary,914,Davis R,BAM05 PM,2:40:00 PM,3:01:26 PM,,3:01:26 PM,,,
9/10/2025 12:00:00 AM,Cooper Elementary,920,Thomas D,COO01 PM,2:40:00 PM,2:47:39 PM,,2:47:39 PM,,,
9/10/2025 12:00:00 AM,Cooper Elementary,921,Brown K,COO02 PM,2:40:00 PM,3:05:59 PM,,3:05:59 PM,,,
9/10/2025 12:00:00 AM,Cooper Elementary,922,Williams M,COO03 PM,2:40:00 PM,3:07:30 PM,,3:07:30 PM,,,
9/10/2025 12:00:00 AM,Cooper Elementary,923,Williams M,COO04 PM,2:40:00 PM,2:53:25 PM,,2:53:25 PM,,,
9/10/2025 12:00:00 AM,Cooper Elementary,924,Williams M,COO05 PM,2:40:00 PM,3:12:43 PM,,3:12:43 PM,,,
9/10/2025 12:00:00 AM,Heritage Elementary,930,Anderson C,HER01 PM,2:40:00 PM,2:47:11 PM,,2:47:11 PM,,,
9/10/2025 12:00:00 AM,Heritage Elementary,931,Brown K,HER02 PM,2:40:00 PM,2:50:57 PM,,2:50:57 PM,,,
9/10/2025 12:00:00 AM,Heritage Elementary,932,Brown K,HER03 PM,2:40:00 PM,3:14:51 PM,,3:14:51 PM,,,
9/10/2025 12:00:00 AM,Heritage Elementary,933,Wilson J,HER04 PM,2:40:00 PM,2:49:39 PM,,2:49:39 PM,,,
9/10/2025 12:00:00 AM,Heritage Elementary,934,Anderson C,HER05 PM,2:40:00 PM,2:49:15 PM,,2:49:15 PM,,,
9/10/2025 12:00:00 AM,Jenkins Elementary,940,Moore A,JEN01 PM,2:40:00 PM,3:32:45 PM,,3:32:45 PM,,,
9/10/2025 12:00:00 AM,Jenkins Elementary,941,Anderson C,JEN02 PM,2:40:00 PM,3:01:25 PM,,3:01:25 PM,,,
9/10/2025 12:00:00 AM,Jenkins Elementary,942,Wilson J,JEN03 PM,2:40:00 PM,,,2:45:20 PM,,,
9/10/2025 12:00:00 AM,Jenkins Elementary,943,Anderson C,JEN04 PM,2:40:00 PM,2:46:33 PM,,2:46:33 PM,,,
9/10/2025 12:00:00 AM,Jenkins Elementary,944,Miller S,JEN05 PM,2:40:00 PM,,,2:46:24 PM,,,
9/10/2025 12:00:00 AM,Lewis Elementary,950,Davis R,LEW01 PM,2:40:00 PM,2:50:32 PM,,2:50:32 PM,,,
9/10/2025 12:00:00 AM,Lewis Elementary,951,Davis R,LEW02 PM,2:40:00 PM,3:00:13 PM,,3:00:13 PM,,,
9/10/2025 12:00:00 AM,Lewis Elementary,952,Johnson T,LEW03 PM,2:40:00 PM,3:32:52 PM,,3:32:52 PM,,,
9/10/2025 12:00:00 AM,Lewis Elementary,953,Moore A,LEW04 PM,2:40:00 PM,2:52:39 PM,,2:52:39 PM,,,
9/10/2025 12:00:00 AM,Lewis Elementary,954,Thomas D,LEW05 PM,2:40:00 PM,2:58:52 PM,,2:58:52 PM,,,
9/10/2025 12:00:00 AM,Marshall Elementary,960,Davis R,MAR01 PM,2:40:00 PM,2:59:08 PM,,2:59:08 PM,,,
9/10/2025 12:00:00 AM,Marshall Elementary,961,Williams M,MAR02 PM,2:40:00 PM,3:19:43 PM,,3:19:43 PM,,,
9/10/2025 12:00:00 AM,Marshall Elementary,962,Anderson C,MAR03 PM,2:40:00 PM,3:39:12 PM,,3:39:12 PM,,,
9/10/2025 12:00:00 AM,Marshall Elementary,963,Taylor B,MAR04 PM,2:40:00 PM,2:57:11 PM,,2:57:11 PM,,,
9/10/2025 12:00:00 AM,Marshall Elementary,964,Moore A,MAR05 PM,2:40:00 PM,3:01:49 PM,,3:01:49 PM,,,
9/10/2025 12:00:00 AM,Reynolds Elementary,970,Wilson J,REY01 PM,2:40:00 PM,2:59:12 PM,,2:59:12 PM,,,
9/10/2025 12:00:00 AM,Reynolds Elementary,971,Moore A,REY02 PM,2:40:00 PM,3:06:46 PM,,3:06:46 PM,,,
9/10/2025 12:00:00 AM,Reynolds Elementary,972,Davis R,REY03 PM,2:40:00 PM,3:06:04 PM,,3:06:04 PM,,,
9/10/2025 12:00:00 AM,Reynolds Elementary,973,Thomas D,REY04 PM,2:40:00 PM,2:57:00 PM,,2:57:00 PM,,,
9/10/2025 12:00:00 AM,Reynolds Elementary,974,Thomas D,REY05 PM,2:40:00 PM,3:05:52 PM,,3:05:52 PM,,,
9/10/2025 12:00:00 AM,Westfield Middle School,980,Moore A,WES01 PM,3:10:00 PM,3:23:22 PM,,3:23:22 PM,,,
9/10/2025 12:00:00 AM,Westfield Middle School,981,Brown K,WES02 PM,3:10:00 PM,4:09:10 PM,,4:09:10 PM,,,
9/10/2025 12:00:00 AM,Westfield Middle School,982,Miller S,WES03 PM,3:10:00 PM,3:27:08 PM,,3:27:08 PM,,,
9/10/2025 12:00:00 AM,Westfield Middle School,983,Moore A,WES04 PM,3:10:00 PM,3:25:20 PM,,3:25:20 PM,,,
9/10/2025 12:00:00 AM,Lakewood Middle School,990,Anderson C,LAK01 PM,3:10:00 PM,3:34:23 PM,,3:34:23 PM,,,
9/10/2025 12:00:00 AM,Lakewood Middle School,991,Moore A,LAK02 PM,3:10:00 PM,3:29:19 PM,,3:29:19 PM,,,
9/10/2025 12:00:00 AM,Lakewood Middle School,992,Johnson T,LAK03 PM,3:10:00 PM,,,3:19:24 PM,,,
9/10/2025 12:00:00 AM,Lakewood Middle School,993,Thomas D,LAK04 PM,3:10:00 PM,3:21:09 PM,,3:21:09 PM,,,
9/10/2025 12:00:00 AM,Riverside Middle School,1000,Brown K,RIV01 PM,3:10:00 PM,3:16:43 PM,,3:16:43 PM,,,
9/10/2025 12:00:00 AM,Riverside Middle School,1001,Johnson T,RIV02 PM,3:10:00 PM,3:47:47 PM,,3:47:47 PM,,,
9/10/2025 12:00:00 AM,Riverside Middle School,1002,Williams M,RIV03 PM,3:10:00 PM,3:20:18 PM,,3:20:18 PM,,,
9/10/2025 12:00:00 AM,Riverside Middle School,1003,Brown K,RIV04 PM,3:10:00 PM,3:35:30 PM,,3:35:30 PM,,,
9/10/2025 12:00:00 AM,Metro High School,1010,Davis R,MET01 PM,3:55:00 PM,4:12:30 PM,,4:12:30 PM,,,
9/10/2025 12:00:00 AM,Metro High School,1011,Johnson T,MET02 PM,3:55:00 PM,4:00:31 PM,,4:00:31 PM,,,
9/10/2025 12:00:00 AM,Metro High School,1012,Wilson J,MET03 PM,3:55:00 PM,4:12:58 PM,,4:12:58 PM,,,
9/10/2025 12:00:00 AM,Northgate High School,1020,Wilson J,NOR01 PM,3:55:00 PM,4:18:26 PM,,4:18:26 PM,,,
9/10/2025 12:00:00 AM,Northgate High School,1021,Miller S,NOR02 PM,3:55:00 PM,4:05:03 PM,,4:05:03 PM,,,
9/10/2025 12:00:00 AM,Northgate High School,1022,Taylor B,NOR03 PM,3:55:00 PM,4:17:02 PM,,4:17:02 PM,,,
9/11/2025 12:00:00 AM,Anderson Elementary,900,Thomas D,AND01 PM,2:40:00 PM,3:06:17 PM,,3:06:17 PM,,,
9/11/2025 12:00:00 AM,Anderson Elementary,901,Anderson C,AND02 PM,2:40:00 PM,3:02:12 PM,,3:02:12 PM,,,
9/11/2025 12:00:00 AM,Anderson Elementary,902,Taylor B,AND03 PM,2:40:00 PM,2:48:01 PM,,2:48:01 PM,,,
9/11/2025 12:00:00 AM,Anderson Elementary,903,Williams M,AND04 PM,2:40:00 PM,2:47:00 PM,,2:47:00 PM,,,
9/11/2025 12:00:00 AM,Anderson Elementary,904,Thomas D,AND05 PM,2:40:00 PM,3:36:42 PM,,3:36:42 PM,,,
9/11/2025 12:00:00 AM,Bammel Elementary,910,Brown K,BAM01 PM,2:40:00 PM,3:06:14 PM,,3:06:14 PM,,,
9/11/2025 12:00:00 AM,Bammel Elementary,911,Wilson J,BAM02 PM,2:40:00 PM,3:00:18 PM,,3:00:18 PM,,,
9/11/2025 12:00:00 AM,Bammel Elementary,912,Johnson T,BAM03 PM,2:40:00 PM,3:02:36 PM,,3:02:36 PM,,,
9/11/2025 12:00:00 AM,Bammel Elementary,913,Williams M,BAM04 PM,2:40:00 PM,3:03:18 PM,,3:03:18 PM,,,
9/11/2025 12:00:00 AM,Bammel Elementary,914,Miller S,BAM05 PM,2:40:00 PM,3:06:16 PM,,3:06:16 PM,,,
9/11/2025 12:00:00 AM,Cooper Elementary,920,Johnson T,COO01 PM,2:40:00 PM,2:47:43 PM,,2:47:43 PM,,,
9/11/2025 12:00:00 AM,Cooper Elementary,921,Williams M,COO02 PM,2:40:00 PM,2:55:28 PM,,2:55:28 PM,,,
9/11/2025 12:00:00 AM,Cooper Elementary,922,Taylor B,COO03 PM,2:40:00 PM,2:46:44 PM,,2:46:44 PM,,,
9/11/2025 12:00:00 AM,Cooper Elementary,923,Taylor B,COO04 PM,2:40:00 PM,3:08:48 PM,,3:08:48 PM,,,
9/11/2025 12:00:00 AM,Cooper Elementary,924,Brown K,COO05 PM,2:40:00 PM,3:06:57 PM,,3:06:57 PM,,,
9/11/2025 12:00:00 AM,Heritage Elementary,930,Davis R,HER01 PM,2:40:00 PM,2:57:10 PM,,2:57:10 PM,,,
9/11/2025 12:00:00 AM,Heritage Elementary,931,Davis R,HER02 PM,2:40:00 PM,3:06:03 PM,,3:06:03 PM,,,
9/11/2025 12:00:00 AM,Heritage Elementary,932,Wilson J,HER03 PM,2:40:00 PM,,,3:24:40 PM,,,
9/11/2025 12:00:00 AM,Heritage Elementary,933,Brown K,HER04 PM,2:40:00 PM,3:01:18 PM,,3:01:18 PM,,,
9/11/2025 12:00:00 AM,Heritage Elementary,934,Brown K,HER05 PM,2:40:00 PM,2:55:44 PM,,2:55:44 PM,,,
9/11/2025 12:00:00 AM,Jenkins Elementary,940,Taylor B,JEN01 PM,2:40:00 PM,2:49:20 PM,,2:49:20 PM,,,
9/11/2025 12:00:00 AM,Jenkins Elementary,941,Davis R,JEN02 PM,2:40:00 PM,2:45:20 PM,,2:45:20 PM,,,
9/11/2025 12:00:00 AM,Jenkins Elementary,942,Brown K,JEN03 PM,2:40:00 PM,3:34:17 PM,,3:34:17 PM,,,
9/11/2025 12:00:00 AM,Jenkins Elementary,943,Davis R,JEN04 PM,2:40:00 PM,3:05:00 PM,,3:05:00 PM,,,
9/11/2025 12:00:00 AM,Jenkins Elementary,944,Anderson C,JEN05 PM,2:40:00 PM,3:17:52 PM,,3:17:52 PM,,,
9/11/2025 12:00:00 AM,Lewis Elementary,950,Thomas D,LEW01 PM,2:40:00 PM,2:54:15 PM,,2:54:15 PM,,,
9/11/2025 12:00:00 AM,Lewis Elementary,951,Johnson T,LEW02 PM,2:40:00 PM,2:58:05 PM,,2:58:05 PM,,,
9/11/2025 12:00:00 AM,Lewis Elementary,952,Moore A,LEW03 PM,2:40:00 PM,2:53:12 PM,,2:53:12 PM,,,
9/11/2025 12:00:00 AM,Lewis Elementary,953,Brown K,LEW04 PM,2:40:00 PM,2:49:20 PM,,2:49:20 PM,,,
9/11/2025 12:00:00 AM,Lewis Elementary,954,Johnson T,LEW05 PM,2:40:00 PM,2:46:41 PM,,2:46:41 PM,,,
9/11/2025 12:00:00 AM,Marshall Elementary,960,Thomas D,MAR01 PM,2:40:00 PM,2:47:08 PM,,2:47:08 PM,,,
9/11/2025 12:00:00 AM,Marshall Elementary,961,Davis R,MAR02 PM,2:40:00 PM,3:00:25 PM,,3:00:25 PM,,,
9/11/2025 12:00:00 AM,Marshall Elementary,962,Moore A,MAR03 PM,2:40:00 PM,2:53:14 PM,,2:53:14 PM,,,
9/11/2025 12:00:00 AM,Marshall Elementary,963,Johnson T,MAR04 PM,2:40:00 PM,2:49:55 PM,,2:49:55 PM,,,
9/11/2025 12:00:00 AM,Marshall Elementary,964,Moore A,MAR05 PM,2:40:00 PM,3:07:44 PM,,3:07:44 PM,,,
9/11/2025 12:00:00 AM,Reynolds Elementary,970,Davis R,REY01 PM,2:40:00 PM,3:03:56 PM,,3:03:56 PM,,,
9/11/2025 12:00:00 AM,Reynolds Elementary,971,Davis R,REY02 PM,2:40:00 PM,2:56:32 PM,,2:56:32 PM,,,
9/11/2025 12:00:00 AM,Reynolds Elementary,972,Thomas D,REY03 PM,2:40:00 PM,2:59:01 PM,,2:59:01 PM,,,
9/11/2025 12:00:00 AM,Reynolds Elementary,973,Moore A,REY04 PM,2:40:00 PM,3:17:12 PM,,3:17:12 PM,,,
9/11/2025 12:00:00 AM,Reynolds Elementary,974,Davis R,REY05 PM,2:40:00 PM,3:03:56 PM,,3:03:56 PM,,,
9/11/2025 12:00:00 AM,Westfield Middle School,980,Anderson C,WES01 PM,3:10:00 PM,3:38:24 PM,,3:38:24 PM,,,
9/11/2025 12:00:00 AM,Westfield Middle School,981,Thomas D,WES02 PM,3:10:00 PM,4:08:15 PM,,4:08:15 PM,,,
9/11/2025 12:00:00 AM,Westfield Middle School,982,Johnson T,WES03 PM,3:10:00 PM,3:29:24 PM,,3:29:24 PM,,,
9/11/2025 12:00:00 AM,Westfield Middle School,983,Johnson T,WES04 PM,3:10:00 PM,3:35:01 PM,,3:35:01 PM,,,
9/11/2025 12:00:00 AM,Lakewood Middle School,990,Williams M,LAK01 PM,3:10:00 PM,4:04:43 PM,,4:04:43 PM,,,
9/11/2025 12:00:00 AM,Lakewood Middle School,991,Johnson T,LAK02 PM,3:10:00 PM,3:23:01 PM,,3:23:01 PM,,,
9/11/2025 12:00:00 AM,Lakewood Middle School,992,Brown K,LAK03 PM,3:10:00 PM,3:29:26 PM,,3:29:26 PM,,,
9/11/2025 12:00:00 AM,Lakewood Middle School,993,Johnson T,LAK04 PM,3:10:00 PM,3:41:42 PM,,3:41:42 PM,,,
9/11/2025 12:00:00 AM,Riverside Middle School,1000,Taylor B,RIV01 PM,3:10:00 PM,3:56:50 PM,,3:56:50 PM,,,
9/11/2025 12:00:00 AM,Riverside Middle School,1001,Wilson J,RIV02 PM,3:10:00 PM,3:26:46 PM,,3:26:46 PM,,,
9/11/2025 12:00:00 AM,Riverside Middle School,1002,Wilson J,RIV03 PM,3:10:00 PM,3:36:48 PM,,3:36:48 PM,,,
9/11/2025 12:00:00 AM,Riverside Middle School,1003,Wilson J,RIV04 PM,3:10:00 PM,4:01:29 PM,,4:01:29 PM,,,
9/11/2025 12:00:00 AM,Metro High School,1010,Brown K,MET01 PM,3:55:00 PM,4:20:53 PM,,4:20:53 PM,,,
9/11/2025 12:00:00 AM,Metro High School,1011,Davis R,MET02 PM,3:55:00 PM,4:16:06 PM,,4:16:06 PM,,,
9/11/2025 12:00:00 AM,Metro High School,1012,Anderson C,MET03 PM,3:55:00 PM,4:23:53 PM,,4:23:53 PM,,,
9/11/2025 12:00:00 AM,Northgate High School,1020,Moore A,NOR01 PM,3:55:00 PM,4:03:14 PM,,4:03:14 PM,,,
9/11/2025 12:00:00 AM,Northgate High School,1021,Davis R,NOR02 PM,3:55:00 PM,4:09:15 PM,,4:09:15 PM,,,
9/11/2025 12:00:00 AM,Northgate High School,1022,Davis R,NOR03 PM,3:55:00 PM,4:06:11 PM,,4:06:11 PM,,,
9/12/2025 12:00:00 AM,Anderson Elementary,900,Miller S,AND01 PM,2:40:00 PM,2:54:21 PM,,2:54:21 PM,,,
9/12/2025 12:00:00 AM,Anderson Elementary,901,Moore A,AND02 PM,2:40:00 PM,2:46:31 PM,,2:46:31 PM,,,
9/12/2025 12:00:00 AM,Anderson Elementary,902,Taylor B,AND03 PM,2:40:00 PM,3:04:56 PM,,3:04:56 PM,,,
9/12/2025 12:00:00 AM,Anderson Elementary,903,Moore A,AND04 PM,2:40:00 PM,2:47:15 PM,,2:47:15 PM,,,
9/12/2025 12:00:00 AM,Anderson Elementary,904,Moore A,AND05 PM,2:40:00 PM,3:07:54 PM,,3:07:54 PM,,,
9/12/2025 12:00:00 AM,Bammel Elementary,910,Williams M,BAM01 PM,2:40:00 PM,2:47:32 PM,,2:47:32 PM,,,
9/12/2025 12:00:00 AM,Bammel Elementary,911,Thomas D,BAM02 PM,2:40:00 PM,3:01:31 PM,,3:01:31 PM,,,
9/12/2025 12:00:00 AM,Bammel Elementary,912,Brown K,BAM03 PM,2:40:00 PM,3:00:31 PM,,3:00:31 PM,,,
9/12/2025 12:00:00 AM,Bammel Elementary,913,Brown K,BAM04 PM,2:40:00 PM,3:00:14 PM,,3:00:14 PM,,,
9/12/2025 12:00:00 AM,Bammel Elementary,914,Brown K,BAM05 PM,2:40:00 PM,3:24:01 PM,,3:24:01 PM,,,
9/12/2025 12:00:00 AM,Cooper Elementary,920,Anderson C,COO01 PM,2:40:00 PM,2:47:05 PM,,2:47:05 PM,,,
9/12/2025 12:00:00 AM,Cooper Elementary,921,Moore A,COO02 PM,2:40:00 PM,2:47:36 PM,,2:47:36 PM,,,
9/12/2025 12:00:00 AM,Cooper Elementary,922,Anderson C,COO03 PM,2:40:00 PM,3:02:02 PM,,3:02:02 PM,,,
9/12/2025 12:00:00 AM,Cooper Elementary,923,Brown K,COO04 PM,2:40:00 PM,3:01:42 PM,,3:01:42 PM,,,
9/12/2025 12:00:00 AM,Cooper Elementary,924,Miller S,COO05 PM,2:40:00 PM,3:06:30 PM,,3:06:30 PM,,,
9/12/2025 12:00:00 AM,Heritage Elementary,930,Brown K,HER01 PM,2:40:00 PM,3:01:09 PM,,3:01:09 PM,,,
9/12/2025 12:00:00 AM,Heritage Elementary,931,Anderson C,HER02 PM,2:40:00 PM,2:52:52 PM,,2:52:52 PM,,,
9/12/2025 12:00:00 AM,Heritage Elementary,932,Moore A,HER03 PM,2:40:00 PM,2:56:25 PM,,2:56:25 PM,,,
9/12/2025 12:00:00 AM,Heritage Elementary,933,Brown K,HER04 PM,2:40:00 PM,2:54:31 PM,,2:54:31 PM,,,
9/12/2025 12:00:00 AM,Heritage Elementary,934,Johnson T,HER05 PM,2:40:00 PM,2:56:17 PM,,2:56:17 PM,,,
9/12/2025 12:00:00 AM,Jenkins Elementary,940,Wilson J,JEN01 PM,2:40:00 PM,3:27:31 PM,,3:27:31 PM,,,
9/12/2025 12:00:00 AM,Jenkins Elementary,941,Anderson C,JEN02 PM,2:40:00 PM,2:47:44 PM,,2:47:44 PM,,,
9/12/2025 12:00:00 AM,Jenkins Elementary,942,Anderson C,JEN03 PM,2:40:00 PM,3:01:14 PM,,3:01:14 PM,,,
9/12/2025 12:00:00 AM,Jenkins Elementary,943,Davis R,JEN04 PM,2:40:00 PM,2:53:16 PM,,2:53:16 PM,,,
9/12/2025 12:00:00 AM,Jenkins Elementary,944,Thomas D,JEN05 PM,2:40:00 PM,2:56:45 PM,,2:56:45 PM,,,
9/12/2025 12:00:00 AM,Lewis Elementary,950,Taylor B,LEW01 PM,2:40:00 PM,3:04:50 PM,,3:04:50 PM,,,
9/12/2025 12:00:00 AM,Lewis Elementary,951,Taylor B,LEW02 PM,2:40:00 PM,2:49:16 PM,,2:49:16 PM,,,
9/12/2025 12:00:00 AM,Lewis Elementary,952,Moore A,LEW03 PM,2:40:00 PM,3:02:37 PM,,3:02:37 PM,,,
9/12/2025 12:00:00 AM,Lewis Elementary,953,Moore A,LEW04 PM,2:40:00 PM,2:58:24 PM,,2:58:24 PM,,,
9/12/2025 12:00:00 AM,Lewis Elementary,954,Williams M,LEW05 PM,2:40:00 PM,2:53:08 PM,,2:53:08 PM,,,
9/12/2025 12:00:00 AM,Marshall Elementary,960,Johnson T,MAR01 PM,2:40:00 PM,2:54:27 PM,,2:54:27 PM,,,
9/12/2025 12:00:00 AM,Marshall Elementary,961,Thomas D,MAR02 PM,2:40:00 PM,3:03:20 PM,,3:03:20 PM,,,
9/12/2025 12:00:00 AM,Marshall Elementary,962,Moore A,MAR03 PM,2:40:00 PM,2:53:51 PM,,2:53:51 PM,,,
9/12/2025 12:00:00 AM,Marshall Elementary,963,Moore A,MAR04 PM,2:40:00 PM,2:48:00 PM,,2:48:00 PM,,,
9/12/2025 12:00:00 AM,Marshall Elementary,964,Thomas D,MAR05 PM,2:40:00 PM,3:24:45 PM,,3:24:45 PM,,,
9/12/2025 12:00:00 AM,Reynolds Elementary,970,Moore A,REY01 PM,2:40:00 PM,3:26:27 PM,,3:26:27 PM,,,
9/12/2025 12:00:00 AM,Reynolds Elementary,971,Wilson J,REY02 PM,2:40:00 PM,2:49:45 PM,,2:49:45 PM,,,
9/12/2025 12:00:00 AM,Reynolds Elementary,972,Moore A,REY03 PM,2:40:00 PM,2:52:24 PM,,2:52:24 PM,,,
9/12/2025 12:00:00 AM,Reynolds Elementary,973,Thomas D,REY04 PM,2:40:00 PM,,,2:57:46 PM,,,
9/12/2025 12:00:00 AM,Reynolds Elementary,974,Taylor B,REY05 PM,2:40:00 PM,2:53:30 PM,,2:53:30 PM,,,
9/12/2025 12:00:00 AM,Westfield Middle School,980,Thomas D,WES01 PM,3:10:00 PM,3:22:05 PM,,3:22:05 PM,,,
9/12/2025 12:00:00 AM,Westfield Middle School,981,Thomas D,WES02 PM,3:10:00 PM,3:19:54 PM,,3:19:54 PM,,,
9/12/2025 12:00:00 AM,Westfield Middle School,982,Moore A,WES03 PM,3:10:00 PM,3:35:50 PM,,3:35:50 PM,,,
9/12/2025 12:00:00 AM,Westfield Middle School,983,Anderson C,WES04 PM,3:10:00 PM,4:00:45 PM,,4:00:45 PM,,,
9/12/2025 12:00:00 AM,Lakewood Middle School,990,Brown K,LAK01 PM,3:10:00 PM,3:20:15 PM,,3:20:15 PM,,,
9/12/2025 12:00:00 AM,Lakewood Middle School,991,Brown K,LAK02 PM,3:10:00 PM,3:19:10 PM,,3:19:10 PM,,,
9/12/2025 12:00:00 AM,Lakewood Middle School,992,Brown K,LAK03 PM,3:10:00 PM,3:20:45 PM,,3:20:45 PM,,,
9/12/2025 12:00:00 AM,Lakewood Middle School,993,Thomas D,LAK04 PM,3:10:00 PM,3:30:43 PM,,3:30:43 PM,,,
9/12/2025 12:00:00 AM,Riverside Middle School,1000,Moore A,RIV01 PM,3:10:00 PM,3:37:53 PM,,3:37:53 PM,,,
9/12/2025 12:00:00 AM,Riverside Middle School,1001,Moore A,RIV02 PM,3:10:00 PM,3:26:53 PM,,3:26:53 PM,,,
9/12/2025 12:00:00 AM,Riverside Middle School,1002,Moore A,RIV03 PM,3:10:00 PM,3:21:27 PM,,3:21:27 PM,,,
9/12/2025 12:00:00 AM,Riverside Middle School,1003,Thomas D,RIV04 PM,3:10:00 PM,3:22:57 PM,,3:22:57 PM,,,
9/12/2025 12:00:00 AM,Metro High School,1010,Taylor B,MET01 PM,3:55:00 PM,4:33:09 PM,,4:33:09 PM,,,
9/12/2025 12:00:00 AM,Metro High School,1011,Wilson J,MET02 PM,3:55:00 PM,4:11:52 PM,,4:11:52 PM,,,
9/12/2025 12:00:00 AM,Metro High School,1012,Taylor B,MET03 PM,3:55:00 PM,4:03:09 PM,,4:03:09 PM,,,
9/12/2025 12:00:00 AM,Northgate High School,1020,Johnson T,NOR01 PM,3:55:00 PM,4:19:29 PM,,4:19:29 PM,,,
9/12/2025 12:00:00 AM,Northgate High School,1021,Wilson J,NOR02 PM,3:55:00 PM,4:16:02 PM,,4:16:02 PM,,,
9/12/2025 12:00:00 AM,Northgate High School,1022,Thomas D,NOR03 PM,3:55:00 PM,4:23:46 PM,,4:23:46 PM,,,
9/15/2025 12:00:00 AM,Anderson Elementary,900,Davis R,AND01 PM,2:40:00 PM,2:49:12 PM,,2:49:12 PM,,,
9/15/2025 12:00:00 AM,Anderson Elementary,901,Brown K,AND02 PM,2:40:00 PM,,,3:17:50 PM,,,
9/15/2025 12:00:00 AM,Anderson Elementary,902,Williams M,AND03 PM,2:40:00 PM,2:55:39 PM,,2:55:39 PM,,,
9/15/2025 12:00:00 AM,Anderson Elementary,903,Taylor B,AND04 PM,2:40:00 PM,3:01:09 PM,,3:01:09 PM,,,
9/15/2025 12:00:00 AM,Anderson Elementary,904,Miller S,AND05 PM,2:40:00 PM,3:01:19 PM,,3:01:19 PM,,,
9/15/2025 12:00:00 AM,Bammel Elementary,910,Thomas D,BAM01 PM,2:40:00 PM,3:18:56 PM,,3:18:56 PM,,,
9/15/2025 12:00:00 AM,Bammel Elementary,911,Brown K,BAM02 PM,2:40:00 PM,3:03:21 PM,,3:03:21 PM,,,
9/15/2025 12:00:00 AM,Bammel Elementary,912,Thomas D,BAM03 PM,2:40:00 PM,2:58:09 PM,,2:58:09 PM,,,
9/15/2025 12:00:00 AM,Bammel Elementary,913,Wilson J,BAM04 PM,2:40:00 PM,3:29:13 PM,,3:29:13 PM,,,
9/15/2025 12:00:00 AM,Bammel Elementary,914,Davis R,BAM05 PM,2:40:00 PM,2:47:06 PM,,2:47:06 PM,,,
9/15/2025 12:00:00 AM,Cooper Elementary,920,Anderson C,COO01 PM,2:40:00 PM,2:50:02 PM,,2:50:02 PM,,,
9/15/2025 12:00:00 AM,Cooper Elementary,921,Wilson J,COO02 PM,2:40:00 PM,3:03:05 PM,,3:03:05 PM,,,
9/15/2025 12:00:00 AM,Cooper Elementary,922,Davis R,COO03 PM,2:40:00 PM,3:04:53 PM,,3:04:53 PM,,,
9/15/2025 12:00:00 AM,Cooper Elementary,923,Brown K,COO04 PM,2:40:00 PM,2:52:44 PM,,2:52:44 PM,,,
9/15/2025 12:00:00 AM,Cooper Elementary,924,Wilson J,COO05 PM,2:40:00 PM,3:07:52 PM,,3:07:52 PM,,,
9/15/2025 12:00:00 AM,Heritage Elementary,930,Miller S,HER01 PM,2:40:00 PM,3:03:56 PM,,3:03:56 PM,,,
9/15/2025 12:00:00 AM,Heritage Elementary,931,Brown K,HER02 PM,2:40:00 PM,3:00:27 PM,,3:00:27 PM,,,
9/15/2025 12:00:00 AM,Heritage Elementary,932,Thomas D,HER03 PM,2:40:00 PM,2:51:22 PM,,2:51:22 PM,,,
9/15/2025 12:00:00 AM,Heritage Elementary,933,Miller S,HER04 PM,2:40:00 PM,2:55:28 PM,,2:55:28 PM,,,
9/15/2025 12:00:00 AM,Heritage Elementary,934,Moore A,HER05 PM,2:40:00 PM,3:19:26 PM,,3:19:26 PM,,,
9/15/2025 12:00:00 AM,Jenkins Elementary,940,Johnson T,JEN01 PM,2:40:00 PM,,,2:48:40 PM,,,
9/15/2025 12:00:00 AM,Jenkins Elementary,941,Wilson J,JEN02 PM,2:40:00 PM,3:27:12 PM,,3:27:12 PM,,,
9/15/2025 12:00:00 AM,Jenkins Elementary,942,Anderson C,JEN03 PM,2:40:00 PM,3:17:27 PM,,3:17:27 PM,,,
9/15/2025 12:00:00 AM,Jenkins Elementary,943,Thomas D,JEN04 PM,2:40:00 PM,3:03:40 PM,,3:03:40 PM,,,
9/15/2025 12:00:00 AM,Jenkins Elementary,944,Moore A,JEN05 PM,2:40:00 PM,3:03:14 PM,,3:03:14 PM,,,
9/15/2025 12:00:00 AM,Lewis Elementary,950,Johnson T,LEW01 PM,2:40:00 PM,2:52:02 PM,,2:52:02 PM,,,
9/15/2025 12:00:00 AM,Lewis Elementary,951,Moore A,LEW02 PM,2:40:00 PM,,,3:02:49 PM,,,
9/15/2025 12:00:00 AM,Lewis Elementary,952,Thomas D,LEW03 PM,2:40:00 PM,2:52:59 PM,,2:52:59 PM,,,
9/15/2025 12:00:00 AM,Lewis Elementary,953,Wilson J,LEW04 PM,2:40:00 PM,,,2:51:59 PM,,,
9/15/2025 12:00:00 AM,Lewis Elementary,954,Miller S,LEW05 PM,2:40:00 PM,3:08:10 PM,,3:08:10 PM,,,
9/15/2025 12:00:00 AM,Marshall Elementary,960,Anderson C,MAR01 PM,2:40:00 PM,2:45:15 PM,,2:45:15 PM,,,
9/15/2025 12:00:00 AM,Marshall Elementary,961,Williams M,MAR02 PM,2:40:00 PM,3:00:42 PM,,3:00:42 PM,,,
9/15/2025 12:00:00 AM,Marshall Elementary,962,Williams M,MAR03 PM,2:40:00 PM,3:04:51 PM,,3:04:51 PM,,,
9/15/2025 12:00:00 AM,Marshall Elementary,963,Brown K,MAR04 PM,2:40:00 PM,,,3:06:50 PM,,,
9/15/2025 12:00:00 AM,Marshall Elementary,964,Moore A,MAR05 PM,2:40:00 PM,3:05:30 PM,,3:05:30 PM,,,
9/15/2025 12:00:00 AM,Reynolds Elementary,970,Davis R,REY01 PM,2:40:00 PM,2:51:57 PM,,2:51:57 PM,,,
9/15/2025 12:00:00 AM,Reynolds Elementary,971,Johnson T,REY02 PM,2:40:00 PM,2:45:20 PM,,2:45:20 PM,,,
9/15/2025 12:00:00 AM,Reynolds Elementary,972,Williams M,REY03 PM,2:40:00 PM,3:02:46 PM,,3:02:46 PM,,,
9/15/2025 12:00:00 AM,Reynolds Elementary,973,Johnson T,REY04 PM,2:40:00 PM,2:46:54 PM,,2:46:54 PM,,,
9/15/2025 12:00:00 AM,Reynolds Elementary,974,Brown K,REY05 PM,2:40:00 PM,3:22:04 PM,,3:22:04 PM,,,
9/15/2025 12:00:00 AM,Westfield Middle School,980,Johnson T,WES01 PM,3:10:00 PM,3:31:38 PM,,3:31:38 PM,,,
9/15/2025 12:00:00 AM,Westfield Middle School,981,Williams M,WES02 PM,3:10:00 PM,3:33:51 PM,,3:33:51 PM,,,
9/15/2025 12:00:00 AM,Westfield Middle School,982,Miller S,WES03 PM,3:10:00 PM,3:33:55 PM,,3:33:55 PM,,,
9/15/2025 12:00:00 AM,Westfield Middle School,983,Anderson C,WES04 PM,3:10:00 PM,3:54:05 PM,,3:54:05 PM,,,
9/15/2025 12:00:00 AM,Lakewood Middle School,990,Johnson T,LAK01 PM,3:10:00 PM,3:26:25 PM,,3:26:25 PM,,,
9/15/2025 12:00:00 AM,Lakewood Middle School,991,Thomas D,LAK02 PM,3:10:00 PM,3:33:44 PM,,3:33:44 PM,,,
9/15/2025 12:00:00 AM,Lakewood Middle School,992,Davis R,LAK03 PM,3:10:00 PM,3:41:43 PM,,3:41:43 PM,,,
9/15/2025 12:00:00 AM,Lakewood Middle School,993,Davis R,LAK04 PM,3:10:00 PM,3:31:18 PM,,3:31:18 PM,,,
9/15/2025 12:00:00 AM,Riverside Middle School,1000,Moore A,RIV01 PM,3:10:00 PM,3:35:38 PM,,3:35:38 PM,,,
9/15/2025 12:00:00 AM,Riverside Middle School,1001,Thomas D,RIV02 PM,3:10:00 PM,3:18:42 PM,,3:18:42 PM,,,
9/15/2025 12:00:00 AM,Riverside Middle School,1002,Davis R,RIV03 PM,3:10:00 PM,3:59:00 PM,,3:59:00 PM,,,
9/15/2025 12:00:00 AM,Riverside Middle School,1003,Johnson T,RIV04 PM,3:10:00 PM,3:18:55 PM,,3:18:55 PM,,,
9/15/2025 12:00:00 AM,Metro High School,1010,Anderson C,MET01 PM,3:55:00 PM,4:06:55 PM,,4:06:55 PM,,,
9/15/2025 12:00:00 AM,Metro High School,1011,Taylor B,MET02 PM,3:55:00 PM,4:01:47 PM,,4:01:47 PM,,,
9/15/2025 12:00:00 AM,Metro High School,1012,Moore A,MET03 PM,3:55:00 PM,4:15:50 PM,,4:15:50 PM,,,
9/15/2025 12:00:00 AM,Northgate High School,1020,Taylor B,NOR01 PM,3:55:00 PM,4:12:17 PM,,4:12:17 PM,,,
9/15/2025 12:00:00 AM,Northgate High School,1021,Brown K,NOR02 PM,3:55:00 PM,4:04:07 PM,,4:04:07 PM,,,
9/15/2025 12:00:00 AM,Northgate High School,1022,Miller S,NOR03 PM,3:55:00 PM,4:02:36 PM,,4:02:36 PM,,,
9/16/2025 12:00:00 AM,Anderson Elementary,900,Miller S,AND01 PM,2:40:00 PM,3:01:58 PM,,3:01:58 PM,,,
9/16/2025 12:00:00 AM,Anderson Elementary,901,Johnson T,AND02 PM,2:40:00 PM,2:45:30 PM,,2:45:30 PM,,,
9/16/2025 12:00:00 AM,Anderson Elementary,902,Miller S,AND03 PM,2:40:00 PM,2:57:42 PM,,2:57:42 PM,,,
9/16/2025 12:00:00 AM,Anderson Elementary,903,Thomas D,AND04 PM,2:40:00 PM,2:55:22 PM,,2:55:22 PM,,,
9/16/2025 12:00:00 AM,Anderson Elementary,904,Wilson J,AND05 PM,2:40:00 PM,2:49:14 PM,,2:49:14 PM,,,
9/16/2025 12:00:00 AM,Bammel Elementary,910,Taylor B,BAM01 PM,2:40:00 PM,2:52:47 PM,,2:52:47 PM,,,
9/16/2025 12:00:00 AM,Bammel Elementary,911,Johnson T,BAM02 PM,2:40:00 PM,2:59:57 PM,,2:59:57 PM,,,
9/16/2025 12:00:00 AM,Bammel Elementary,912,Davis R,BAM03 PM,2:40:00 PM,2:52:02 PM,,2:52:02 PM,,,
9/16/2025 12:00:00 AM,Bammel Elementary,913,Brown K,BAM04 PM,2:40:00 PM,2:55:06 PM,,2:55:06 PM,,,
9/16/2025 12:00:00 AM,Bammel Elementary,914,Thomas D,BAM05 PM,2:40:00 PM,,,3:05:40 PM,,,
9/16/2025 12:00:00 AM,Cooper Elementary,920,Thomas D,COO01 PM,2:40:00 PM,3:08:11 PM,,3:08:11 PM,,,
9/16/2025 12:00:00 AM,Cooper Elementary,921,Brown K,COO02 PM,2:40:00 PM,3:08:58 PM,,3:08:58 PM,,,
9/16/2025 12:00:00 AM,Cooper Elementary,922,Miller S,COO03 PM,2:40:00 PM,,,2:49:43 PM,,,
9/16/2025 12:00:00 AM,Cooper Elementary,923,Moore A,COO04 PM,2:40:00 PM,3:07:52 PM,,3:07:52 PM,,,
9/16/2025 12:00:00 AM,Cooper Elementary,924,Anderson C,COO05 PM,2:40:00 PM,3:16:53 PM,,3:16:53 PM,,,
9/16/2025 12:00:00 AM,Heritage Elementary,930,Thomas D,HER01 PM,2:40:00 PM,3:04:13 PM,,3:04:13 PM,,,
9/16/2025 12:00:00 AM,Heritage Elementary,931,Moore A,HER02 PM,2:40:00 PM,3:15:57 PM,,3:15:57 PM,,,
9/16/2025 12:00:00 AM,Heritage Elementary,932,Williams M,HER03 PM,2:40:00 PM,3:02:56 PM,,3:02:56 PM,,,
9/16/2025 12:00:00 AM,Heritage Elementary,933,Johnson T,HER04 PM,2:40:00 PM,2:55:33 PM,,2:55:33 PM,,,
9/16/2025 12:00:00 AM,Heritage Elementary,934,Wilson J,HER05 PM,2:40:00 PM,3:18:44 PM,,3:18:44 PM,,,
9/16/2025 12:00:00 AM,Jenkins Elementary,940,Thomas D,JEN01 PM,2:40:00 PM,3:25:10 PM,,3:25:10 PM,,,
9/16/2025 12:00:00 AM,Jenkins Elementary,941,Johnson T,JEN02 PM,2:40:00 PM,3:11:05 PM,,3:11:05 PM,,,
9/16/2025 12:00:00 AM,Jenkins Elementary,942,Williams M,JEN03 PM,2:40:00 PM,3:05:47 PM,,3:05:47 PM,,,
9/16/2025 12:00:00 AM,Jenkins Elementary,943,Brown K,JEN04 PM,2:40:00 PM,2:54:16 PM,,2:54:16 PM,,,
9/16/2025 12:00:00 AM,Jenkins Elementary,944,Brown K,JEN05 PM,2:40:00 PM,3:13:09 PM,,3:13:09 PM,,,
9/16/2025 12:00:00 AM,Lewis Elementary,950,Thomas D,LEW01 PM,2:40:00 PM,2:46:38 PM,,2:46:38 PM,,,
9/16/2025 12:00:00 AM,Lewis Elementary,951,Davis R,LEW02 PM,2:40:00 PM,2:57:24 PM,,2:57:24 PM,,,
9/16/2025 12:00:00 AM,Lewis Elementary,952,Brown K,LEW03 PM,2:40:00 PM,2:54:52 PM,,2:54:52 PM,,,
9/16/2025 12:00:00 AM,Lewis Elementary,953,Johnson T,LEW04 PM,2:40:00 PM,3:04:54 PM,,3:04:54 PM,,,
9/16/2025 12:00:00 AM,Lewis Elementary,954,Wilson J,LEW05 PM,2:40:00 PM,2:46:17 PM,,2:46:17 PM,,,
9/16/2025 12:00:00 AM,Marshall Elementary,960,Moore A,MAR01 PM,2:40:00 PM,3:05:46 PM,,3:05:46 PM,,,
9/16/2025 12:00:00 AM,Marshall Elementary,961,Taylor B,MAR02 PM,2:40:00 PM,2:57:17 PM,,2:57:17 PM,,,
9/16/2025 12:00:00 AM,Marshall Elementary,962,Moore A,MAR03 PM,2:40:00 PM,3:08:19 PM,,3:08:19 PM,,,
9/16/2025 12:00:00 AM,Marshall Elementary,963,Davis R,MAR04 PM,2:40:00 PM,2:54:49 PM,,2:54:49 PM,,,
9/16/2025 12:00:00 AM,Marshall Elementary,964,Johnson T,MAR05 PM,2:40:00 PM,2:54:55 PM,,2:54:55 PM,,,
9/16/2025 12:00:00 AM,Reynolds Elementary,970,Davis R,REY01 PM,2:40:00 PM,3:08:01 PM,,3:08:01 PM,,,
9/16/2025 12:00:00 AM,Reynolds Elementary,971,Miller S,REY02 PM,2:40:00 PM,2:45:49 PM,,2:45:49 PM,,,
9/16/2025 12:00:00 AM,Reynolds Elementary,972,Davis R,REY03 PM,2:40:00 PM,2:49:29 PM,,2:49:29 PM,,,
9/16/2025 12:00:00 AM,Reynolds Elementary,973,Wilson J,REY04 PM,2:40:00 PM,2:51:13 PM,,2:51:13 PM,,,
9/16/2025 12:00:00 AM,Reynolds Elementary,974,Anderson C,REY05 PM,2:40:00 PM,2:49:51 PM,,2:49:51 PM,,,
9/16/2025 12:00:00 AM,Westfield Middle School,980,Thomas D,WES01 PM,3:10:00 PM,3:21:15 PM,,3:21:15 PM,,,
9/16/2025 12:00:00 AM,Westfield Middle School,981,Davis R,WES02 PM,3:10:00 PM,3:16:46 PM,,3:16:46 PM,,,
9/16/2025 12:00:00 AM,Westfield Middle School,982,Thomas D,WES03 PM,3:10:00 PM,3:31:54 PM,,3:31:54 PM,,,
9/16/2025 12:00:00 AM,Westfield Middle School,983,Anderson C,WES04 PM,3:10:00 PM,3:18:21 PM,,3:18:21 PM,,,
9/16/2025 12:00:00 AM,Lakewood Middle School,990,Brown K,LAK01 PM,3:10:00 PM,3:37:31 PM,,3:37:31 PM,,,
9/16/2025 12:00:00 AM,Lakewood Middle School,991,Thomas D,LAK02 PM,3:10:00 PM,3:26:39 PM,,3:26:39 PM,,,
9/16/2025 12:00:00 AM,Lakewood Middle School,992,Johnson T,LAK03 PM,3:10:00 PM,3:50:06 PM,,3:50:06 PM,,,
9/16/2025 12:00:00 AM,Lakewood Middle School,993,Moore A,LAK04 PM,3:10:00 PM,3:47:10 PM,,3:47:10 PM,,,
9/16/2025 12:00:00 AM,Riverside Middle School,1000,Thomas D,RIV01 PM,3:10:00 PM,3:17:05 PM,,3:17:05 PM,,,
9/16/2025 12:00:00 AM,Riverside Middle School,1001,Miller S,RIV02 PM,3:10:00 PM,3:15:49 PM,,3:15:49 PM,,,
9/16/2025 12:00:00 AM,Riverside Middle School,1002,Moore A,RIV03 PM,3:10:00 PM,3:15:02 PM,,3:15:02 PM,,,
9/16/2025 12:00:00 AM,Riverside Middle School,1003,Davis R,RIV04 PM,3:10:00 PM,3:29:04 PM,,3:29:04 PM,,,
9/16/2025 12:00:00 AM,Metro High School,1010,Brown K,MET01 PM,3:55:00 PM,4:17:11 PM,,4:17:11 PM,,,
9/16/2025 12:00:00 AM,Metro High School,1011,Taylor B,MET02 PM,3:55:00 PM,4:52:16 PM,,4:52:16 PM,,,
9/16/2025 12:00:00 AM,Metro High School,1012,Davis R,MET03 PM,3:55:00 PM,4:09:15 PM,,4:09:15 PM,,,
9/16/2025 12:00:00 AM,Northgate High School,1020,Anderson C,NOR01 PM,3:55:00 PM,4:01:06 PM,,4:01:06 PM,,,
9/16/2025 12:00:00 AM,Northgate High School,1021,Johnson T,NOR02 PM,3:55:00 PM,4:09:18 PM,,4:09:18 PM,,,
9/16/2025 12:00:00 AM,Northgate High School,1022,Taylor B,NOR03 PM,3:55:00 PM,4:20:26 PM,,4:20:26 PM,,,
9/17/2025 12:00:00 AM,Anderson Elementary,900,Moore A,AND01 PM,2:40:00 PM,3:08:43 PM,,3:08:43 PM,,,
9/17/2025 12:00:00 AM,Anderson Elementary,901,Anderson C,AND02 PM,2:40:00 PM,3:18:09 PM,,3:18:09 PM,,,
9/17/2025 12:00:00 AM,Anderson Elementary,902,Johnson T,AND03 PM,2:40:00 PM,3:14:11 PM,,3:14:11 PM,,,
9/17/2025 12:00:00 AM,Anderson Elementary,903,Brown K,AND04 PM,2:40:00 PM,2:45:35 PM,,2:45:35 PM,,,
9/17/2025 12:00:00 AM,Anderson Elementary,904,Williams M,AND05 PM,2:40:00 PM,2:54:35 PM,,2:54:35 PM,,,
9/17/2025 12:00:00 AM,Bammel Elementary,910,Thomas D,BAM01 PM,2:40:00 PM,3:15:42 PM,,3:15:42 PM,,,
9/17/2025 12:00:00 AM,Bammel Elementary,911,Miller S,BAM02 PM,2:40:00 PM,3:29:39 PM,,3:29:39 PM,,,
9/17/2025 12:00:00 AM,Bammel Elementary,912,Brown K,BAM03 PM,2:40:00 PM,3:02:24 PM,,3:02:24 PM,,,
9/17/2025 12:00:00 AM,Bammel Elementary,913,Williams M,BAM04 PM,2:40:00 PM,3:06:56 PM,,3:06:56 PM,,,
9/17/2025 12:00:00 AM,Bammel Elementary,914,Anderson C,BAM05 PM,2:40:00 PM,2:53:25 PM,,2:53:25 PM,,,
9/17/2025 12:00:00 AM,Cooper Elementary,920,Miller S,COO01 PM,2:40:00 PM,3:26:48 PM,,3:26:48 PM,,,
9/17/2025 12:00:00 AM,Cooper Elementary,921,Anderson C,COO02 PM,2:40:00 PM,2:57:32 PM,,2:57:32 PM,,,
9/17/2025 12:00:00 AM,Cooper Elementary,922,Davis R,COO03 PM,2:40:00 PM,3:23:33 PM,,3:23:33 PM,,,
9/17/2025 12:00:00 AM,Cooper Elementary,923,Miller S,COO04 PM,2:40:00 PM,2:50:55 PM,,2:50:55 PM,,,
9/17/2025 12:00:00 AM,Cooper Elementary,924,Thomas D,COO05 PM,2:40:00 PM,3:05:17 PM,,3:05:17 PM,,,
9/17/2025 12:00:00 AM,Heritage Elementary,930,Taylor B,HER01 PM,2:40:00 PM,2:57:48 PM,,2:57:48 PM,,,
9/17/2025 12:00:00 AM,Heritage Elementary,931,Brown K,HER02 PM,2:40:00 PM,3:00:59 PM,,3:00:59 PM,,,
9/17/2025 12:00:00 AM,Heritage Elementary,932,Thomas D,HER03 PM,2:40:00 PM,3:01:43 PM,,3:01:43 PM,,,
9/17/2025 12:00:00 AM,Heritage Elementary,933,Davis R,HER04 PM,2:40:00 PM,2:50:12 PM,,2:50:12 PM,,,
9/17/2025 12:00:00 AM,Heritage Elementary,934,Taylor B,HER05 PM,2:40:00 PM,,,3:02:14 PM,,,
9/17/2025 12:00:00 AM,Jenkins Elementary,940,Moore A,JEN01 PM,2:40:00 PM,2:56:24 PM,,2:56:24 PM,,,
9/17/2025 12:00:00 AM,Jenkins Elementary,941,Williams M,JEN02 PM,2:40:00 PM,2:50:55 PM,,2:50:55 PM,,,
9/17/2025 12:00:00 AM,Jenkins Elementary,942,Moore A,JEN03 PM,2:40:00 PM,3:18:28 PM,,3:18:28 PM,,,
9/17/2025 12:00:00 AM,Jenkins Elementary,943,Williams M,JEN04 PM,2:40:00 PM,3:32:32 PM,,3:32:32 PM,,,
9/17/2025 12:00:00 AM,Jenkins Elementary,944,Johnson T,JEN05 PM,2:40:00 PM,3:14:40 PM,,3:14:40 PM,,,
9/17/2025 12:00:00 AM,Lewis Elementary,950,Moore A,LEW01 PM,2:40:00 PM,3:04:28 PM,,3:04:28 PM,,,
9/17/2025 12:00:00 AM,Lewis Elementary,951,Davis R,LEW02 PM,2:40:00 PM,,,2:54:36 PM,,,
9/17/2025 12:00:00 AM,Lewis Elementary,952,Taylor B,LEW03 PM,2:40:00 PM,2:58:25 PM,,2:58:25 PM,,,
9/17/2025 12:00:00 AM,Lewis Elementary,953,Taylor B,LEW04 PM,2:40:00 PM,2:49:55 PM,,2:49:55 PM,,,
9/17/2025 12:00:00 AM,Lewis Elementary,954,Johnson T,LEW05 PM,2:40:00 PM,2:56:20 PM,,2:56:20 PM,,,
9/17/2025 12:00:00 AM,Marshall Elementary,960,Wilson J,MAR01 PM,2:40:00 PM,3:03:09 PM,,3:03:09 PM,,,
9/17/2025 12:00:00 AM,Marshall Elementary,961,Brown K,MAR02 PM,2:40:00 PM,2:46:35 PM,,2:46:35 PM,,,
9/17/2025 12:00:00 AM,Marshall Elementary,962,Moore A,MAR03 PM,2:40:00 PM,2:46:54 PM,,2:46:54 PM,,,
9/17/2025 12:00:00 AM,Marshall Elementary,963,Davis R,MAR04 PM,2:40:00 PM,3:01:18 PM,,3:01:18 PM,,,
9/17/2025 12:00:00 AM,Marshall Elementary,964,Thomas D,MAR05 PM,2:40:00 PM,2:56:28 PM,,2:56:28 PM,,,
9/17/2025 12:00:00 AM,Reynolds Elementary,970,Johnson T,REY01 PM,2:40:00 PM,3:23:28 PM,,3:23:28 PM,,,
9/17/2025 12:00:00 AM,Reynolds Elementary,971,Brown K,REY02 PM,2:40:00 PM,3:05:42 PM,,3:05:42 PM,,,
9/17/2025 12:00:00 AM,Reynolds Elementary,972,Anderson C,REY03 PM,2:40:00 PM,3:00:45 PM,,3:00:45 PM,,,
9/17/2025 12:00:00 AM,Reynolds Elementary,973,Anderson C,REY04 PM,2:40:00 PM,2:45:25 PM,,2:45:25 PM,,,
9/17/2025 12:00:00 AM,Reynolds Elementary,974,Johnson T,REY05 PM,2:40:00 PM,3:23:46 PM,,3:23:46 PM,,,
9/17/2025 12:00:00 AM,Westfield Middle School,980,Johnson T,WES01 PM,3:10:00 PM,3:25:54 PM,,3:25:54 PM,,,
9/17/2025 12:00:00 AM,Westfield Middle School,981,Anderson C,WES02 PM,3:10:00 PM,3:24:11 PM,,3:24:11 PM,,,
9/17/2025 12:00:00 AM,Westfield Middle School,982,Anderson C,WES03 PM,3:10:00 PM,3:58:57 PM,,3:58:57 PM,,,
9/17/2025 12:00:00 AM,Westfield Middle School,983,Moore A,WES04 PM,3:10:00 PM,3:25:46 PM,,3:25:46 PM,,,
9/17/2025 12:00:00 AM,Lakewood Middle School,990,Wilson J,LAK01 PM,3:10:00 PM,3:48:21 PM,,3:48:21 PM,,,
9/17/2025 12:00:00 AM,Lakewood Middle School,991,Davis R,LAK02 PM,3:10:00 PM,3:35:31 PM,,3:35:31 PM,,,
9/17/2025 12:00:00 AM,Lakewood Middle School,992,Anderson C,LAK03 PM,3:10:00 PM,3:15:12 PM,,3:15:12 PM,,,
9/17/2025 12:00:00 AM,Lakewood Middle School,993,Anderson C,LAK04 PM,3:10:00 PM,3:16:12 PM,,3:16:12 PM,,,
9/17/2025 12:00:00 AM,Riverside Middle School,1000,Davis R,RIV01 PM,3:10:00 PM,3:25:18 PM,,3:25:18 PM,,,
9/17/2025 12:00:00 AM,Riverside Middle School,1001,Wilson J,RIV02 PM,3:10:00 PM,3:28:30 PM,,3:28:30 PM,,,
9/17/2025 12:00:00 AM,Riverside Middle School,1002,Davis R,RIV03 PM,3:10:00 PM,3:19:44 PM,,3:19:44 PM,,,
9/17/2025 12:00:00 AM,Riverside Middle School,1003,Williams M,RIV04 PM,3:10:00 PM,3:44:44 PM,,3:44:44 PM,,,
9/17/2025 12:00:00 AM,Metro High School,1010,Johnson T,MET01 PM,3:55:00 PM,4:16:33 PM,,4:16:33 PM,,,
9/17/2025 12:00:00 AM,Metro High School,1011,Brown K,MET02 PM,3:55:00 PM,4:10:55 PM,,4:10:55 PM,,,
9/17/2025 12:00:00 AM,Metro High School,1012,Taylor B,MET03 PM,3:55:00 PM,4:16:21 PM,,4:16:21 PM,,,
9/17/2025 12:00:00 AM,Northgate High School,1020,Wilson J,NOR01 PM,3:55:00 PM,4:19:18 PM,,4:19:18 PM,,,
9/17/2025 12:00:00 AM,Northgate High School,1021,Thomas D,NOR02 PM,3:55:00 PM,,,3:59:51 PM,,,
9/17/2025 12:00:00 AM,Northgate High School,1022,Miller S,NOR03 PM,3:55:00 PM,4:30:41 PM,,4:30:41 PM,,,
9/18/2025 12:00:00 AM,Anderson Elementary,900,Wilson J,AND01 PM,2:40:00 PM,2:51:40 PM,,2:51:40 PM,,,
9/18/2025 12:00:00 AM,Anderson Elementary,901,Brown K,AND02 PM,2:40:00 PM,2:57:37 PM,,2:57:37 PM,,,
9/18/2025 12:00:00 AM,Anderson Elementary,902,Taylor B,AND03 PM,2:40:00 PM,2:59:46 PM,,2:59:46 PM,,,
9/18/2025 12:00:00 AM,Anderson Elementary,903,Johnson T,AND04 PM,2:40:00 PM,2:47:33 PM,,2:47:33 PM,,,
9/18/2025 12:00:00 AM,Anderson Elementary,904,Anderson C,AND05 PM,2:40:00 PM,2:49:56 PM,,2:49:56 PM,,,
9/18/2025 12:00:00 AM,Bammel Elementary,910,Miller S,BAM01 PM,2:40:00 PM,2:53:31 PM,,2:53:31 PM,,,
9/18/2025 12:00:00 AM,Bammel Elementary,911,Wilson J,BAM02 PM,2:40:00 PM,2:59:11 PM,,2:59:11 PM,,,
9/18/2025 12:00:00 AM,Bammel Elementary,912,Taylor B,BAM03 PM,2:40:00 PM,3:03:02 PM,,3:03:02 PM,,,
9/18/2025 12:00:00 AM,Bammel Elementary,913,Anderson C,BAM04 PM,2:40:00 PM,2:52:46 PM,,2:52:46 PM,,,
9/18/2025 12:00:00 AM,Bammel Elementary,914,Brown K,BAM05 PM,2:40:00 PM,2:51:28 PM,,2:51:28 PM,,,
9/18/2025 12:00:00 AM,Cooper Elementary,920,Thomas D,COO01 PM,2:40:00 PM,3:03:36 PM,,3:03:36 PM,,,
9/18/2025 12:00:00 AM,Cooper Elementary,921,Moore A,COO02 PM,2:40:00 PM,2:47:40 PM,,2:47:40 PM,,,
9/18/2025 12:00:00 AM,Cooper Elementary,922,Brown K,COO03 PM,2:40:00 PM,3:02:13 PM,,3:02:13 PM,,,
9/18/2025 12:00:00 AM,Cooper Elementary,923,Moore A,COO04 PM,2:40:00 PM,2:57:18 PM,,2:57:18 PM,,,
9/18/2025 12:00:00 AM,Cooper Elementary,924,Wilson J,COO05 PM,2:40:00 PM,2:48:11 PM,,2:48:11 PM,,,
9/18/2025 12:00:00 AM,Heritage Elementary,930,Thomas D,HER01 PM,2:40:00 PM,2:52:42 PM,,2:52:42 PM,,,
9/18/2025 12:00:00 AM,Heritage Elementary,931,Anderson C,HER02 PM,2:40:00 PM,3:02:58 PM,,3:02:58 PM,,,
9/18/2025 12:00:00 AM,Heritage Elementary,932,Johnson T,HER03 PM,2:40:00 PM,3:38:03 PM,,3:38:03 PM,,,
9/18/2025 12:00:00 AM,Heritage Elementary,933,Johnson T,HER04 PM,2:40:00 PM,3:03:28 PM,,3:03:28 PM,,,
9/18/2025 12:00:00 AM,Heritage Elementary,934,Wilson J,HER05 PM,2:40:00 PM,3:36:53 PM,,3:36:53 PM,,,
9/18/2025 12:00:00 AM,Jenkins Elementary,940,Johnson T,JEN01 PM,2:40:00 PM,3:03:20 PM,,3:03:20 PM,,,
9/18/2025 12:00:00 AM,Jenkins Elementary,941,Brown K,JEN02 PM,2:40:00 PM,3:31:36 PM,,3:31:36 PM,,,
9/18/2025 12:00:00 AM,Jenkins Elementary,942,Wilson J,JEN03 PM,2:40:00 PM,3:27:12 PM,,3:27:12 PM,,,
9/18/2025 12:00:00 AM,Jenkins Elementary,943,Johnson T,JEN04 PM,2:40:00 PM,2:48:09 PM,,2:48:09 PM,,,
9/18/2025 12:00:00 AM,Jenkins Elementary,944,Brown K,JEN05 PM,2:40:00 PM,3:06:08 PM,,3:06:08 PM,,,
9/18/2025 12:00:00 AM,Lewis Elementary,950,Williams M,LEW01 PM,2:40:00 PM,3:08:02 PM,,3:08:02 PM,,,
9/18/2025 12:00:00 AM,Lewis Elementary,951,Anderson C,LEW02 PM,2:40:00 PM,2:51:27 PM,,2:51:27 PM,,,
9/18/2025 12:00:00 AM,Lewis Elementary,952,Johnson T,LEW03 PM,2:40:00 PM,2:49:48 PM,,2:49:48 PM,,,
9/18/2025 12:00:00 AM,Lewis Elementary,953,Williams M,LEW04 PM,2:40:00 PM,3:38:00 PM,,3:38:00 PM,,,
9/18/2025 12:00:00 AM,Lewis Elementary,954,Brown K,LEW05 PM,2:40:00 PM,2:56:22 PM,,2:56:22 PM,,,
9/18/2025 12:00:00 AM,Marshall Elementary,960,Johnson T,MAR01 PM,2:40:00 PM,3:07:37 PM,,3:07:37 PM,,,
9/18/2025 12:00:00 AM,Marshall Elementary,961,Williams M,MAR02 PM,2:40:00 PM,3:28:20 PM,,3:28:20 PM,,,
9/18/2025 12:00:00 AM,Marshall Elementary,962,Brown K,MAR03 PM,2:40:00 PM,3:00:59 PM,,3:00:59 PM,,,
9/18/2025 12:00:00 AM,Marshall Elementary,963,Thomas D,MAR04 PM,2:40:00 PM,2:46:28 PM,,2:46:28 PM,,,
9/18/2025 12:00:00 AM,Marshall Elementary,964,Moore A,MAR05 PM,2:40:00 PM,3:05:57 PM,,3:05:57 PM,,,
9/18/2025 12:00:00 AM,Reynolds Elementary,970,Brown K,REY01 PM,2:40:00 PM,2:48:01 PM,,2:48:01 PM,,,
9/18/2025 12:00:00 AM,Reynolds Elementary,971,Thomas D,REY02 PM,2:40:00 PM,2:59:37 PM,,2:59:37 PM,,,
9/18/2025 12:00:00 AM,Reynolds Elementary,972,Miller S,REY03 PM,2:40:00 PM,2:53:29 PM,,2:53:29 PM,,,
9/18/2025 12:00:00 AM,Reynolds Elementary,973,Anderson C,REY04 PM,2:40:00 PM,3:08:50 PM,,3:08:50 PM,,,
9/18/2025 12:00:00 AM,Reynolds Elementary,974,Taylor B,REY05 PM,2:40:00 PM,3:01:06 PM,,3:01:06 PM,,,
9/18/2025 12:00:00 AM,Westfield Middle School,980,Williams M,WES01 PM,3:10:00 PM,3:17:12 PM,,3:17:12 PM,,,
9/18/2025 12:00:00 AM,Westfield Middle School,981,Williams M,WES02 PM,3:10:00 PM,3:24:23 PM,,3:24:23 PM,,,
9/18/2025 12:00:00 AM,Westfield Middle School,982,Miller S,WES03 PM,3:10:00 PM,3:28:11 PM,,3:28:11 PM,,,
9/18/2025 12:00:00 AM,Westfield Middle School,983,Wilson J,WES04 PM,3:10:00 PM,3:15:21 PM,,3:15:21 PM,,,
9/18/2025 12:00:00 AM,Lakewood Middle School,990,Moore A,LAK01 PM,3:10:00 PM,3:19:05 PM,,3:19:05 PM,,,
9/18/2025 12:00:00 AM,Lakewood Middle School,991,Davis R,LAK02 PM,3:10:00 PM,3:18:19 PM,,3:18:19 PM,,,
9/18/2025 12:00:00 AM,Lakewood Middle School,992,Williams M,LAK03 PM,3:10:00 PM,3:42:01 PM,,3:42:01 PM,,,
9/18/2025 12:00:00 AM,Lakewood Middle School,993,Davis R,LAK04 PM,3:10:00 PM,3:37:40 PM,,3:37:40 PM,,,
9/18/2025 12:00:00 AM,Riverside Middle School,1000,Wilson J,RIV01 PM,3:10:00 PM,3:31:02 PM,,3:31:02 PM,,,
9/18/2025 12:00:00 AM,Riverside Middle School,1001,Thomas D,RIV02 PM,3:10:00 PM,3:17:12 PM,,3:17:12 PM,,,
9/18/2025 12:00:00 AM,Riverside Middle School,1002,Williams M,RIV03 PM,3:10:00 PM,3:27:06 PM,,3:27:06 PM,,,
9/18/2025 12:00:00 AM,Riverside Middle School,1003,Johnson T,RIV04 PM,3:10:00 PM,3:20:13 PM,,3:20:13 PM,,,
9/18/2025 12:00:00 AM,Metro High School,1010,Thomas D,MET01 PM,3:55:00 PM,4:28:45 PM,,4:28:45 PM,,,
9/18/2025 12:00:00 AM,Metro High School,1011,Moore A,MET02 PM,3:55:00 PM,4:17:54 PM,,4:17:54 PM,,,
9/18/2025 12:00:00 AM,Metro High School,1012,Johnson T,MET03 PM,3:55:00 PM,4:54:59 PM,,4:54:59 PM,,,
9/18/2025 12:00:00 AM,Northgate High School,1020,Wilson J,NOR01 PM,3:55:00 PM,4:44:28 PM,,4:44:28 PM,,,
9/18/2025 12:00:00 AM,Northgate High School,1021,Taylor B,NOR02 PM,3:55:00 PM,4:42:01 PM,,4:42:01 PM,,,
9/18/2025 12:00:00 AM,Northgate High School,1022,Moore A,NOR03 PM,3:55:00 PM,4:54:22 PM,,4:54:22 PM,,,
9/19/2025 12:00:00 AM,Anderson Elementary,900,Taylor B,AND01 PM,2:40:00 PM,2:45:16 PM,,2:45:16 PM,,,
9/19/2025 12:00:00 AM,Anderson Elementary,901,Wilson J,AND02 PM,2:40:00 PM,2:54:38 PM,,2:54:38 PM,,,
9/19/2025 12:00:00 AM,Anderson Elementary,902,Brown K,AND03 PM,2:40:00 PM,3:06:27 PM,,3:06:27 PM,,,
9/19/2025 12:00:00 AM,Anderson Elementary,903,Taylor B,AND04 PM,2:40:00 PM,2:53:02 PM,,2:53:02 PM,,,
9/19/2025 12:00:00 AM,Anderson Elementary,904,Williams M,AND05 PM,2:40:00 PM,3:00:57 PM,,3:00:57 PM,,,
9/19/2025 12:00:00 AM,Bammel Elementary,910,Taylor B,BAM01 PM,2:40:00 PM,2:59:37 PM,,2:59:37 PM,,,
9/19/2025 12:00:00 AM,Bammel Elementary,911,Miller S,BAM02 PM,2:40:00 PM,2:57:34 PM,,2:57:34 PM,,,
9/19/2025 12:00:00 AM,Bammel Elementary,912,Thomas D,BAM03 PM,2:40:00 PM,2:49:35 PM,,2:49:35 PM,,,
9/19/2025 12:00:00 AM,Bammel Elementary,913,Brown K,BAM04 PM,2:40:00 PM,2:49:00 PM,,2:49:00 PM,,,
9/19/2025 12:00:00 AM,Bammel Elementary,914,Davis R,BAM05 PM,2:40:00 PM,2:58:08 PM,,2:58:08 PM,,,
9/19/2025 12:00:00 AM,Cooper Elementary,920,Brown K,COO01 PM,2:40:00 PM,3:04:53 PM,,3:04:53 PM,,,
9/19/2025 12:00:00 AM,Cooper Elementary,921,Davis R,COO02 PM,2:40:00 PM,3:04:40 PM,,3:04:40 PM,,,
9/19/2025 12:00:00 AM,Cooper Elementary,922,Moore A,COO03 PM,2:40:00 PM,2:52:02 PM,,2:52:02 PM,,,
9/19/2025 12:00:00 AM,Cooper Elementary,923,Anderson C,COO04 PM,2:40:00 PM,2:53:48 PM,,2:53:48 PM,,,
9/19/2025 12:00:00 AM,Cooper Elementary,924,Williams M,COO05 PM,2:40:00 PM,2:45:50 PM,,2:45:50 PM,,,
9/19/2025 12:00:00 AM,Heritage Elementary,930,Williams M,HER01 PM,2:40:00 PM,3:07:16 PM,,3:07:16 PM,,,
9/19/2025 12:00:00 AM,Heritage Elementary,931,Anderson C,HER02 PM,2:40:00 PM,3:02:09 PM,,3:02:09 PM,,,
9/19/2025 12:00:00 AM,Heritage Elementary,932,Miller S,HER03 PM,2:40:00 PM,2:57:40 PM,,2:57:40 PM,,,
9/19/2025 12:00:00 AM,Heritage Elementary,933,Moore A,HER04 PM,2:40:00 PM,3:23:44 PM,,3:23:44 PM,,,
9/19/2025 12:00:00 AM,Heritage Elementary,934,Anderson C,HER05 PM,2:40:00 PM,2:53:20 PM,,2:53:20 PM,,,
9/19/2025 12:00:00 AM,Jenkins Elementary,940,Williams M,JEN01 PM,2:40:00 PM,2:57:56 PM,,2:57:56 PM,,,
9/19/2025 12:00:00 AM,Jenkins Elementary,941,Williams M,JEN02 PM,2:40:00 PM,3:02:51 PM,,3:02:51 PM,,,
9/19/2025 12:00:00 AM,Jenkins Elementary,942,Davis R,JEN03 PM,2:40:00 PM,3:04:03 PM,,3:04:03 PM,,,
9/19/2025 12:00:00 AM,Jenkins Elementary,943,Johnson T,JEN04 PM,2:40:00 PM,3:03:16 PM,,3:03:16 PM,,,
9/19/2025 12:00:00 AM,Jenkins Elementary,944,Moore A,JEN05 PM,2:40:00 PM,3:00:26 PM,,3:00:26 PM,,,
9/19/2025 12:00:00 AM,Lewis Elementary,950,Brown K,LEW01 PM,2:40:00 PM,2:55:34 PM,,2:55:34 PM,,,
9/19/2025 12:00:00 AM,Lewis Elementary,951,Miller S,LEW02 PM,2:40:00 PM,2:52:54 PM,,2:52:54 PM,,,
9/19/2025 12:00:00 AM,Lewis Elementary,952,Moore A,LEW03 PM,2:40:00 PM,3:07:18 PM,,3:07:18 PM,,,
9/19/2025 12:00:00 AM,Lewis Elementary,953,Wilson J,LEW04 PM,2:40:00 PM,3:24:10 PM,,3:24:10 PM,,,
9/19/2025 12:00:00 AM,Lewis Elementary,954,Brown K,LEW05 PM,2:40:00 PM,2:54:25 PM,,2:54:25 PM,,,
9/19/2025 12:00:00 AM,Marshall Elementary,960,Williams M,MAR01 PM,2:40:00 PM,3:01:52 PM,,3:01:52 PM,,,
9/19/2025 12:00:00 AM,Marshall Elementary,961,Anderson C,MAR02 PM,2:40:00 PM,3:03:33 PM,,3:03:33 PM,,,
9/19/2025 12:00:00 AM,Marshall Elementary,962,Taylor B,MAR03 PM,2:40:00 PM,2:56:28 PM,,2:56:28 PM,,,
9/19/2025 12:00:00 AM,Marshall Elementary,963,Miller S,MAR04 PM,2:40:00 PM,3:13:09 PM,,3:13:09 PM,,,
9/19/2025 12:00:00 AM,Marshall Elementary,964,Davis R,MAR05 PM,2:40:00 PM,2:56:44 PM,,2:56:44 PM,,,
9/19/2025 12:00:00 AM,Reynolds Elementary,970,Anderson C,REY01 PM,2:40:00 PM,3:27:11 PM,,3:27:11 PM,,,
9/19/2025 12:00:00 AM,Reynolds Elementary,971,Anderson C,REY02 PM,2:40:00 PM,,,2:54:16 PM,,,
9/19/2025 12:00:00 AM,Reynolds Elementary,972,Miller S,REY03 PM,2:40:00 PM,2:47:07 PM,,2:47:07 PM,,,
9/19/2025 12:00:00 AM,Reynolds Elementary,973,Taylor B,REY04 PM,2:40:00 PM,3:34:52 PM,,3:34:52 PM,,,
9/19/2025 12:00:00 AM,Reynolds Elementary,974,Moore A,REY05 PM,2:40:00 PM,2:51:55 PM,,2:51:55 PM,,,
9/19/2025 12:00:00 AM,Westfield Middle School,980,Brown K,WES01 PM,3:10:00 PM,3:17:38 PM,,3:17:38 PM,,,
9/19/2025 12:00:00 AM,Westfield Middle School,981,Johnson T,WES02 PM,3:10:00 PM,3:51:46 PM,,3:51:46 PM,,,
9/19/2025 12:00:00 AM,Westfield Middle School,982,Thomas D,WES03 PM,3:10:00 PM,3:37:50 PM,,3:37:50 PM,,,
9/19/2025 12:00:00 AM,Westfield Middle School,983,Williams M,WES04 PM,3:10:00 PM,4:07:27 PM,,4:07:27 PM,,,
9/19/2025 12:00:00 AM,Lakewood Middle School,990,Miller S,LAK01 PM,3:10:00 PM,3:32:56 PM,,3:32:56 PM,,,
9/19/2025 12:00:00 AM,Lakewood Middle School,991,Thomas D,LAK02 PM,3:10:00 PM,3:35:48 PM,,3:35:48 PM,,,
9/19/2025 12:00:00 AM,Lakewood Middle School,992,Thomas D,LAK03 PM,3:10:00 PM,3:32:47 PM,,3:32:47 PM,,,
9/19/2025 12:00:00 AM,Lakewood Middle School,993,Thomas D,LAK04 PM,3:10:00 PM,4:03:38 PM,,4:03:38 PM,,,
9/19/2025 12:00:00 AM,Riverside Middle School,1000,Thomas D,RIV01 PM,3:10:00 PM,,,3:25:55 PM,,,
9/19/2025 12:00:00 AM,Riverside Middle School,1001,Thomas D,RIV02 PM,3:10:00 PM,4:07:35 PM,,4:07:35 PM,,,
9/19/2025 12:00:00 AM,Riverside Middle School,1002,Brown K,RIV03 PM,3:10:00 PM,4:02:35 PM,,4:02:35 PM,,,
9/19/2025 12:00:00 AM,Riverside Middle School,1003,Brown K,RIV04 PM,3:10:00 PM,3:16:45 PM,,3:16:45 PM,,,
9/19/2025 12:00:00 AM,Metro High School,1010,Brown K,MET01 PM,3:55:00 PM,4:02:44 PM,,4:02:44 PM,,,
9/19/2025 12:00:00 AM,Metro High School,1011,Moore A,MET02 PM,3:55:00 PM,4:55:51 PM,,4:55:51 PM,,,
9/19/2025 12:00:00 AM,Metro High School,1012,Johnson T,MET03 PM,3:55:00 PM,4:23:15 PM,,4:23:15 PM,,,
9/19/2025 12:00:00 AM,Northgate High School,1020,Wilson J,NOR01 PM,3:55:00 PM,4:13:50 PM,,4:13:50 PM,,,
9/19/2025 12:00:00 AM,Northgate High School,1021,Brown K,NOR02 PM,3:55:00 PM,,,4:50:46 PM,,,
9/19/2025 12:00:00 AM,Northgate High School,1022,Johnson T,NOR03 PM,3:55:00 PM,4:36:47 PM,,4:36:47 PM,,,
9/22/2025 12:00:00 AM,Anderson Elementary,900,Williams M,AND01 PM,2:40:00 PM,2:47:00 PM,,2:47:00 PM,,,
9/22/2025 12:00:00 AM,Anderson Elementary,901,Wilson J,AND02 PM,2:40:00 PM,2:59:34 PM,,2:59:34 PM,,,
9/22/2025 12:00:00 AM,Anderson Elementary,902,Thomas D,AND03 PM,2:40:00 PM,3:02:48 PM,,3:02:48 PM,,,
9/22/2025 12:00:00 AM,Anderson Elementary,903,Davis R,AND04 PM,2:40:00 PM,2:50:24 PM,,2:50:24 PM,,,
9/22/2025 12:00:00 AM,Anderson Elementary,904,Davis R,AND05 PM,2:40:00 PM,3:06:42 PM,,3:06:42 PM,,,
9/22/2025 12:00:00 AM,Bammel Elementary,910,Wilson J,BAM01 PM,2:40:00 PM,2:59:57 PM,,2:59:57 PM,,,
9/22/2025 12:00:00 AM,Bammel Elementary,911,Brown K,BAM02 PM,2:40:00 PM,3:31:33 PM,,3:31:33 PM,,,
9/22/2025 12:00:00 AM,Bammel Elementary,912,Johnson T,BAM03 PM,2:40:00 PM,3:13:50 PM,,3:13:50 PM,,,
9/22/2025 12:00:00 AM,Bammel Elementary,913,Wilson J,BAM04 PM,2:40:00 PM,3:08:08 PM,,3:08:08 PM,,,
9/22/2025 12:00:00 AM,Bammel Elementary,914,Brown K,BAM05 PM,2:40:00 PM,3:04:45 PM,,3:04:45 PM,,,
9/22/2025 12:00:00 AM,Cooper Elementary,920,Miller S,COO01 PM,2:40:00 PM,2:59:03 PM,,2:59:03 PM,,,
9/22/2025 12:00:00 AM,Cooper Elementary,921,Wilson J,COO02 PM,2:40:00 PM,3:00:53 PM,,3:00:53 PM,,,
9/22/2025 12:00:00 AM,Cooper Elementary,922,Anderson C,COO03 PM,2:40:00 PM,,,3:05:04 PM,,,
9/22/2025 12:00:00 AM,Cooper Elementary,923,Moore A,COO04 PM,2:40:00 PM,2:49:17 PM,,2:49:17 PM,,,
9/22/2025 12:00:00 AM,Cooper Elementary,924,Anderson C,COO05 PM,2:40:00 PM,3:00:33 PM,,3:00:33 PM,,,
9/22/2025 12:00:00 AM,Heritage Elementary,930,Brown K,HER01 PM,2:40:00 PM,3:02:59 PM,,3:02:59 PM,,,
9/22/2025 12:00:00 AM,Heritage Elementary,931,Taylor B,HER02 PM,2:40:00 PM,2:56:00 PM,,2:56:00 PM,,,
9/22/2025 12:00:00 AM,Heritage Elementary,932,Williams M,HER03 PM,2:40:00 PM,2:46:47 PM,,2:46:47 PM,,,
9/22/2025 12:00:00 AM,Heritage Elementary,933,Thomas D,HER04 PM,2:40:00 PM,2:45:00 PM,,2:45:00 PM,,,
9/22/2025 12:00:00 AM,Heritage Elementary,934,Williams M,HER05 PM,2:40:00 PM,3:05:09 PM,,3:05:09 PM,,,
9/22/2025 12:00:00 AM,Jenkins Elementary,940,Moore A,JEN01 PM,2:40:00 PM,2:53:17 PM,,2:53:17 PM,,,
9/22/2025 12:00:00 AM,Jenkins Elementary,941,Williams M,JEN02 PM,2:40:00 PM,2:54:51 PM,,2:54:51 PM,,,
9/22/2025 12:00:00 AM,Jenkins Elementary,942,Williams M,JEN03 PM,2:40:00 PM,2:52:43 PM,,2:52:43 PM,,,
9/22/2025 12:00:00 AM,Jenkins Elementary,943,Miller S,JEN04 PM,2:40:00 PM,3:15:26 PM,,3:15:26 PM,,,
9/22/2025 12:00:00 AM,Jenkins Elementary,944,Miller S,JEN05 PM,2:40:00 PM,2:52:45 PM,,2:52:45 PM,,,
9/22/2025 12:00:00 AM,Lewis Elementary,950,Anderson C,LEW01 PM,2:40:00 PM,3:05:54 PM,,3:05:54 PM,,,
9/22/2025 12:00:00 AM,Lewis Elementary,951,Johnson T,LEW02 PM,2:40:00 PM,2:56:28 PM,,2:56:28 PM,,,
9/22/2025 12:00:00 AM,Lewis Elementary,952,Wilson J,LEW03 PM,2:40:00 PM,2:55:57 PM,,2:55:57 PM,,,
9/22/2025 12:00:00 AM,Lewis Elementary,953,Taylor B,LEW04 PM,2:40:00 PM,3:14:05 PM,,3:14:05 PM,,,
9/22/2025 12:00:00 AM,Lewis Elementary,954,Anderson C,LEW05 PM,2:40:00 PM,2:54:45 PM,,2:54:45 PM,,,
9/22/2025 12:00:00 AM,Marshall Elementary,960,Brown K,MAR01 PM,2:40:00 PM,2:53:44 PM,,2:53:44 PM,,,
9/22/2025 12:00:00 AM,Marshall Elementary,961,Williams M,MAR02 PM,2:40:00 PM,3:12:00 PM,,3:12:00 PM,,,
9/22/2025 12:00:00 AM,Marshall Elementary,962,Johnson T,MAR03 PM,2:40:00 PM,3:36:41 PM,,3:36:41 PM,,,
9/22/2025 12:00:00 AM,Marshall Elementary,963,Taylor B,MAR04 PM,2:40:00 PM,3:26:06 PM,,3:26:06 PM,,,
9/22/2025 12:00:00 AM,Marshall Elementary,964,Brown K,MAR05 PM,2:40:00 PM,2:45:58 PM,,2:45:58 PM,,,
9/22/2025 12:00:00 AM,Reynolds Elementary,970,Johnson T,REY01 PM,2:40:00 PM,2:51:44 PM,,2:51:44 PM,,,
9/22/2025 12:00:00 AM,Reynolds Elementary,971,Miller S,REY02 PM,2:40:00 PM,2:54:04 PM,,2:54:04 PM,,,
9/22/2025 12:00:00 AM,Reynolds Elementary,972,Thomas D,REY03 PM,2:40:00 PM,3:28:22 PM,,3:28:22 PM,,,
9/22/2025 12:00:00 AM,Reynolds Elementary,973,Wilson J,REY04 PM,2:40:00 PM,2:58:31 PM,,2:58:31 PM,,,
9/22/2025 12:00:00 AM,Reynolds Elementary,974,Johnson T,REY05 PM,2:40:00 PM,2:57:45 PM,,2:57:45 PM,,,
9/22/2025 12:00:00 AM,Westfield Middle School,980,Davis R,WES01 PM,3:10:00 PM,3:47:42 PM,,3:47:42 PM,,,
9/22/2025 12:00:00 AM,Westfield Middle School,981,Thomas D,WES02 PM,3:10:00 PM,3:27:48 PM,,3:27:48 PM,,,
9/22/2025 12:00:00 AM,Westfield Middle School,982,Wilson J,WES03 PM,3:10:00 PM,3:27:20 PM,,3:27:20 PM,,,
9/22/2025 12:00:00 AM,Westfield Middle School,983,Miller S,WES04 PM,3:10:00 PM,3:33:44 PM,,3:33:44 PM,,,
9/22/2025 12:00:00 AM,Lakewood Middle School,990,Davis R,LAK01 PM,3:10:00 PM,3:28:53 PM,,3:28:53 PM,,,
9/22/2025 12:00:00 AM,Lakewood Middle School,991,Johnson T,LAK02 PM,3:10:00 PM,3:19:56 PM,,3:19:56 PM,,,
9/22/2025 12:00:00 AM,Lakewood Middle School,992,Moore A,LAK03 PM,3:10:00 PM,3:29:21 PM,,3:29:21 PM,,,
9/22/2025 12:00:00 AM,Lakewood Middle School,993,Anderson C,LAK04 PM,3:10:00 PM,3:28:19 PM,,3:28:19 PM,,,
9/22/2025 12:00:00 AM,Riverside Middle School,1000,Davis R,RIV01 PM,3:10:00 PM,3:31:11 PM,,3:31:11 PM,,,
9/22/2025 12:00:00 AM,Riverside Middle School,1001,Johnson T,RIV02 PM,3:10:00 PM,3:20:14 PM,,3:20:14 PM,,,
9/22/2025 12:00:00 AM,Riverside Middle School,1002,Brown K,RIV03 PM,3:10:00 PM,3:17:22 PM,,3:17:22 PM,,,
9/22/2025 12:00:00 AM,Riverside Middle School,1003,Williams M,RIV04 PM,3:10:00 PM,3:18:49 PM,,3:18:49 PM,,,
9/22/2025 12:00:00 AM,Metro High School,1010,Anderson C,MET01 PM,3:55:00 PM,4:23:29 PM,,4:23:29 PM,,,
9/22/2025 12:00:00 AM,Metro High School,1011,Williams M,MET02 PM,3:55:00 PM,4:17:48 PM,,4:17:48 PM,,,
9/22/2025 12:00:00 AM,Metro High School,1012,Davis R,MET03 PM,3:55:00 PM,4:05:51 PM,,4:05:51 PM,,,
9/22/2025 12:00:00 AM,Northgate High School,1020,Miller S,NOR01 PM,3:55:00 PM,4:05:35 PM,,4:05:35 PM,,,
9/22/2025 12:00:00 AM,Northgate High School,1021,Brown K,NOR02 PM,3:55:00 PM,4:08:17 PM,,4:08:17 PM,,,
9/22/2025 12:00:00 AM,Northgate High School,1022,Davis R,NOR03 PM,3:55:00 PM,4:22:12 PM,,4:22:12 PM,,,
9/23/2025 12:00:00 AM,Anderson Elementary,900,Johnson T,AND01 PM,2:40:00 PM,2:49:14 PM,,2:49:14 PM,,,
9/23/2025 12:00:00 AM,Anderson Elementary,901,Taylor B,AND02 PM,2:40:00 PM,2:46:57 PM,,2:46:57 PM,,,
9/23/2025 12:00:00 AM,Anderson Elementary,902,Williams M,AND03 PM,2:40:00 PM,2:46:22 PM,,2:46:22 PM,,,
9/23/2025 12:00:00 AM,Anderson Elementary,903,Taylor B,AND04 PM,2:40:00 PM,2:49:49 PM,,2:49:49 PM,,,
9/23/2025 12:00:00 AM,Anderson Elementary,904,Brown K,AND05 PM,2:40:00 PM,3:04:02 PM,,3:04:02 PM,,,
9/23/2025 12:00:00 AM,Bammel Elementary,910,Anderson C,BAM01 PM,2:40:00 PM,3:04:24 PM,,3:04:24 PM,,,
9/23/2025 12:00:00 AM,Bammel Elementary,911,Williams M,BAM02 PM,2:40:00 PM,2:57:35 PM,,2:57:35 PM,,,
9/23/2025 12:00:00 AM,Bammel Elementary,912,Moore A,BAM03 PM,2:40:00 PM,3:03:32 PM,,3:03:32 PM,,,
9/23/2025 12:00:00 AM,Bammel Elementary,913,Johnson T,BAM04 PM,2:40:00 PM,2:59:27 PM,,2:59:27 PM,,,
9/23/2025 12:00:00 AM,Bammel Elementary,914,Miller S,BAM05 PM,2:40:00 PM,3:05:38 PM,,3:05:38 PM,,,
9/23/2025 12:00:00 AM,Cooper Elementary,920,Brown K,COO01 PM,2:40:00 PM,2:49:16 PM,,2:49:16 PM,,,
9/23/2025 12:00:00 AM,Cooper Elementary,921,Brown K,COO02 PM,2:40:00 PM,3:06:09 PM,,3:06:09 PM,,,
9/23/2025 12:00:00 AM,Cooper Elementary,922,Anderson C,COO03 PM,2:40:00 PM,3:08:39 PM,,3:08:39 PM,,,
9/23/2025 12:00:00 AM,Cooper Elementary,923,Davis R,COO04 PM,2:40:00 PM,3:02:21 PM,,3:02:21 PM,,,
9/23/2025 12:00:00 AM,Cooper Elementary,924,Miller S,COO05 PM,2:40:00 PM,2:52:15 PM,,2:52:15 PM,,,
9/23/2025 12:00:00 AM,Heritage Elementary,930,Johnson T,HER01 PM,2:40:00 PM,,,3:00:23 PM,,,
9/23/2025 12:00:00 AM,Heritage Elementary,931,Taylor B,HER02 PM,2:40:00 PM,2:59:25 PM,,2:59:25 PM,,,
9/23/2025 12:00:00 AM,Heritage Elementary,932,Wilson J,HER03 PM,2:40:00 PM,3:19:25 PM,,3:19:25 PM,,,
9/23/2025 12:00:00 AM,Heritage Elementary,933,Anderson C,HER04 PM,2:40:00 PM,2:55:18 PM,,2:55:18 PM,,,
9/23/2025 12:00:00 AM,Heritage Elementary,934,Johnson T,HER05 PM,2:40:00 PM,3:16:48 PM,,3:16:48 PM,,,
9/23/2025 12:00:00 AM,Jenkins Elementary,940,Wilson J,JEN01 PM,2:40:00 PM,3:18:00 PM,,3:18:00 PM,,,
9/23/2025 12:00:00 AM,Jenkins Elementary,941,Davis R,JEN02 PM,2:40:00 PM,3:20:03 PM,,3:20:03 PM,,,
9/23/2025 12:00:00 AM,Jenkins Elementary,942,Anderson C,JEN03 PM,2:40:00 PM,2:55:56 PM,,2:55:56 PM,,,
9/23/2025 12:00:00 AM,Jenkins Elementary,943,Thomas D,JEN04 PM,2:40:00 PM,3:06:46 PM,,3:06:46 PM,,,
9/23/2025 12:00:00 AM,Jenkins Elementary,944,Wilson J,JEN05 PM,2:40:00 PM,2:47:58 PM,,2:47:58 PM,,,
9/23/2025 12:00:00 AM,Lewis Elementary,950,Brown K,LEW01 PM,2:40:00 PM,3:36:29 PM,,3:36:29 PM,,,
9/23/2025 12:00:00 AM,Lewis Elementary,951,Williams M,LEW02 PM,2:40:00 PM,2:55:56 PM,,2:55:56 PM,,,
9/23/2025 12:00:00 AM,Lewis Elementary,952,Taylor B,LEW03 PM,2:40:00 PM,2:59:00 PM,,2:59:00 PM,,,
9/23/2025 12:00:00 AM,Lewis Elementary,953,Johnson T,LEW04 PM,2:40:00 PM,,,3:02:20 PM,,,
9/23/2025 12:00:00 AM,Lewis Elementary,954,Anderson C,LEW05 PM,2:40:00 PM,3:16:46 PM,,3:16:46 PM,,,
9/23/2025 12:00:00 AM,Marshall Elementary,960,Wilson J,MAR01 PM,2:40:00 PM,3:03:44 PM,,3:03:44 PM,,,
9/23/2025 12:00:00 AM,Marshall Elementary,961,Moore A,MAR02 PM,2:40:00 PM,2:48:12 PM,,2:48:12 PM,,,
9/23/2025 12:00:00 AM,Marshall Elementary,962,Brown K,MAR03 PM,2:40:00 PM,3:03:46 PM,,3:03:46 PM,,,
9/23/2025 12:00:00 AM,Marshall Elementary,963,Davis R,MAR04 PM,2:40:00 PM,2:50:09 PM,,2:50:09 PM,,,
9/23/2025 12:00:00 AM,Marshall Elementary,964,Thomas D,MAR05 PM,2:40:00 PM,3:00:44 PM,,3:00:44 PM,,,
9/23/2025 12:00:00 AM,Reynolds Elementary,970,Wilson J,REY01 PM,2:40:00 PM,3:26:25 PM,,3:26:25 PM,,,
9/23/2025 12:00:00 AM,Reynolds Elementary,971,Taylor B,REY02 PM,2:40:00 PM,2:50:53 PM,,2:50:53 PM,,,
9/23/2025 12:00:00 AM,Reynolds Elementary,972,Williams M,REY03 PM,2:40:00 PM,3:02:14 PM,,3:02:14 PM,,,
9/23/2025 12:00:00 AM,Reynolds Elementary,973,Anderson C,REY04 PM,2:40:00 PM,3:05:27 PM,,3:05:27 PM,,,
9/23/2025 12:00:00 AM,Reynolds Elementary,974,Miller S,REY05 PM,2:40:00 PM,2:51:44 PM,,2:51:44 PM,,,
9/23/2025 12:00:00 AM,Westfield Middle School,980,Anderson C,WES01 PM,3:10:00 PM,3:36:54 PM,,3:36:54 PM,,,
9/23/2025 12:00:00 AM,Westfield Middle School,981,Brown K,WES02 PM,3:10:00 PM,3:51:13 PM,,3:51:13 PM,,,
9/23/2025 12:00:00 AM,Westfield Middle School,982,Moore A,WES03 PM,3:10:00 PM,3:18:34 PM,,3:18:34 PM,,,
9/23/2025 12:00:00 AM,Westfield Middle School,983,Taylor B,WES04 PM,3:10:00 PM,3:24:49 PM,,3:24:49 PM,,,
9/23/2025 12:00:00 AM,Lakewood Middle School,990,Brown K,LAK01 PM,3:10:00 PM,3:31:50 PM,,3:31:50 PM,,,
9/23/2025 12:00:00 AM,Lakewood Middle School,991,Thomas D,LAK02 PM,3:10:00 PM,3:30:02 PM,,3:30:02 PM,,,
9/23/2025 12:00:00 AM,Lakewood Middle School,992,Williams M,LAK03 PM,3:10:00 PM,3:49:04 PM,,3:49:04 PM,,,
9/23/2025 12:00:00 AM,Lakewood Middle School,993,Moore A,LAK04 PM,3:10:00 PM,3:21:37 PM,,3:21:37 PM,,,
9/23/2025 12:00:00 AM,Riverside Middle School,1000,Wilson J,RIV01 PM,3:10:00 PM,3:28:10 PM,,3:28:10 PM,,,
9/23/2025 12:00:00 AM,Riverside Middle School,1001,Taylor B,RIV02 PM,3:10:00 PM,3:37:27 PM,,3:37:27 PM,,,
9/23/2025 12:00:00 AM,Riverside Middle School,1002,Taylor B,RIV03 PM,3:10:00 PM,3:17:10 PM,,3:17:10 PM,,,
9/23/2025 12:00:00 AM,Riverside Middle School,1003,Williams M,RIV04 PM,3:10:00 PM,3:29:21 PM,,3:29:21 PM,,,
9/23/2025 12:00:00 AM,Metro High School,1010,Thomas D,MET01 PM,3:55:00 PM,4:22:44 PM,,4:22:44 PM,,,
9/23/2025 12:00:00 AM,Metro High School,1011,Williams M,MET02 PM,3:55:00 PM,4:18:40 PM,,4:18:40 PM,,,
9/23/2025 12:00:00 AM,Metro High School,1012,Brown K,MET03 PM,3:55:00 PM,4:12:17 PM,,4:12:17 PM,,,
9/23/2025 12:00:00 AM,Northgate High School,1020,Taylor B,NOR01 PM,3:55:00 PM,4:17:29 PM,,4:17:29 PM,,,
9/23/2025 12:00:00 AM,Northgate High School,1021,Moore A,NOR02 PM,3:55:00 PM,4:02:26 PM,,4:02:26 PM,,,
9/23/2025 12:00:00 AM,Northgate High School,1022,Wilson J,NOR03 PM,3:55:00 PM,4:11:20 PM,,4:11:20 PM,,,
9/24/2025 12:00:00 AM,Anderson Elementary,900,Johnson T,AND01 PM,2:40:00 PM,3:25:05 PM,,3:25:05 PM,,,
9/24/2025 12:00:00 AM,Anderson Elementary,901,Wilson J,AND02 PM,2:40:00 PM,,,2:59:22 PM,,,
9/24/2025 12:00:00 AM,Anderson Elementary,902,Williams M,AND03 PM,2:40:00 PM,2:47:54 PM,,2:47:54 PM,,,
9/24/2025 12:00:00 AM,Anderson Elementary,903,Anderson C,AND04 PM,2:40:00 PM,2:54:26 PM,,2:54:26 PM,,,
9/24/2025 12:00:00 AM,Anderson Elementary,904,Wilson J,AND05 PM,2:40:00 PM,2:54:39 PM,,2:54:39 PM,,,
9/24/2025 12:00:00 AM,Bammel Elementary,910,Thomas D,BAM01 PM,2:40:00 PM,2:54:14 PM,,2:54:14 PM,,,
9/24/2025 12:00:00 AM,Bammel Elementary,911,Moore A,BAM02 PM,2:40:00 PM,2:46:37 PM,,2:46:37 PM,,,
9/24/2025 12:00:00 AM,Bammel Elementary,912,Thomas D,BAM03 PM,2:40:00 PM,3:01:37 PM,,3:01:37 PM,,,
9/24/2025 12:00:00 AM,Bammel Elementary,913,Davis R,BAM04 PM,2:40:00 PM,2:50:07 PM,,2:50:07 PM,,,
9/24/2025 12:00:00 AM,Bammel Elementary,914,Wilson J,BAM05 PM,2:40:00 PM,3:03:08 PM,,3:03:08 PM,,,
9/24/2025 12:00:00 AM,Cooper Elementary,920,Davis R,COO01 PM,2:40:00 PM,3:15:46 PM,,3:15:46 PM,,,
9/24/2025 12:00:00 AM,Cooper Elementary,921,Johnson T,COO02 PM,2:40:00 PM,2:59:21 PM,,2:59:21 PM,,,
9/24/2025 12:00:00 AM,Cooper Elementary,922,Thomas D,COO03 PM,2:40:00 PM,2:58:51 PM,,2:58:51 PM,,,
9/24/2025 12:00:00 AM,Cooper Elementary,923,Davis R,COO04 PM,2:40:00 PM,2:55:25 PM,,2:55:25 PM,,,
9/24/2025 12:00:00 AM,Cooper Elementary,924,Davis R,COO05 PM,2:40:00 PM,3:17:53 PM,,3:17:53 PM,,,
9/24/2025 12:00:00 AM,Heritage Elementary,930,Davis R,HER01 PM,2:40:00 PM,2:45:19 PM,,2:45:19 PM,,,
9/24/2025 12:00:00 AM,Heritage Elementary,931,Thomas D,HER02 PM,2:40:00 PM,3:05:20 PM,,3:05:20 PM,,,
9/24/2025 12:00:00 AM,Heritage Elementary,932,Miller S,HER03 PM,2:40:00 PM,3:00:28 PM,,3:00:28 PM,,,
9/24/2025 12:00:00 AM,Heritage Elementary,933,Miller S,HER04 PM,2:40:00 PM,3:02:50 PM,,3:02:50 PM,,,
9/24/2025 12:00:00 AM,Heritage Elementary,934,Brown K,HER05 PM,2:40:00 PM,2:59:48 PM,,2:59:48 PM,,,
9/24/2025 12:00:00 AM,Jenkins Elementary,940,Davis R,JEN01 PM,2:40:00 PM,2:55:25 PM,,2:55:25 PM,,,
9/24/2025 12:00:00 AM,Jenkins Elementary,941,Davis R,JEN02 PM,2:40:00 PM,2:47:46 PM,,2:47:46 PM,,,
9/24/2025 12:00:00 AM,Jenkins Elementary,942,Taylor B,JEN03 PM,2:40:00 PM,3:04:22 PM,,3:04:22 PM,,,
9/24/2025 12:00:00 AM,Jenkins Elementary,943,Johnson T,JEN04 PM,2:40:00 PM,2:52:47 PM,,2:52:47 PM,,,
9/24/2025 12:00:00 AM,Jenkins Elementary,944,Taylor B,JEN05 PM,2:40:00 PM,2:54:29 PM,,2:54:29 PM,,,
9/24/2025 12:00:00 AM,Lewis Elementary,950,Johnson T,LEW01 PM,2:40:00 PM,2:56:03 PM,,2:56:03 PM,,,
9/24/2025 12:00:00 AM,Lewis Elementary,951,Miller S,LEW02 PM,2:40:00 PM,3:31:40 PM,,3:31:40 PM,,,
9/24/2025 12:00:00 AM,Lewis Elementary,952,Miller S,LEW03 PM,2:40:00 PM,2:57:23 PM,,2:57:23 PM,,,
9/24/2025 12:00:00 AM,Lewis Elementary,953,Taylor B,LEW04 PM,2:40:00 PM,3:16:09 PM,,3:16:09 PM,,,
9/24/2025 12:00:00 AM,Lewis Elementary,954,Thomas D,LEW05 PM,2:40:00 PM,3:01:46 PM,,3:01:46 PM,,,
9/24/2025 12:00:00 AM,Marshall Elementary,960,Davis R,MAR01 PM,2:40:00 PM,2:49:05 PM,,2:49:05 PM,,,
9/24/2025 12:00:00 AM,Marshall Elementary,961,Anderson C,MAR02 PM,2:40:00 PM,3:08:39 PM,,3:08:39 PM,,,
9/24/2025 12:00:00 AM,Marshall Elementary,962,Johnson T,MAR03 PM,2:40:00 PM,2:48:37 PM,,2:48:37 PM,,,
9/24/2025 12:00:00 AM,Marshall Elementary,963,Wilson J,MAR04 PM,2:40:00 PM,2:50:09 PM,,2:50:09 PM,,,
9/24/2025 12:00:00 AM,Marshall Elementary,964,Miller S,MAR05 PM,2:40:00 PM,3:15:09 PM,,3:15:09 PM,,,
9/24/2025 12:00:00 AM,Reynolds Elementary,970,Wilson J,REY01 PM,2:40:00 PM,3:40:12 PM,,3:40:12 PM,,,
9/24/2025 12:00:00 AM,Reynolds Elementary,971,Anderson C,REY02 PM,2:40:00 PM,3:11:19 PM,,3:11:19 PM,,,
9/24/2025 12:00:00 AM,Reynolds Elementary,972,Anderson C,REY03 PM,2:40:00 PM,2:56:39 PM,,2:56:39 PM,,,
9/24/2025 12:00:00 AM,Reynolds Elementary,973,Wilson J,REY04 PM,2:40:00 PM,3:07:57 PM,,3:07:57 PM,,,
9/24/2025 12:00:00 AM,Reynolds Elementary,974,Davis R,REY05 PM,2:40:00 PM,3:00:30 PM,,3:00:30 PM,,,
9/24/2025 12:00:00 AM,Westfield Middle School,980,Wilson J,WES01 PM,3:10:00 PM,3:19:51 PM,,3:19:51 PM,,,
9/24/2025 12:00:00 AM,Westfield Middle School,981,Wilson J,WES02 PM,3:10:00 PM,3:28:13 PM,,3:28:13 PM,,,
9/24/2025 12:00:00 AM,Westfield Middle School,982,Wilson J,WES03 PM,3:10:00 PM,3:19:41 PM,,3:19:41 PM,,,
9/24/2025 12:00:00 AM,Westfield Middle School,983,Miller S,WES04 PM,3:10:00 PM,,,3:36:21 PM,,,
9/24/2025 12:00:00 AM,Lakewood Middle School,990,Williams M,LAK01 PM,3:10:00 PM,3:32:54 PM,,3:32:54 PM,,,
9/24/2025 12:00:00 AM,Lakewood Middle School,991,Williams M,LAK02 PM,3:10:00 PM,3:38:18 PM,,3:38:18 PM,,,
9/24/2025 12:00:00 AM,Lakewood Middle School,992,Wilson J,LAK03 PM,3:10:00 PM,3:15:06 PM,,3:15:06 PM,,,
9/24/2025 12:00:00 AM,Lakewood Middle School,993,Wilson J,LAK04 PM,3:10:00 PM,3:36:00 PM,,3:36:00 PM,,,
9/24/2025 12:00:00 AM,Riverside Middle School,1000,Thomas D,RIV01 PM,3:10:00 PM,3:25:33 PM,,3:25:33 PM,,,
9/24/2025 12:00:00 AM,Riverside Middle School,1001,Moore A,RIV02 PM,3:10:00 PM,3:19:13 PM,,3:19:13 PM,,,
9/24/2025 12:00:00 AM,Riverside Middle School,1002,Thomas D,RIV03 PM,3:10:00 PM,3:24:44 PM,,3:24:44 PM,,,
9/24/2025 12:00:00 AM,Riverside Middle School,1003,Thomas D,RIV04 PM,3:10:00 PM,3:31:58 PM,,3:31:58 PM,,,
9/24/2025 12:00:00 AM,Metro High School,1010,Taylor B,MET01 PM,3:55:00 PM,4:19:17 PM,,4:19:17 PM,,,
9/24/2025 12:00:00 AM,Metro High School,1011,Brown K,MET02 PM,3:55:00 PM,4:13:27 PM,,4:13:27 PM,,,
9/24/2025 12:00:00 AM,Metro High School,1012,Johnson T,MET03 PM,3:55:00 PM,4:17:25 PM,,4:17:25 PM,,,
9/24/2025 12:00:00 AM,Northgate High School,1020,Wilson J,NOR01 PM,3:55:00 PM,4:07:35 PM,,4:07:35 PM,,,
9/24/2025 12:00:00 AM,Northgate High School,1021,Brown K,NOR02 PM,3:55:00 PM,4:01:28 PM,,4:01:28 PM,,,
9/24/2025 12:00:00 AM,Northgate High School,1022,Taylor B,NOR03 PM,3:55:00 PM,4:16:39 PM,,4:16:39 PM,,,
9/25/2025 12:00:00 AM,Anderson Elementary,900,Taylor B,AND01 PM,2:40:00 PM,3:02:58 PM,,3:02:58 PM,,,
9/25/2025 12:00:00 AM,Anderson Elementary,901,Moore A,AND02 PM,2:40:00 PM,3:17:09 PM,,3:17:09 PM,,,
9/25/2025 12:00:00 AM,Anderson Elementary,902,Davis R,AND03 PM,2:40:00 PM,3:22:57 PM,,3:22:57 PM,,,
9/25/2025 12:00:00 AM,Anderson Elementary,903,Williams M,AND04 PM,2:40:00 PM,3:26:31 PM,,3:26:31 PM,,,
9/25/2025 12:00:00 AM,Anderson Elementary,904,Wilson J,AND05 PM,2:40:00 PM,3:05:52 PM,,3:05:52 PM,,,
9/25/2025 12:00:00 AM,Bammel Elementary,910,Brown K,BAM01 PM,2:40:00 PM,3:03:26 PM,,3:03:26 PM,,,
9/25/2025 12:00:00 AM,Bammel Elementary,911,Davis R,BAM02 PM,2:40:00 PM,3:07:52 PM,,3:07:52 PM,,,
9/25/2025 12:00:00 AM,Bammel Elementary,912,Wilson J,BAM03 PM,2:40:00 PM,3:29:53 PM,,3:29:53 PM,,,
9/25/2025 12:00:00 AM,Bammel Elementary,913,Davis R,BAM04 PM,2:40:00 PM,3:04:17 PM,,3:04:17 PM,,,
9/25/2025 12:00:00 AM,Bammel Elementary,914,Taylor B,BAM05 PM,2:40:00 PM,3:00:09 PM,,3:00:09 PM,,,
9/25/2025 12:00:00 AM,Cooper Elementary,920,Thomas D,COO01 PM,2:40:00 PM,,,2:47:29 PM,,,
9/25/2025 12:00:00 AM,Cooper Elementary,921,Miller S,COO02 PM,2:40:00 PM,2:57:17 PM,,2:57:17 PM,,,
9/25/2025 12:00:00 AM,Cooper Elementary,922,Thomas D,COO03 PM,2:40:00 PM,3:01:40 PM,,3:01:40 PM,,,
9/25/2025 12:00:00 AM,Cooper Elementary,923,Thomas D,COO04 PM,2:40:00 PM,2:45:16 PM,,2:45:16 PM,,,
9/25/2025 12:00:00 AM,Cooper Elementary,924,Thomas D,COO05 PM,2:40:00 PM,3:14:53 PM,,3:14:53 PM,,,
9/25/2025 12:00:00 AM,Heritage Elementary,930,Moore A,HER01 PM,2:40:00 PM,2:46:01 PM,,2:46:01 PM,,,
9/25/2025 12:00:00 AM,Heritage Elementary,931,Anderson C,HER02 PM,2:40:00 PM,3:02:36 PM,,3:02:36 PM,,,
9/25/2025 12:00:00 AM,Heritage Elementary,932,Taylor B,HER03 PM,2:40:00 PM,3:08:06 PM,,3:08:06 PM,,,
9/25/2025 12:00:00 AM,Heritage Elementary,933,Davis R,HER04 PM,2:40:00 PM,2:46:43 PM,,2:46:43 PM,,,
9/25/2025 12:00:00 AM,Heritage Elementary,934,Moore A,HER05 PM,2:40:00 PM,3:22:24 PM,,3:22:24 PM,,,
9/25/2025 12:00:00 AM,Jenkins Elementary,940,Thomas D,JEN01 PM,2:40:00 PM,2:46:32 PM,,2:46:32 PM,,,
9/25/2025 12:00:00 AM,Jenkins Elementary,941,Williams M,JEN02 PM,2:40:00 PM,2:51:27 PM,,2:51:27 PM,,,
9/25/2025 12:00:00 AM,Jenkins Elementary,942,Davis R,JEN03 PM,2:40:00 PM,2:46:25 PM,,2:46:25 PM,,,
9/25/2025 12:00:00 AM,Jenkins Elementary,943,Anderson C,JEN04 PM,2:40:00 PM,3:23:09 PM,,3:23:09 PM,,,
9/25/2025 12:00:00 AM,Jenkins Elementary,944,Wilson J,JEN05 PM,2:40:00 PM,2:58:49 PM,,2:58:49 PM,,,
9/25/2025 12:00:00 AM,Lewis Elementary,950,Thomas D,LEW01 PM,2:40:00 PM,2:53:31 PM,,2:53:31 PM,,,
9/25/2025 12:00:00 AM,Lewis Elementary,951,Anderson C,LEW02 PM,2:40:00 PM,2:48:54 PM,,2:48:54 PM,,,
9/25/2025 12:00:00 AM,Lewis Elementary,952,Davis R,LEW03 PM,2:40:00 PM,2:56:13 PM,,2:56:13 PM,,,
9/25/2025 12:00:00 AM,Lewis Elementary,953,Johnson T,LEW04 PM,2:40:00 PM,3:40:45 PM,,3:40:45 PM,,,
9/25/2025 12:00:00 AM,Lewis Elementary,954,Brown K,LEW05 PM,2:40:00 PM,3:08:15 PM,,3:08:15 PM,,,
9/25/2025 12:00:00 AM,Marshall Elementary,960,Wilson J,MAR01 PM,2:40:00 PM,2:56:08 PM,,2:56:08 PM,,,
9/25/2025 12:00:00 AM,Marshall Elementary,961,Moore A,MAR02 PM,2:40:00 PM,2:46:21 PM,,2:46:21 PM,,,
9/25/2025 12:00:00 AM,Marshall Elementary,962,Johnson T,MAR03 PM,2:40:00 PM,2:52:48 PM,,2:52:48 PM,,,
9/25/2025 12:00:00 AM,Marshall Elementary,963,Brown K,MAR04 PM,2:40:00 PM,3:38:29 PM,,3:38:29 PM,,,
9/25/2025 12:00:00 AM,Marshall Elementary,964,Thomas D,MAR05 PM,2:40:00 PM,2:52:31 PM,,2:52:31 PM,,,
9/25/2025 12:00:00 AM,Reynolds Elementary,970,Davis R,REY01 PM,2:40:00 PM,3:05:33 PM,,3:05:33 PM,,,
9/25/2025 12:00:00 AM,Reynolds Elementary,971,Johnson T,REY02 PM,2:40:00 PM,2:50:30 PM,,2:50:30 PM,,,
9/25/2025 12:00:00 AM,Reynolds Elementary,972,Miller S,REY03 PM,2:40:00 PM,2:59:44 PM,,2:59:44 PM,,,
9/25/2025 12:00:00 AM,Reynolds Elementary,973,Davis R,REY04 PM,2:40:00 PM,3:03:55 PM,,3:03:55 PM,,,
9/25/2025 12:00:00 AM,Reynolds Elementary,974,Taylor B,REY05 PM,2:40:00 PM,3:08:24 PM,,3:08:24 PM,,,
9/25/2025 12:00:00 AM,Westfield Middle School,980,Moore A,WES01 PM,3:10:00 PM,3:33:16 PM,,3:33:16 PM,,,
9/25/2025 12:00:00 AM,Westfield Middle School,981,Wilson J,WES02 PM,3:10:00 PM,3:16:34 PM,,3:16:34 PM,,,
9/25/2025 12:00:00 AM,Westfield Middle School,982,Davis R,WES03 PM,3:10:00 PM,3:17:34 PM,,3:17:34 PM,,,
9/25/2025 12:00:00 AM,Westfield Middle School,983,Miller S,WES04 PM,3:10:00 PM,3:34:48 PM,,3:34:48 PM,,,
9/25/2025 12:00:00 AM,Lakewood Middle School,990,Taylor B,LAK01 PM,3:10:00 PM,3:56:21 PM,,3:56:21 PM,,,
9/25/2025 12:00:00 AM,Lakewood Middle School,991,Anderson C,LAK02 PM,3:10:00 PM,3:17:28 PM,,3:17:28 PM,,,
9/25/2025 12:00:00 AM,Lakewood Middle School,992,Anderson C,LAK03 PM,3:10:00 PM,3:21:40 PM,,3:21:40 PM,,,
9/25/2025 12:00:00 AM,Lakewood Middle School,993,Williams M,LAK04 PM,3:10:00 PM,4:10:21 PM,,4:10:21 PM,,,
9/25/2025 12:00:00 AM,Riverside Middle School,1000,Davis R,RIV01 PM,3:10:00 PM,3:38:13 PM,,3:38:13 PM,,,
9/25/2025 12:00:00 AM,Riverside Middle School,1001,Anderson C,RIV02 PM,3:10:00 PM,3:30:53 PM,,3:30:53 PM,,,
9/25/2025 12:00:00 AM,Riverside Middle School,1002,Wilson J,RIV03 PM,3:10:00 PM,3:18:28 PM,,3:18:28 PM,,,
9/25/2025 12:00:00 AM,Riverside Middle School,1003,Wilson J,RIV04 PM,3:10:00 PM,3:26:05 PM,,3:26:05 PM,,,
9/25/2025 12:00:00 AM,Metro High School,1010,Anderson C,MET01 PM,3:55:00 PM,4:36:12 PM,,4:36:12 PM,,,
9/25/2025 12:00:00 AM,Metro High School,1011,Williams M,MET02 PM,3:55:00 PM,4:43:08 PM,,4:43:08 PM,,,
9/25/2025 12:00:00 AM,Metro High School,1012,Brown K,MET03 PM,3:55:00 PM,4:22:33 PM,,4:22:33 PM,,,
9/25/2025 12:00:00 AM,Northgate High School,1020,Williams M,NOR01 PM,3:55:00 PM,4:06:45 PM,,4:06:45 PM,,,
9/25/2025 12:00:00 AM,Northgate High School,1021,Wilson J,NOR02 PM,3:55:00 PM,4:28:13 PM,,4:28:13 PM,,,
9/25/2025 12:00:00 AM,Northgate High School,1022,Thomas D,NOR03 PM,3:55:00 PM,4:20:21 PM,,4:20:21 PM,,,
9/26/2025 12:00:00 AM,Anderson Elementary,900,Wilson J,AND01 PM,2:40:00 PM,2:57:52 PM,,2:57:52 PM,,,
9/26/2025 12:00:00 AM,Anderson Elementary,901,Thomas D,AND02 PM,2:40:00 PM,2:57:43 PM,,2:57:43 PM,,,
9/26/2025 12:00:00 AM,Anderson Elementary,902,Anderson C,AND03 PM,2:40:00 PM,3:04:26 PM,,3:04:26 PM,,,
9/26/2025 12:00:00 AM,Anderson Elementary,903,Johnson T,AND04 PM,2:40:00 PM,3:19:04 PM,,3:19:04 PM,,,
9/26/2025 12:00:00 AM,Anderson Elementary,904,Johnson T,AND05 PM,2:40:00 PM,3:21:34 PM,,3:21:34 PM,,,
9/26/2025 12:00:00 AM,Bammel Elementary,910,Miller S,BAM01 PM,2:40:00 PM,,,2:59:31 PM,,,
9/26/2025 12:00:00 AM,Bammel Elementary,911,Moore A,BAM02 PM,2:40:00 PM,3:06:17 PM,,3:06:17 PM,,,
9/26/2025 12:00:00 AM,Bammel Elementary,912,Thomas D,BAM03 PM,2:40:00 PM,2:46:26 PM,,2:46:26 PM,,,
9/26/2025 12:00:00 AM,Bammel Elementary,913,Thomas D,BAM04 PM,2:40:00 PM,2:53:39 PM,,2:53:39 PM,,,
9/26/2025 12:00:00 AM,Bammel Elementary,914,Wilson J,BAM05 PM,2:40:00 PM,3:21:34 PM,,3:21:34 PM,,,
9/26/2025 12:00:00 AM,Cooper Elementary,920,Taylor B,COO01 PM,2:40:00 PM,3:02:07 PM,,3:02:07 PM,,,
9/26/2025 12:00:00 AM,Cooper Elementary,921,Miller S,COO02 PM,2:40:00 PM,3:01:57 PM,,3:01:57 PM,,,
9/26/2025 12:00:00 AM,Cooper Elementary,922,Anderson C,COO03 PM,2:40:00 PM,2:51:25 PM,,2:51:25 PM,,,
9/26/2025 12:00:00 AM,Cooper Elementary,923,Johnson T,COO04 PM,2:40:00 PM,2:48:22 PM,,2:48:22 PM,,,
9/26/2025 12:00:00 AM,Cooper Elementary,924,Brown K,COO05 PM,2:40:00 PM,3:13:41 PM,,3:13:41 PM,,,
9/26/2025 12:00:00 AM,Heritage Elementary,930,Williams M,HER01 PM,2:40:00 PM,,,2:54:44 PM,,,
9/26/2025 12:00:00 AM,Heritage Elementary,931,Thomas D,HER02 PM,2:40:00 PM,2:52:53 PM,,2:52:53 PM,,,
9/26/2025 12:00:00 AM,Heritage Elementary,932,Thomas D,HER03 PM,2:40:00 PM,,,3:04:30 PM,,,
9/26/2025 12:00:00 AM,Heritage Elementary,933,Brown K,HER04 PM,2:40:00 PM,2:56:05 PM,,2:56:05 PM,,,
9/26/2025 12:00:00 AM,Heritage Elementary,934,Brown K,HER05 PM,2:40:00 PM,2:48:34 PM,,2:48:34 PM,,,
9/26/2025 12:00:00 AM,Jenkins Elementary,940,Davis R,JEN01 PM,2:40:00 PM,2:45:09 PM,,2:45:09 PM,,,
9/26/2025 12:00:00 AM,Jenkins Elementary,941,Brown K,JEN02 PM,2:40:00 PM,3:18:25 PM,,3:18:25 PM,,,
9/26/2025 12:00:00 AM,Jenkins Elementary,942,Brown K,JEN03 PM,2:40:00 PM,2:55:29 PM,,2:55:29 PM,,,
9/26/2025 12:00:00 AM,Jenkins Elementary,943,Johnson T,JEN04 PM,2:40:00 PM,2:59:13 PM,,2:59:13 PM,,,
9/26/2025 12:00:00 AM,Jenkins Elementary,944,Johnson T,JEN05 PM,2:40:00 PM,3:29:02 PM,,3:29:02 PM,,,
9/26/2025 12:00:00 AM,Lewis Elementary,950,Williams M,LEW01 PM,2:40:00 PM,2:55:55 PM,,2:55:55 PM,,,
9/26/2025 12:00:00 AM,Lewis Elementary,951,Moore A,LEW02 PM,2:40:00 PM,3:13:30 PM,,3:13:30 PM,,,
9/26/2025 12:00:00 AM,Lewis Elementary,952,Miller S,LEW03 PM,2:40:00 PM,3:40:57 PM,,3:40:57 PM,,,
9/26/2025 12:00:00 AM,Lewis Elementary,953,Williams M,LEW04 PM,2:40:00 PM,2:47:09 PM,,2:47:09 PM,,,
9/26/2025 12:00:00 AM,Lewis Elementary,954,Miller S,LEW05 PM,2:40:00 PM,2:51:43 PM,,2:51:43 PM,,,
9/26/2025 12:00:00 AM,Marshall Elementary,960,Williams M,MAR01 PM,2:40:00 PM,,,3:33:17 PM,,,
9/26/2025 12:00:00 AM,Marshall Elementary,961,Wilson J,MAR02 PM,2:40:00 PM,2:48:06 PM,,2:48:06 PM,,,
9/26/2025 12:00:00 AM,Marshall Elementary,962,Anderson C,MAR03 PM,2:40:00 PM,3:07:18 PM,,3:07:18 PM,,,
9/26/2025 12:00:00 AM,Marshall Elementary,963,Moore A,MAR04 PM,2:40:00 PM,2:51:29 PM,,2:51:29 PM,,,
9/26/2025 12:00:00 AM,Marshall Elementary,964,Johnson T,MAR05 PM,2:40:00 PM,2:59:52 PM,,2:59:52 PM,,,
9/26/2025 12:00:00 AM,Reynolds Elementary,970,Williams M,REY01 PM,2:40:00 PM,2:54:02 PM,,2:54:02 PM,,,
9/26/2025 12:00:00 AM,Reynolds Elementary,971,Anderson C,REY02 PM,2:40:00 PM,3:08:40 PM,,3:08:40 PM,,,
9/26/2025 12:00:00 AM,Reynolds Elementary,972,Wilson J,REY03 PM,2:40:00 PM,2:46:32 PM,,2:46:32 PM,,,
9/26/2025 12:00:00 AM,Reynolds Elementary,973,Anderson C,REY04 PM,2:40:00 PM,2:50:12 PM,,2:50:12 PM,,,
9/26/2025 12:00:00 AM,Reynolds Elementary,974,Brown K,REY05 PM,2:40:00 PM,,,2:48:24 PM,,,
9/26/2025 12:00:00 AM,Westfield Middle School,980,Davis R,WES01 PM,3:10:00 PM,,,3:36:36 PM,,,
9/26/2025 12:00:00 AM,Westfield Middle School,981,Thomas D,WES02 PM,3:10:00 PM,3:17:24 PM,,3:17:24 PM,,,
9/26/2025 12:00:00 AM,Westfield Middle School,982,Davis R,WES03 PM,3:10:00 PM,3:33:46 PM,,3:33:46 PM,,,
9/26/2025 12:00:00 AM,Westfield Middle School,983,Moore A,WES04 PM,3:10:00 PM,3:58:27 PM,,3:58:27 PM,,,
9/26/2025 12:00:00 AM,Lakewood Middle School,990,Davis R,LAK01 PM,3:10:00 PM,3:22:15 PM,,3:22:15 PM,,,
9/26/2025 12:00:00 AM,Lakewood Middle School,991,Davis R,LAK02 PM,3:10:00 PM,3:34:35 PM,,3:34:35 PM,,,
9/26/2025 12:00:00 AM,Lakewood Middle School,992,Anderson C,LAK03 PM,3:10:00 PM,3:36:00 PM,,3:36:00 PM,,,
9/26/2025 12:00:00 AM,Lakewood Middle School,993,Davis R,LAK04 PM,3:10:00 PM,3:23:18 PM,,3:23:18 PM,,,
9/26/2025 12:00:00 AM,Riverside Middle School,1000,Moore A,RIV01 PM,3:10:00 PM,,,3:34:45 PM,,,
9/26/2025 12:00:00 AM,Riverside Middle School,1001,Anderson C,RIV02 PM,3:10:00 PM,3:29:38 PM,,3:29:38 PM,,,
9/26/2025 12:00:00 AM,Riverside Middle School,1002,Brown K,RIV03 PM,3:10:00 PM,3:56:16 PM,,3:56:16 PM,,,
9/26/2025 12:00:00 AM,Riverside Middle School,1003,Davis R,RIV04 PM,3:10:00 PM,3:22:22 PM,,3:22:22 PM,,,
9/26/2025 12:00:00 AM,Metro High School,1010,Miller S,MET01 PM,3:55:00 PM,4:10:06 PM,,4:10:06 PM,,,
9/26/2025 12:00:00 AM,Metro High School,1011,Brown K,MET02 PM,3:55:00 PM,4:38:07 PM,,4:38:07 PM,,,
9/26/2025 12:00:00 AM,Metro High School,1012,Thomas D,MET03 PM,3:55:00 PM,4:17:15 PM,,4:17:15 PM,,,
9/26/2025 12:00:00 AM,Northgate High School,1020,Johnson T,NOR01 PM,3:55:00 PM,4:20:27 PM,,4:20:27 PM,,,
9/26/2025 12:00:00 AM,Northgate High School,1021,Johnson T,NOR02 PM,3:55:00 PM,4:13:48 PM,,4:13:48 PM,,,
9/26/2025 12:00:00 AM,Northgate High School,1022,Moore A,NOR03 PM,3:55:00 PM,4:07:54 PM,,4:07:54 PM,,,
9/29/2025 12:00:00 AM,Anderson Elementary,900,Johnson T,AND01 PM,2:40:00 PM,3:05:13 PM,,3:05:13 PM,,,
9/29/2025 12:00:00 AM,Anderson Elementary,901,Brown K,AND02 PM,2:40:00 PM,3:28:10 PM,,3:28:10 PM,,,
9/29/2025 12:00:00 AM,Anderson Elementary,902,Williams M,AND03 PM,2:40:00 PM,2:45:32 PM,,2:45:32 PM,,,
9/29/2025 12:00:00 AM,Anderson Elementary,903,Moore A,AND04 PM,2:40:00 PM,2:47:59 PM,,2:47:59 PM,,,
9/29/2025 12:00:00 AM,Anderson Elementary,904,Moore A,AND05 PM,2:40:00 PM,3:00:29 PM,,3:00:29 PM,,,
9/29/2025 12:00:00 AM,Bammel Elementary,910,Johnson T,BAM01 PM,2:40:00 PM,3:01:36 PM,,3:01:36 PM,,,
9/29/2025 12:00:00 AM,Bammel Elementary,911,Brown K,BAM02 PM,2:40:00 PM,3:08:48 PM,,3:08:48 PM,,,
9/29/2025 12:00:00 AM,Bammel Elementary,912,Brown K,BAM03 PM,2:40:00 PM,2:50:22 PM,,2:50:22 PM,,,
9/29/2025 12:00:00 AM,Bammel Elementary,913,Moore A,BAM04 PM,2:40:00 PM,3:06:45 PM,,3:06:45 PM,,,
9/29/2025 12:00:00 AM,Bammel Elementary,914,Anderson C,BAM05 PM,2:40:00 PM,2:55:43 PM,,2:55:43 PM,,,
9/29/2025 12:00:00 AM,Cooper Elementary,920,Anderson C,COO01 PM,2:40:00 PM,2:45:25 PM,,2:45:25 PM,,,
9/29/2025 12:00:00 AM,Cooper Elementary,921,Williams M,COO02 PM,2:40:00 PM,3:08:17 PM,,3:08:17 PM,,,
9/29/2025 12:00:00 AM,Cooper Elementary,922,Johnson T,COO03 PM,2:40:00 PM,2:52:31 PM,,2:52:31 PM,,,
9/29/2025 12:00:00 AM,Cooper Elementary,923,Johnson T,COO04 PM,2:40:00 PM,3:02:52 PM,,3:02:52 PM,,,
9/29/2025 12:00:00 AM,Cooper Elementary,924,Johnson T,COO05 PM,2:40:00 PM,3:26:52 PM,,3:26:52 PM,,,
9/29/2025 12:00:00 AM,Heritage Elementary,930,Taylor B,HER01 PM,2:40:00 PM,3:08:06 PM,,3:08:06 PM,,,
9/29/2025 12:00:00 AM,Heritage Elementary,931,Brown K,HER02 PM,2:40:00 PM,2:48:37 PM,,2:48:37 PM,,,
9/29/2025 12:00:00 AM,Heritage Elementary,932,Anderson C,HER03 PM,2:40:00 PM,2:59:21 PM,,2:59:21 PM,,,
9/29/2025 12:00:00 AM,Heritage Elementary,933,Williams M,HER04 PM,2:40:00 PM,3:00:08 PM,,3:00:08 PM,,,
9/29/2025 12:00:00 AM,Heritage Elementary,934,Johnson T,HER05 PM,2:40:00 PM,3:07:32 PM,,3:07:32 PM,,,
9/29/2025 12:00:00 AM,Jenkins Elementary,940,Brown K,JEN01 PM,2:40:00 PM,3:19:30 PM,,3:19:30 PM,,,
9/29/2025 12:00:00 AM,Jenkins Elementary,941,Davis R,JEN02 PM,2:40:00 PM,,,3:39:35 PM,,,
9/29/2025 12:00:00 AM,Jenkins Elementary,942,Johnson T,JEN03 PM,2:40:00 PM,3:12:00 PM,,3:12:00 PM,,,
9/29/2025 12:00:00 AM,Jenkins Elementary,943,Miller S,JEN04 PM,2:40:00 PM,3:14:25 PM,,3:14:25 PM,,,
9/29/2025 12:00:00 AM,Jenkins Elementary,944,Moore A,JEN05 PM,2:40:00 PM,2:59:43 PM,,2:59:43 PM,,,
9/29/2025 12:00:00 AM,Lewis Elementary,950,Thomas D,LEW01 PM,2:40:00 PM,2:49:05 PM,,2:49:05 PM,,,
9/29/2025 12:00:00 AM,Lewis Elementary,951,Moore A,LEW02 PM,2:40:00 PM,3:17:12 PM,,3:17:12 PM,,,
9/29/2025 12:00:00 AM,Lewis Elementary,952,Miller S,LEW03 PM,2:40:00 PM,2:52:36 PM,,2:52:36 PM,,,
9/29/2025 12:00:00 AM,Lewis Elementary,953,Miller S,LEW04 PM,2:40:00 PM,,,2:46:02 PM,,,
9/29/2025 12:00:00 AM,Lewis Elementary,954,Brown K,LEW05 PM,2:40:00 PM,3:02:24 PM,,3:02:24 PM,,,
9/29/2025 12:00:00 AM,Marshall Elementary,960,Davis R,MAR01 PM,2:40:00 PM,,,2:43:56 PM,,,
9/29/2025 12:00:00 AM,Marshall Elementary,961,Miller S,MAR02 PM,2:40:00 PM,3:03:50 PM,,3:03:50 PM,,,
9/29/2025 12:00:00 AM,Marshall Elementary,962,Taylor B,MAR03 PM,2:40:00 PM,2:47:57 PM,,2:47:57 PM,,,
9/29/2025 12:00:00 AM,Marshall Elementary,963,Williams M,MAR04 PM,2:40:00 PM,2:56:16 PM,,2:56:16 PM,,,
9/29/2025 12:00:00 AM,Marshall Elementary,964,Thomas D,MAR05 PM,2:40:00 PM,2:58:48 PM,,2:58:48 PM,,,
9/29/2025 12:00:00 AM,Reynolds Elementary,970,Miller S,REY01 PM,2:40:00 PM,2:45:29 PM,,2:45:29 PM,,,
9/29/2025 12:00:00 AM,Reynolds Elementary,971,Williams M,REY02 PM,2:40:00 PM,3:00:42 PM,,3:00:42 PM,,,
9/29/2025 12:00:00 AM,Reynolds Elementary,972,Taylor B,REY03 PM,2:40:00 PM,2:47:53 PM,,2:47:53 PM,,,
9/29/2025 12:00:00 AM,Reynolds Elementary,973,Taylor B,REY04 PM,2:40:00 PM,2:57:43 PM,,2:57:43 PM,,,
9/29/2025 12:00:00 AM,Reynolds Elementary,974,Taylor B,REY05 PM,2:40:00 PM,,,2:54:43 PM,,,
9/29/2025 12:00:00 AM,Westfield Middle School,980,Davis R,WES01 PM,3:10:00 PM,3:32:58 PM,,3:32:58 PM,,,
9/29/2025 12:00:00 AM,Westfield Middle School,981,Brown K,WES02 PM,3:10:00 PM,3:30:38 PM,,3:30:38 PM,,,
9/29/2025 12:00:00 AM,Westfield Middle School,982,Miller S,WES03 PM,3:10:00 PM,3:25:49 PM,,3:25:49 PM,,,
9/29/2025 12:00:00 AM,Westfield Middle School,983,Johnson T,WES04 PM,3:10:00 PM,3:21:36 PM,,3:21:36 PM,,,
9/29/2025 12:00:00 AM,Lakewood Middle School,990,Wilson J,LAK01 PM,3:10:00 PM,3:35:47 PM,,3:35:47 PM,,,
9/29/2025 12:00:00 AM,Lakewood Middle School,991,Taylor B,LAK02 PM,3:10:00 PM,3:17:37 PM,,3:17:37 PM,,,
9/29/2025 12:00:00 AM,Lakewood Middle School,992,Anderson C,LAK03 PM,3:10:00 PM,3:55:46 PM,,3:55:46 PM,,,
9/29/2025 12:00:00 AM,Lakewood Middle School,993,Brown K,LAK04 PM,3:10:00 PM,3:29:53 PM,,3:29:53 PM,,,
9/29/2025 12:00:00 AM,Riverside Middle School,1000,Thomas D,RIV01 PM,3:10:00 PM,3:34:56 PM,,3:34:56 PM,,,
9/29/2025 12:00:00 AM,Riverside Middle School,1001,Miller S,RIV02 PM,3:10:00 PM,3:18:53 PM,,3:18:53 PM,,,
9/29/2025 12:00:00 AM,Riverside Middle School,1002,Davis R,RIV03 PM,3:10:00 PM,3:33:50 PM,,3:33:50 PM,,,
9/29/2025 12:00:00 AM,Riverside Middle School,1003,Miller S,RIV04 PM,3:10:00 PM,3:15:55 PM,,3:15:55 PM,,,
9/29/2025 12:00:00 AM,Metro High School,1010,Johnson T,MET01 PM,3:55:00 PM,4:27:56 PM,,4:27:56 PM,,,
9/29/2025 12:00:00 AM,Metro High School,1011,Miller S,MET02 PM,3:55:00 PM,4:08:24 PM,,4:08:24 PM,,,
9/29/2025 12:00:00 AM,Metro High School,1012,Taylor B,MET03 PM,3:55:00 PM,4:17:14 PM,,4:17:14 PM,,,
9/29/2025 12:00:00 AM,Northgate High School,1020,Moore A,NOR01 PM,3:55:00 PM,4:17:20 PM,,4:17:20 PM,,,
9/29/2025 12:00:00 AM,Northgate High School,1021,Thomas D,NOR02 PM,3:55:00 PM,4:02:10 PM,,4:02:10 PM,,,
9/29/2025 12:00:00 AM,Northgate High School,1022,Moore A,NOR03 PM,3:55:00 PM,4:04:53 PM,,4:04:53 PM,,,
9/30/2025 12:00:00 AM,Anderson Elementary,900,Moore A,AND01 PM,2:40:00 PM,2:51:37 PM,,2:51:37 PM,,,
9/30/2025 12:00:00 AM,Anderson Elementary,901,Thomas D,AND02 PM,2:40:00 PM,2:45:26 PM,,2:45:26 PM,,,
9/30/2025 12:00:00 AM,Anderson Elementary,902,Moore A,AND03 PM,2:40:00 PM,2:48:36 PM,,2:48:36 PM,,,
9/30/2025 12:00:00 AM,Anderson Elementary,903,Johnson T,AND04 PM,2:40:00 PM,3:30:02 PM,,3:30:02 PM,,,
9/30/2025 12:00:00 AM,Anderson Elementary,904,Johnson T,AND05 PM,2:40:00 PM,2:45:10 PM,,2:45:10 PM,,,
9/30/2025 12:00:00 AM,Bammel Elementary,910,Brown K,BAM01 PM,2:40:00 PM,3:14:39 PM,,3:14:39 PM,,,
9/30/2025 12:00:00 AM,Bammel Elementary,911,Miller S,BAM02 PM,2:40:00 PM,3:36:35 PM,,3:36:35 PM,,,
9/30/2025 12:00:00 AM,Bammel Elementary,912,Davis R,BAM03 PM,2:40:00 PM,2:50:37 PM,,2:50:37 PM,,,
9/30/2025 12:00:00 AM,Bammel Elementary,913,Anderson C,BAM04 PM,2:40:00 PM,2:53:48 PM,,2:53:48 PM,,,
9/30/2025 12:00:00 AM,Bammel Elementary,914,Thomas D,BAM05 PM,2:40:00 PM,3:30:39 PM,,3:30:39 PM,,,
9/30/2025 12:00:00 AM,Cooper Elementary,920,Brown K,COO01 PM,2:40:00 PM,2:56:17 PM,,2:56:17 PM,,,
9/30/2025 12:00:00 AM,Cooper Elementary,921,Brown K,COO02 PM,2:40:00 PM,3:04:50 PM,,3:04:50 PM,,,
9/30/2025 12:00:00 AM,Cooper Elementary,922,Moore A,COO03 PM,2:40:00 PM,2:58:54 PM,,2:58:54 PM,,,
9/30/2025 12:00:00 AM,Cooper Elementary,923,Brown K,COO04 PM,2:40:00 PM,,,2:51:27 PM,,,
9/30/2025 12:00:00 AM,Cooper Elementary,924,Williams M,COO05 PM,2:40:00 PM,3:02:57 PM,,3:02:57 PM,,,
9/30/2025 12:00:00 AM,Heritage Elementary,930,Johnson T,HER01 PM,2:40:00 PM,2:45:20 PM,,2:45:20 PM,,,
9/30/2025 12:00:00 AM,Heritage Elementary,931,Brown K,HER02 PM,2:40:00 PM,3:26:58 PM,,3:26:58 PM,,,
9/30/2025 12:00:00 AM,Heritage Elementary,932,Taylor B,HER03 PM,2:40:00 PM,2:47:32 PM,,2:47:32 PM,,,
9/30/2025 12:00:00 AM,Heritage Elementary,933,Wilson J,HER04 PM,2:40:00 PM,3:11:19 PM,,3:11:19 PM,,,
9/30/2025 12:00:00 AM,Heritage Elementary,934,Johnson T,HER05 PM,2:40:00 PM,3:35:10 PM,,3:35:10 PM,,,
9/30/2025 12:00:00 AM,Jenkins Elementary,940,Wilson J,JEN01 PM,2:40:00 PM,2:54:27 PM,,2:54:27 PM,,,
9/30/2025 12:00:00 AM,Jenkins Elementary,941,Anderson C,JEN02 PM,2:40:00 PM,2:50:49 PM,,2:50:49 PM,,,
9/30/2025 12:00:00 AM,Jenkins Elementary,942,Taylor B,JEN03 PM,2:40:00 PM,3:06:37 PM,,3:06:37 PM,,,
9/30/2025 12:00:00 AM,Jenkins Elementary,943,Davis R,JEN04 PM,2:40:00 PM,3:23:10 PM,,3:23:10 PM,,,
9/30/2025 12:00:00 AM,Jenkins Elementary,944,Wilson J,JEN05 PM,2:40:00 PM,2:54:28 PM,,2:54:28 PM,,,
9/30/2025 12:00:00 AM,Lewis Elementary,950,Thomas D,LEW01 PM,2:40:00 PM,2:53:05 PM,,2:53:05 PM,,,
9/30/2025 12:00:00 AM,Lewis Elementary,951,Thomas D,LEW02 PM,2:40:00 PM,,,3:08:25 PM,,,
9/30/2025 12:00:00 AM,Lewis Elementary,952,Johnson T,LEW03 PM,2:40:00 PM,2:50:04 PM,,2:50:04 PM,,,
9/30/2025 12:00:00 AM,Lewis Elementary,953,Johnson T,LEW04 PM,2:40:00 PM,2:56:48 PM,,2:56:48 PM,,,
9/30/2025 12:00:00 AM,Lewis Elementary,954,Brown K,LEW05 PM,2:40:00 PM,2:45:44 PM,,2:45:44 PM,,,
9/30/2025 12:00:00 AM,Marshall Elementary,960,Anderson C,MAR01 PM,2:40:00 PM,3:06:47 PM,,3:06:47 PM,,,
9/30/2025 12:00:00 AM,Marshall Elementary,961,Moore A,MAR02 PM,2:40:00 PM,3:11:00 PM,,3:11:00 PM,,,
9/30/2025 12:00:00 AM,Marshall Elementary,962,Brown K,MAR03 PM,2:40:00 PM,2:52:43 PM,,2:52:43 PM,,,
9/30/2025 12:00:00 AM,Marshall Elementary,963,Moore A,MAR04 PM,2:40:00 PM,2:58:19 PM,,2:58:19 PM,,,
9/30/2025 12:00:00 AM,Marshall Elementary,964,Williams M,MAR05 PM,2:40:00 PM,2:59:11 PM,,2:59:11 PM,,,
9/30/2025 12:00:00 AM,Reynolds Elementary,970,Wilson J,REY01 PM,2:40:00 PM,3:17:50 PM,,3:17:50 PM,,,
9/30/2025 12:00:00 AM,Reynolds Elementary,971,Thomas D,REY02 PM,2:40:00 PM,2:55:06 PM,,2:55:06 PM,,,
9/30/2025 12:00:00 AM,Reynolds Elementary,972,Williams M,REY03 PM,2:40:00 PM,2:50:02 PM,,2:50:02 PM,,,
9/30/2025 12:00:00 AM,Reynolds Elementary,973,Davis R,REY04 PM,2:40:00 PM,2:56:27 PM,,2:56:27 PM,,,
9/30/2025 12:00:00 AM,Reynolds Elementary,974,Moore A,REY05 PM,2:40:00 PM,2:54:49 PM,,2:54:49 PM,,,
9/30/2025 12:00:00 AM,Westfield Middle School,980,Brown K,WES01 PM,3:10:00 PM,3:28:46 PM,,3:28:46 PM,,,
9/30/2025 12:00:00 AM,Westfield Middle School,981,Johnson T,WES02 PM,3:10:00 PM,3:25:30 PM,,3:25:30 PM,,,
9/30/2025 12:00:00 AM,Westfield Middle School,982,Williams M,WES03 PM,3:10:00 PM,3:16:37 PM,,3:16:37 PM,,,
9/30/2025 12:00:00 AM,Westfield Middle School,983,Williams M,WES04 PM,3:10:00 PM,3:22:29 PM,,3:22:29 PM,,,
9/30/2025 12:00:00 AM,Lakewood Middle School,990,Miller S,LAK01 PM,3:10:00 PM,4:07:41 PM,,4:07:41 PM,,,
9/30/2025 12:00:00 AM,Lakewood Middle School,991,Moore A,LAK02 PM,3:10:00 PM,3:32:59 PM,,3:32:59 PM,,,
9/30/2025 12:00:00 AM,Lakewood Middle School,992,Miller S,LAK03 PM,3:10:00 PM,3:16:03 PM,,3:16:03 PM,,,
9/30/2025 12:00:00 AM,Lakewood Middle School,993,Brown K,LAK04 PM,3:10:00 PM,3:29:41 PM,,3:29:41 PM,,,
9/30/2025 12:00:00 AM,Riverside Middle School,1000,Johnson T,RIV01 PM,3:10:00 PM,3:16:14 PM,,3:16:14 PM,,,
9/30/2025 12:00:00 AM,Riverside Middle School,1001,Moore A,RIV02 PM,3:10:00 PM,3:21:01 PM,,3:21:01 PM,,,
9/30/2025 12:00:00 AM,Riverside Middle School,1002,Williams M,RIV03 PM,3:10:00 PM,3:56:58 PM,,3:56:58 PM,,,
9/30/2025 12:00:00 AM,Riverside Middle School,1003,Williams M,RIV04 PM,3:10:00 PM,3:31:48 PM,,3:31:48 PM,,,
9/30/2025 12:00:00 AM,Metro High School,1010,Johnson T,MET01 PM,3:55:00 PM,4:48:32 PM,,4:48:32 PM,,,
9/30/2025 12:00:00 AM,Metro High School,1011,Taylor B,MET02 PM,3:55:00 PM,4:21:40 PM,,4:21:40 PM,,,
9/30/2025 12:00:00 AM,Metro High School,1012,Williams M,MET03 PM,3:55:00 PM,4:02:34 PM,,4:02:34 PM,,,
9/30/2025 12:00:00 AM,Northgate High School,1020,Moore A,NOR01 PM,3:55:00 PM,4:18:59 PM,,4:18:59 PM,,,
9/30/2025 12:00:00 AM,Northgate High School,1021,Davis R,NOR02 PM,3:55:00 PM,4:21:36 PM,,4:21:36 PM,,,
9/30/2025 12:00:00 AM,Northgate High School,1022,Williams M,NOR03 PM,3:55:00 PM,4:14:05 PM,,4:14:05 PM,,,
10/1/2025 12:00:00 AM,Anderson Elementary,900,Moore A,AND01 PM,2:40:00 PM,2:45:13 PM,,2:45:13 PM,,,
10/1/2025 12:00:00 AM,Anderson Elementary,901,Davis R,AND02 PM,2:40:00 PM,3:05:38 PM,,3:05:38 PM,,,
10/1/2025 12:00:00 AM,Anderson Elementary,902,Wilson J,AND03 PM,2:40:00 PM,3:04:21 PM,,3:04:21 PM,,,
10/1/2025 12:00:00 AM,Anderson Elementary,903,Johnson T,AND04 PM,2:40:00 PM,3:01:47 PM,,3:01:47 PM,,,
10/1/2025 12:00:00 AM,Anderson Elementary,904,Johnson T,AND05 PM,2:40:00 PM,2:45:24 PM,,2:45:24 PM,,,
10/1/2025 12:00:00 AM,Bammel Elementary,910,Davis R,BAM01 PM,2:40:00 PM,2:46:06 PM,,2:46:06 PM,,,
10/1/2025 12:00:00 AM,Bammel Elementary,911,Thomas D,BAM02 PM,2:40:00 PM,2:51:28 PM,,2:51:28 PM,,,
10/1/2025 12:00:00 AM,Bammel Elementary,912,Johnson T,BAM03 PM,2:40:00 PM,3:17:01 PM,,3:17:01 PM,,,
10/1/2025 12:00:00 AM,Bammel Elementary,913,Anderson C,BAM04 PM,2:40:00 PM,2:58:35 PM,,2:58:35 PM,,,
10/1/2025 12:00:00 AM,Bammel Elementary,914,Miller S,BAM05 PM,2:40:00 PM,3:01:42 PM,,3:01:42 PM,,,
10/1/2025 12:00:00 AM,Cooper Elementary,920,Brown K,COO01 PM,2:40:00 PM,2:58:59 PM,,2:58:59 PM,,,
10/1/2025 12:00:00 AM,Cooper Elementary,921,Thomas D,COO02 PM,2:40:00 PM,,,2:44:53 PM,,,
10/1/2025 12:00:00 AM,Cooper Elementary,922,Johnson T,COO03 PM,2:40:00 PM,3:06:57 PM,,3:06:57 PM,,,
10/1/2025 12:00:00 AM,Cooper Elementary,923,Davis R,COO04 PM,2:40:00 PM,3:01:43 PM,,3:01:43 PM,,,
10/1/2025 12:00:00 AM,Cooper Elementary,924,Johnson T,COO05 PM,2:40:00 PM,2:56:13 PM,,2:56:13 PM,,,
10/1/2025 12:00:00 AM,Heritage Elementary,930,Williams M,HER01 PM,2:40:00 PM,2:53:36 PM,,2:53:36 PM,,,
10/1/2025 12:00:00 AM,Heritage Elementary,931,Thomas D,HER02 PM,2:40:00 PM,2:49:54 PM,,2:49:54 PM,,,
10/1/2025 12:00:00 AM,Heritage Elementary,932,Wilson J,HER03 PM,2:40:00 PM,2:59:50 PM,,2:59:50 PM,,,
10/1/2025 12:00:00 AM,Heritage Elementary,933,Johnson T,HER04 PM,2:40:00 PM,3:27:34 PM,,3:27:34 PM,,,
10/1/2025 12:00:00 AM,Heritage Elementary,934,Thomas D,HER05 PM,2:40:00 PM,2:49:12 PM,,2:49:12 PM,,,
10/1/2025 12:00:00 AM,Jenkins Elementary,940,Johnson T,JEN01 PM,2:40:00 PM,2:47:08 PM,,2:47:08 PM,,,
10/1/2025 12:00:00 AM,Jenkins Elementary,941,Taylor B,JEN02 PM,2:40:00 PM,2:53:11 PM,,2:53:11 PM,,,
10/1/2025 12:00:00 AM,Jenkins Elementary,942,Brown K,JEN03 PM,2:40:00 PM,2:59:59 PM,,2:59:59 PM,,,
10/1/2025 12:00:00 AM,Jenkins Elementary,943,Davis R,JEN04 PM,2:40:00 PM,3:29:58 PM,,3:29:58 PM,,,
10/1/2025 12:00:00 AM,Jenkins Elementary,944,Davis R,JEN05 PM,2:40:00 PM,3:07:31 PM,,3:07:31 PM,,,
10/1/2025 12:00:00 AM,Lewis Elementary,950,Moore A,LEW01 PM,2:40:00 PM,2:53:57 PM,,2:53:57 PM,,,
10/1/2025 12:00:00 AM,Lewis Elementary,951,Wilson J,LEW02 PM,2:40:00 PM,,,2:47:57 PM,,,
10/1/2025 12:00:00 AM,Lewis Elementary,952,Williams M,LEW03 PM,2:40:00 PM,3:04:46 PM,,3:04:46 PM,,,
10/1/2025 12:00:00 AM,Lewis Elementary,953,Miller S,LEW04 PM,2:40:00 PM,3:13:13 PM,,3:13:13 PM,,,
10/1/2025 12:00:00 AM,Lewis Elementary,954,Anderson C,LEW05 PM,2:40:00 PM,3:03:39 PM,,3:03:39 PM,,,
10/1/2025 12:00:00 AM,Marshall Elementary,960,Moore A,MAR01 PM,2:40:00 PM,3:31:09 PM,,3:31:09 PM,,,
10/1/2025 12:00:00 AM,Marshall Elementary,961,Wilson J,MAR02 PM,2:40:00 PM,2:48:39 PM,,2:48:39 PM,,,
10/1/2025 12:00:00 AM,Marshall Elementary,962,Thomas D,MAR03 PM,2:40:00 PM,3:22:25 PM,,3:22:25 PM,,,
10/1/2025 12:00:00 AM,Marshall Elementary,963,Taylor B,MAR04 PM,2:40:00 PM,2:48:59 PM,,2:48:59 PM,,,
10/1/2025 12:00:00 AM,Marshall Elementary,964,Taylor B,MAR05 PM,2:40:00 PM,3:20:15 PM,,3:20:15 PM,,,
10/1/2025 12:00:00 AM,Reynolds Elementary,970,Miller S,REY01 PM,2:40:00 PM,3:06:39 PM,,3:06:39 PM,,,
10/1/2025 12:00:00 AM,Reynolds Elementary,971,Johnson T,REY02 PM,2:40:00 PM,2:56:03 PM,,2:56:03 PM,,,
10/1/2025 12:00:00 AM,Reynolds Elementary,972,Thomas D,REY03 PM,2:40:00 PM,3:03:38 PM,,3:03:38 PM,,,
10/1/2025 12:00:00 AM,Reynolds Elementary,973,Anderson C,REY04 PM,2:40:00 PM,2:54:54 PM,,2:54:54 PM,,,
10/1/2025 12:00:00 AM,Reynolds Elementary,974,Taylor B,REY05 PM,2:40:00 PM,3:08:34 PM,,3:08:34 PM,,,
10/1/2025 12:00:00 AM,Westfield Middle School,980,Davis R,WES01 PM,3:10:00 PM,3:28:20 PM,,3:28:20 PM,,,
10/1/2025 12:00:00 AM,Westfield Middle School,981,Taylor B,WES02 PM,3:10:00 PM,3:22:42 PM,,3:22:42 PM,,,
10/1/2025 12:00:00 AM,Westfield Middle School,982,Wilson J,WES03 PM,3:10:00 PM,3:17:35 PM,,3:17:35 PM,,,
10/1/2025 12:00:00 AM,Westfield Middle School,983,Wilson J,WES04 PM,3:10:00 PM,3:55:16 PM,,3:55:16 PM,,,
10/1/2025 12:00:00 AM,Lakewood Middle School,990,Wilson J,LAK01 PM,3:10:00 PM,,,3:15:57 PM,,,
10/1/2025 12:00:00 AM,Lakewood Middle School,991,Johnson T,LAK02 PM,3:10:00 PM,4:05:15 PM,,4:05:15 PM,,,
10/1/2025 12:00:00 AM,Lakewood Middle School,992,Brown K,LAK03 PM,3:10:00 PM,3:20:49 PM,,3:20:49 PM,,,
10/1/2025 12:00:00 AM,Lakewood Middle School,993,Anderson C,LAK04 PM,3:10:00 PM,4:04:01 PM,,4:04:01 PM,,,
10/1/2025 12:00:00 AM,Riverside Middle School,1000,Johnson T,RIV01 PM,3:10:00 PM,3:53:18 PM,,3:53:18 PM,,,
10/1/2025 12:00:00 AM,Riverside Middle School,1001,Davis R,RIV02 PM,3:10:00 PM,4:00:29 PM,,4:00:29 PM,,,
10/1/2025 12:00:00 AM,Riverside Middle School,1002,Anderson C,RIV03 PM,3:10:00 PM,3:16:38 PM,,3:16:38 PM,,,
10/1/2025 12:00:00 AM,Riverside Middle School,1003,Thomas D,RIV04 PM,3:10:00 PM,3:36:54 PM,,3:36:54 PM,,,
10/1/2025 12:00:00 AM,Metro High School,1010,Williams M,MET01 PM,3:55:00 PM,4:12:15 PM,,4:12:15 PM,,,
10/1/2025 12:00:00 AM,Metro High School,1011,Thomas D,MET02 PM,3:55:00 PM,4:07:38 PM,,4:07:38 PM,,,
10/1/2025 12:00:00 AM,Metro High School,1012,Taylor B,MET03 PM,3:55:00 PM,4:01:55 PM,,4:01:55 PM,,,
10/1/2025 12:00:00 AM,Northgate High School,1020,Davis R,NOR01 PM,3:55:00 PM,4:10:46 PM,,4:10:46 PM,,,
10/1/2025 12:00:00 AM,Northgate High School,1021,Taylor B,NOR02 PM,3:55:00 PM,4:18:24 PM,,4:18:24 PM,,,
10/1/2025 12:00:00 AM,Northgate High School,1022,Johnson T,NOR03 PM,3:55:00 PM,4:15:52 PM,,4:15:52 PM,,,
10/2/2025 12:00:00 AM,Anderson Elementary,900,Davis R,AND01 PM,2:40:00 PM,2:57:25 PM,,2:57:25 PM,,,
10/2/2025 12:00:00 AM,Anderson Elementary,901,Johnson T,AND02 PM,2:40:00 PM,3:30:34 PM,,3:30:34 PM,,,
10/2/2025 12:00:00 AM,Anderson Elementary,902,Davis R,AND03 PM,2:40:00 PM,3:05:01 PM,,3:05:01 PM,,,
10/2/2025 12:00:00 AM,Anderson Elementary,903,Thomas D,AND04 PM,2:40:00 PM,2:59:44 PM,,2:59:44 PM,,,
10/2/2025 12:00:00 AM,Anderson Elementary,904,Williams M,AND05 PM,2:40:00 PM,2:46:08 PM,,2:46:08 PM,,,
10/2/2025 12:00:00 AM,Bammel Elementary,910,Taylor B,BAM01 PM,2:40:00 PM,2:49:02 PM,,2:49:02 PM,,,
10/2/2025 12:00:00 AM,Bammel Elementary,911,Miller S,BAM02 PM,2:40:00 PM,3:02:07 PM,,3:02:07 PM,,,
10/2/2025 12:00:00 AM,Bammel Elementary,912,Wilson J,BAM03 PM,2:40:00 PM,2:57:10 PM,,2:57:10 PM,,,
10/2/2025 12:00:00 AM,Bammel Elementary,913,Wilson J,BAM04 PM,2:40:00 PM,2:45:15 PM,,2:45:15 PM,,,
10/2/2025 12:00:00 AM,Bammel Elementary,914,Moore A,BAM05 PM,2:40:00 PM,3:05:09 PM,,3:05:09 PM,,,
10/2/2025 12:00:00 AM,Cooper Elementary,920,Brown K,COO01 PM,2:40:00 PM,,,2:52:14 PM,,,
10/2/2025 12:00:00 AM,Cooper Elementary,921,Williams M,COO02 PM,2:40:00 PM,2:46:23 PM,,2:46:23 PM,,,
10/2/2025 12:00:00 AM,Cooper Elementary,922,Williams M,COO03 PM,2:40:00 PM,2:57:16 PM,,2:57:16 PM,,,
10/2/2025 12:00:00 AM,Cooper Elementary,923,Williams M,COO04 PM,2:40:00 PM,3:08:29 PM,,3:08:29 PM,,,
10/2/2025 12:00:00 AM,Cooper Elementary,924,Anderson C,COO05 PM,2:40:00 PM,3:03:13 PM,,3:03:13 PM,,,
10/2/2025 12:00:00 AM,Heritage Elementary,930,Williams M,HER01 PM,2:40:00 PM,3:06:35 PM,,3:06:35 PM,,,
10/2/2025 12:00:00 AM,Heritage Elementary,931,Wilson J,HER02 PM,2:40:00 PM,3:00:51 PM,,3:00:51 PM,,,
10/2/2025 12:00:00 AM,Heritage Elementary,932,Davis R,HER03 PM,2:40:00 PM,2:58:31 PM,,2:58:31 PM,,,
10/2/2025 12:00:00 AM,Heritage Elementary,933,Brown K,HER04 PM,2:40:00 PM,2:57:18 PM,,2:57:18 PM,,,
10/2/2025 12:00:00 AM,Heritage Elementary,934,Anderson C,HER05 PM,2:40:00 PM,3:25:24 PM,,3:25:24 PM,,,
10/2/2025 12:00:00 AM,Jenkins Elementary,940,Brown K,JEN01 PM,2:40:00 PM,2:52:46 PM,,2:52:46 PM,,,
10/2/2025 12:00:00 AM,Jenkins Elementary,941,Brown K,JEN02 PM,2:40:00 PM,2:45:04 PM,,2:45:04 PM,,,
10/2/2025 12:00:00 AM,Jenkins Elementary,942,Brown K,JEN03 PM,2:40:00 PM,3:04:37 PM,,3:04:37 PM,,,
10/2/2025 12:00:00 AM,Jenkins Elementary,943,Taylor B,JEN04 PM,2:40:00 PM,2:57:03 PM,,2:57:03 PM,,,
10/2/2025 12:00:00 AM,Jenkins Elementary,944,Moore A,JEN05 PM,2:40:00 PM,2:45:45 PM,,2:45:45 PM,,,
10/2/2025 12:00:00 AM,Lewis Elementary,950,Davis R,LEW01 PM,2:40:00 PM,2:59:29 PM,,2:59:29 PM,,,
10/2/2025 12:00:00 AM,Lewis Elementary,951,Moore A,LEW02 PM,2:40:00 PM,,,3:35:00 PM,,,
10/2/2025 12:00:00 AM,Lewis Elementary,952,Davis R,LEW03 PM,2:40:00 PM,2:50:39 PM,,2:50:39 PM,,,
10/2/2025 12:00:00 AM,Lewis Elementary,953,Miller S,LEW04 PM,2:40:00 PM,,,3:01:30 PM,,,
10/2/2025 12:00:00 AM,Lewis Elementary,954,Wilson J,LEW05 PM,2:40:00 PM,3:37:59 PM,,3:37:59 PM,,,
10/2/2025 12:00:00 AM,Marshall Elementary,960,Johnson T,MAR01 PM,2:40:00 PM,3:36:25 PM,,3:36:25 PM,,,
10/2/2025 12:00:00 AM,Marshall Elementary,961,Williams M,MAR02 PM,2:40:00 PM,2:48:33 PM,,2:48:33 PM,,,
10/2/2025 12:00:00 AM,Marshall Elementary,962,Thomas D,MAR03 PM,2:40:00 PM,3:36:04 PM,,3:36:04 PM,,,
10/2/2025 12:00:00 AM,Marshall Elementary,963,Johnson T,MAR04 PM,2:40:00 PM,3:30:44 PM,,3:30:44 PM,,,
10/2/2025 12:00:00 AM,Marshall Elementary,964,Moore A,MAR05 PM,2:40:00 PM,3:03:16 PM,,3:03:16 PM,,,
10/2/2025 12:00:00 AM,Reynolds Elementary,970,Williams M,REY01 PM,2:40:00 PM,3:06:55 PM,,3:06:55 PM,,,
10/2/2025 12:00:00 AM,Reynolds Elementary,971,Miller S,REY02 PM,2:40:00 PM,3:06:28 PM,,3:06:28 PM,,,
10/2/2025 12:00:00 AM,Reynolds Elementary,972,Davis R,REY03 PM,2:40:00 PM,3:05:10 PM,,3:05:10 PM,,,
10/2/2025 12:00:00 AM,Reynolds Elementary,973,Anderson C,REY04 PM,2:40:00 PM,2:49:13 PM,,2:49:13 PM,,,
10/2/2025 12:00:00 AM,Reynolds Elementary,974,Taylor B,REY05 PM,2:40:00 PM,3:07:04 PM,,3:07:04 PM,,,
10/2/2025 12:00:00 AM,Westfield Middle School,980,Miller S,WES01 PM,3:10:00 PM,,,3:23:32 PM,,,
10/2/2025 12:00:00 AM,Westfield Middle School,981,Moore A,WES02 PM,3:10:00 PM,3:58:15 PM,,3:58:15 PM,,,
10/2/2025 12:00:00 AM,Westfield Middle School,982,Taylor B,WES03 PM,3:10:00 PM,3:19:26 PM,,3:19:26 PM,,,
10/2/2025 12:00:00 AM,Westfield Middle School,983,Johnson T,WES04 PM,3:10:00 PM,3:23:21 PM,,3:23:21 PM,,,
10/2/2025 12:00:00 AM,Lakewood Middle School,990,Wilson J,LAK01 PM,3:10:00 PM,,,3:26:24 PM,,,
10/2/2025 12:00:00 AM,Lakewood Middle School,991,Anderson C,LAK02 PM,3:10:00 PM,3:36:03 PM,,3:36:03 PM,,,
10/2/2025 12:00:00 AM,Lakewood Middle School,992,Wilson J,LAK03 PM,3:10:00 PM,3:17:49 PM,,3:17:49 PM,,,
10/2/2025 12:00:00 AM,Lakewood Middle School,993,Miller S,LAK04 PM,3:10:00 PM,3:22:53 PM,,3:22:53 PM,,,
10/2/2025 12:00:00 AM,Riverside Middle School,1000,Johnson T,RIV01 PM,3:10:00 PM,3:34:19 PM,,3:34:19 PM,,,
10/2/2025 12:00:00 AM,Riverside Middle School,1001,Davis R,RIV02 PM,3:10:00 PM,3:34:47 PM,,3:34:47 PM,,,
10/2/2025 12:00:00 AM,Riverside Middle School,1002,Miller S,RIV03 PM,3:10:00 PM,3:35:04 PM,,3:35:04 PM,,,
10/2/2025 12:00:00 AM,Riverside Middle School,1003,Taylor B,RIV04 PM,3:10:00 PM,3:58:17 PM,,3:58:17 PM,,,
10/2/2025 12:00:00 AM,Metro High School,1010,Thomas D,MET01 PM,3:55:00 PM,4:12:48 PM,,4:12:48 PM,,,
10/2/2025 12:00:00 AM,Metro High School,1011,Johnson T,MET02 PM,3:55:00 PM,4:00:56 PM,,4:00:56 PM,,,
10/2/2025 12:00:00 AM,Metro High School,1012,Brown K,MET03 PM,3:55:00 PM,4:20:55 PM,,4:20:55 PM,,,
10/2/2025 12:00:00 AM,Northgate High School,1020,Davis R,NOR01 PM,3:55:00 PM,4:19:53 PM,,4:19:53 PM,,,
10/2/2025 12:00:00 AM,Northgate High School,1021,Miller S,NOR02 PM,3:55:00 PM,4:09:34 PM,,4:09:34 PM,,,
10/2/2025 12:00:00 AM,Northgate High School,1022,Wilson J,NOR03 PM,3:55:00 PM,4:08:58 PM,,4:08:58 PM,,,
10/3/2025 12:00:00 AM,Anderson Elementary,900,Johnson T,AND01 PM,2:40:00 PM,3:01:51 PM,,3:01:51 PM,,,
10/3/2025 12:00:00 AM,Anderson Elementary,901,Moore A,AND02 PM,2:40:00 PM,2:56:46 PM,,2:56:46 PM,,,
10/3/2025 12:00:00 AM,Anderson Elementary,902,Miller S,AND03 PM,2:40:00 PM,2:59:12 PM,,2:59:12 PM,,,
10/3/2025 12:00:00 AM,Anderson Elementary,903,Brown K,AND04 PM,2:40:00 PM,3:01:59 PM,,3:01:59 PM,,,
10/3/2025 12:00:00 AM,Anderson Elementary,904,Anderson C,AND05 PM,2:40:00 PM,2:55:36 PM,,2:55:36 PM,,,
10/3/2025 12:00:00 AM,Bammel Elementary,910,Thomas D,BAM01 PM,2:40:00 PM,2:49:14 PM,,2:49:14 PM,,,
10/3/2025 12:00:00 AM,Bammel Elementary,911,Thomas D,BAM02 PM,2:40:00 PM,,,3:04:20 PM,,,
10/3/2025 12:00:00 AM,Bammel Elementary,912,Miller S,BAM03 PM,2:40:00 PM,3:02:17 PM,,3:02:17 PM,,,
10/3/2025 12:00:00 AM,Bammel Elementary,913,Wilson J,BAM04 PM,2:40:00 PM,2:51:37 PM,,2:51:37 PM,,,
10/3/2025 12:00:00 AM,Bammel Elementary,914,Thomas D,BAM05 PM,2:40:00 PM,2:47:20 PM,,2:47:20 PM,,,
10/3/2025 12:00:00 AM,Cooper Elementary,920,Thomas D,COO01 PM,2:40:00 PM,3:02:13 PM,,3:02:13 PM,,,
10/3/2025 12:00:00 AM,Cooper Elementary,921,Taylor B,COO02 PM,2:40:00 PM,2:47:09 PM,,2:47:09 PM,,,
10/3/2025 12:00:00 AM,Cooper Elementary,922,Williams M,COO03 PM,2:40:00 PM,3:08:05 PM,,3:08:05 PM,,,
10/3/2025 12:00:00 AM,Cooper Elementary,923,Brown K,COO04 PM,2:40:00 PM,2:48:32 PM,,2:48:32 PM,,,
10/3/2025 12:00:00 AM,Cooper Elementary,924,Taylor B,COO05 PM,2:40:00 PM,3:12:29 PM,,3:12:29 PM,,,
10/3/2025 12:00:00 AM,Heritage Elementary,930,Brown K,HER01 PM,2:40:00 PM,3:07:32 PM,,3:07:32 PM,,,
10/3/2025 12:00:00 AM,Heritage Elementary,931,Miller S,HER02 PM,2:40:00 PM,2:55:29 PM,,2:55:29 PM,,,
10/3/2025 12:00:00 AM,Heritage Elementary,932,Anderson C,HER03 PM,2:40:00 PM,3:25:15 PM,,3:25:15 PM,,,
10/3/2025 12:00:00 AM,Heritage Elementary,933,Davis R,HER04 PM,2:40:00 PM,2:46:22 PM,,2:46:22 PM,,,
10/3/2025 12:00:00 AM,Heritage Elementary,934,Taylor B,HER05 PM,2:40:00 PM,2:56:32 PM,,2:56:32 PM,,,
10/3/2025 12:00:00 AM,Jenkins Elementary,940,Miller S,JEN01 PM,2:40:00 PM,2:52:41 PM,,2:52:41 PM,,,
10/3/2025 12:00:00 AM,Jenkins Elementary,941,Moore A,JEN02 PM,2:40:00 PM,3:28:38 PM,,3:28:38 PM,,,
10/3/2025 12:00:00 AM,Jenkins Elementary,942,Taylor B,JEN03 PM,2:40:00 PM,3:18:40 PM,,3:18:40 PM,,,
10/3/2025 12:00:00 AM,Jenkins Elementary,943,Moore A,JEN04 PM,2:40:00 PM,2:52:52 PM,,2:52:52 PM,,,
10/3/2025 12:00:00 AM,Jenkins Elementary,944,Johnson T,JEN05 PM,2:40:00 PM,3:01:42 PM,,3:01:42 PM,,,
10/3/2025 12:00:00 AM,Lewis Elementary,950,Thomas D,LEW01 PM,2:40:00 PM,3:32:09 PM,,3:32:09 PM,,,
10/3/2025 12:00:00 AM,Lewis Elementary,951,Anderson C,LEW02 PM,2:40:00 PM,2:47:21 PM,,2:47:21 PM,,,
10/3/2025 12:00:00 AM,Lewis Elementary,952,Brown K,LEW03 PM,2:40:00 PM,3:34:23 PM,,3:34:23 PM,,,
10/3/2025 12:00:00 AM,Lewis Elementary,953,Miller S,LEW04 PM,2:40:00 PM,3:20:18 PM,,3:20:18 PM,,,
10/3/2025 12:00:00 AM,Lewis Elementary,954,Miller S,LEW05 PM,2:40:00 PM,3:05:05 PM,,3:05:05 PM,,,
10/3/2025 12:00:00 AM,Marshall Elementary,960,Thomas D,MAR01 PM,2:40:00 PM,3:13:32 PM,,3:13:32 PM,,,
10/3/2025 12:00:00 AM,Marshall Elementary,961,Anderson C,MAR02 PM,2:40:00 PM,2:53:42 PM,,2:53:42 PM,,,
10/3/2025 12:00:00 AM,Marshall Elementary,962,Thomas D,MAR03 PM,2:40:00 PM,2:49:37 PM,,2:49:37 PM,,,
10/3/2025 12:00:00 AM,Marshall Elementary,963,Moore A,MAR04 PM,2:40:00 PM,3:05:22 PM,,3:05:22 PM,,,
10/3/2025 12:00:00 AM,Marshall Elementary,964,Thomas D,MAR05 PM,2:40:00 PM,2:59:07 PM,,2:59:07 PM,,,
10/3/2025 12:00:00 AM,Reynolds Elementary,970,Moore A,REY01 PM,2:40:00 PM,2:52:17 PM,,2:52:17 PM,,,
10/3/2025 12:00:00 AM,Reynolds Elementary,971,Brown K,REY02 PM,2:40:00 PM,2:51:46 PM,,2:51:46 PM,,,
10/3/2025 12:00:00 AM,Reynolds Elementary,972,Davis R,REY03 PM,2:40:00 PM,2:59:39 PM,,2:59:39 PM,,,
10/3/2025 12:00:00 AM,Reynolds Elementary,973,Miller S,REY04 PM,2:40:00 PM,2:52:49 PM,,2:52:49 PM,,,
10/3/2025 12:00:00 AM,Reynolds Elementary,974,Miller S,REY05 PM,2:40:00 PM,2:46:07 PM,,2:46:07 PM,,,
10/3/2025 12:00:00 AM,Westfield Middle School,980,Brown K,WES01 PM,3:10:00 PM,3:53:57 PM,,3:53:57 PM,,,
10/3/2025 12:00:00 AM,Westfield Middle School,981,Thomas D,WES02 PM,3:10:00 PM,3:23:51 PM,,3:23:51 PM,,,
10/3/2025 12:00:00 AM,Westfield Middle School,982,Johnson T,WES03 PM,3:10:00 PM,3:25:04 PM,,3:25:04 PM,,,
10/3/2025 12:00:00 AM,Westfield Middle School,983,Miller S,WES04 PM,3:10:00 PM,3:20:34 PM,,3:20:34 PM,,,
10/3/2025 12:00:00 AM,Lakewood Middle School,990,Johnson T,LAK01 PM,3:10:00 PM,3:38:44 PM,,3:38:44 PM,,,
10/3/2025 12:00:00 AM,Lakewood Middle School,991,Thomas D,LAK02 PM,3:10:00 PM,3:55:33 PM,,3:55:33 PM,,,
10/3/2025 12:00:00 AM,Lakewood Middle School,992,Wilson J,LAK03 PM,3:10:00 PM,3:24:15 PM,,3:24:15 PM,,,
10/3/2025 12:00:00 AM,Lakewood Middle School,993,Williams M,LAK04 PM,3:10:00 PM,3:18:46 PM,,3:18:46 PM,,,
10/3/2025 12:00:00 AM,Riverside Middle School,1000,Williams M,RIV01 PM,3:10:00 PM,3:30:34 PM,,3:30:34 PM,,,
10/3/2025 12:00:00 AM,Riverside Middle School,1001,Johnson T,RIV02 PM,3:10:00 PM,3:27:40 PM,,3:27:40 PM,,,
10/3/2025 12:00:00 AM,Riverside Middle School,1002,Brown K,RIV03 PM,3:10:00 PM,3:19:55 PM,,3:19:55 PM,,,
10/3/2025 12:00:00 AM,Riverside Middle School,1003,Davis R,RIV04 PM,3:10:00 PM,,,3:14:12 PM,,,
10/3/2025 12:00:00 AM,Metro High School,1010,Johnson T,MET01 PM,3:55:00 PM,4:21:20 PM,,4:21:20 PM,,,
10/3/2025 12:00:00 AM,Metro High School,1011,Miller S,MET02 PM,3:55:00 PM,4:01:06 PM,,4:01:06 PM,,,
10/3/2025 12:00:00 AM,Metro High School,1012,Thomas D,MET03 PM,3:55:00 PM,4:32:54 PM,,4:32:54 PM,,,
10/3/2025 12:00:00 AM,Northgate High School,1020,Brown K,NOR01 PM,3:55:00 PM,4:44:08 PM,,4:44:08 PM,,,
10/3/2025 12:00:00 AM,Northgate High School,1021,Wilson J,NOR02 PM,3:55:00 PM,4:02:07 PM,,4:02:07 PM,,,
10/3/2025 12:00:00 AM,Northgate High School,1022,Miller S,NOR03 PM,3:55:00 PM,4:12:07 PM,,4:12:07 PM,,,
10/6/2025 12:00:00 AM,Anderson Elementary,900,Thomas D,AND01 PM,2:40:00 PM,3:01:25 PM,,3:01:25 PM,,,
10/6/2025 12:00:00 AM,Anderson Elementary,901,Taylor B,AND02 PM,2:40:00 PM,2:53:11 PM,,2:53:11 PM,,,
10/6/2025 12:00:00 AM,Anderson Elementary,902,Davis R,AND03 PM,2:40:00 PM,3:02:40 PM,,3:02:40 PM,,,
10/6/2025 12:00:00 AM,Anderson Elementary,903,Taylor B,AND04 PM,2:40:00 PM,2:57:25 PM,,2:57:25 PM,,,
10/6/2025 12:00:00 AM,Anderson Elementary,904,Williams M,AND05 PM,2:40:00 PM,2:46:39 PM,,2:46:39 PM,,,
10/6/2025 12:00:00 AM,Bammel Elementary,910,Williams M,BAM01 PM,2:40:00 PM,2:54:56 PM,,2:54:56 PM,,,
10/6/2025 12:00:00 AM,Bammel Elementary,911,Moore A,BAM02 PM,2:40:00 PM,3:07:44 PM,,3:07:44 PM,,,
10/6/2025 12:00:00 AM,Bammel Elementary,912,Thomas D,BAM03 PM,2:40:00 PM,3:33:48 PM,,3:33:48 PM,,,
10/6/2025 12:00:00 AM,Bammel Elementary,913,Thomas D,BAM04 PM,2:40:00 PM,3:05:44 PM,,3:05:44 PM,,,
10/6/2025 12:00:00 AM,Bammel Elementary,914,Anderson C,BAM05 PM,2:40:00 PM,3:01:47 PM,,3:01:47 PM,,,
10/6/2025 12:00:00 AM,Cooper Elementary,920,Moore A,COO01 PM,2:40:00 PM,3:05:15 PM,,3:05:15 PM,,,
10/6/2025 12:00:00 AM,Cooper Elementary,921,Williams M,COO02 PM,2:40:00 PM,3:01:41 PM,,3:01:41 PM,,,
10/6/2025 12:00:00 AM,Cooper Elementary,922,Johnson T,COO03 PM,2:40:00 PM,3:07:10 PM,,3:07:10 PM,,,
10/6/2025 12:00:00 AM,Cooper Elementary,923,Miller S,COO04 PM,2:40:00 PM,3:02:57 PM,,3:02:57 PM,,,
10/6/2025 12:00:00 AM,Cooper Elementary,924,Davis R,COO05 PM,2:40:00 PM,2:59:25 PM,,2:59:25 PM,,,
10/6/2025 12:00:00 AM,Heritage Elementary,930,Brown K,HER01 PM,2:40:00 PM,2:51:58 PM,,2:51:58 PM,,,
10/6/2025 12:00:00 AM,Heritage Elementary,931,Taylor B,HER02 PM,2:40:00 PM,3:03:16 PM,,3:03:16 PM,,,
10/6/2025 12:00:00 AM,Heritage Elementary,932,Williams M,HER03 PM,2:40:00 PM,3:04:26 PM,,3:04:26 PM,,,
10/6/2025 12:00:00 AM,Heritage Elementary,933,Anderson C,HER04 PM,2:40:00 PM,3:14:10 PM,,3:14:10 PM,,,
10/6/2025 12:00:00 AM,Heritage Elementary,934,Williams M,HER05 PM,2:40:00 PM,2:47:12 PM,,2:47:12 PM,,,
10/6/2025 12:00:00 AM,Jenkins Elementary,940,Davis R,JEN01 PM,2:40:00 PM,2:48:18 PM,,2:48:18 PM,,,
10/6/2025 12:00:00 AM,Jenkins Elementary,941,Miller S,JEN02 PM,2:40:00 PM,2:47:16 PM,,2:47:16 PM,,,
10/6/2025 12:00:00 AM,Jenkins Elementary,942,Moore A,JEN03 PM,2:40:00 PM,2:45:03 PM,,2:45:03 PM,,,
10/6/2025 12:00:00 AM,Jenkins Elementary,943,Johnson T,JEN04 PM,2:40:00 PM,3:02:02 PM,,3:02:02 PM,,,
10/6/2025 12:00:00 AM,Jenkins Elementary,944,Thomas D,JEN05 PM,2:40:00 PM,3:08:59 PM,,3:08:59 PM,,,
10/6/2025 12:00:00 AM,Lewis Elementary,950,Brown K,LEW01 PM,2:40:00 PM,3:03:42 PM,,3:03:42 PM,,,
10/6/2025 12:00:00 AM,Lewis Elementary,951,Davis R,LEW02 PM,2:40:00 PM,3:39:05 PM,,3:39:05 PM,,,
10/6/2025 12:00:00 AM,Lewis Elementary,952,Brown K,LEW03 PM,2:40:00 PM,2:59:42 PM,,2:59:42 PM,,,
10/6/2025 12:00:00 AM,Lewis Elementary,953,Anderson C,LEW04 PM,2:40:00 PM,3:25:54 PM,,3:25:54 PM,,,
10/6/2025 12:00:00 AM,Lewis Elementary,954,Taylor B,LEW05 PM,2:40:00 PM,3:01:23 PM,,3:01:23 PM,,,
10/6/2025 12:00:00 AM,Marshall Elementary,960,Moore A,MAR01 PM,2:40:00 PM,3:26:19 PM,,3:26:19 PM,,,
10/6/2025 12:00:00 AM,Marshall Elementary,961,Moore A,MAR02 PM,2:40:00 PM,2:46:04 PM,,2:46:04 PM,,,
10/6/2025 12:00:00 AM,Marshall Elementary,962,Wilson J,MAR03 PM,2:40:00 PM,2:47:26 PM,,2:47:26 PM,,,
10/6/2025 12:00:00 AM,Marshall Elementary,963,Brown K,MAR04 PM,2:40:00 PM,2:49:40 PM,,2:49:40 PM,,,
10/6/2025 12:00:00 AM,Marshall Elementary,964,Williams M,MAR05 PM,2:40:00 PM,2:56:27 PM,,2:56:27 PM,,,
10/6/2025 12:00:00 AM,Reynolds Elementary,970,Thomas D,REY01 PM,2:40:00 PM,3:05:44 PM,,3:05:44 PM,,,
10/6/2025 12:00:00 AM,Reynolds Elementary,971,Wilson J,REY02 PM,2:40:00 PM,2:49:54 PM,,2:49:54 PM,,,
10/6/2025 12:00:00 AM,Reynolds Elementary,972,Williams M,REY03 PM,2:40:00 PM,2:53:24 PM,,2:53:24 PM,,,
10/6/2025 12:00:00 AM,Reynolds Elementary,973,Johnson T,REY04 PM,2:40:00 PM,3:23:32 PM,,3:23:32 PM,,,
10/6/2025 12:00:00 AM,Reynolds Elementary,974,Brown K,REY05 PM,2:40:00 PM,3:05:52 PM,,3:05:52 PM,,,
10/6/2025 12:00:00 AM,Westfield Middle School,980,Johnson T,WES01 PM,3:10:00 PM,3:20:12 PM,,3:20:12 PM,,,
10/6/2025 12:00:00 AM,Westfield Middle School,981,Wilson J,WES02 PM,3:10:00 PM,3:20:35 PM,,3:20:35 PM,,,
10/6/2025 12:00:00 AM,Westfield Middle School,982,Miller S,WES03 PM,3:10:00 PM,3:16:00 PM,,3:16:00 PM,,,
10/6/2025 12:00:00 AM,Westfield Middle School,983,Anderson C,WES04 PM,3:10:00 PM,3:37:07 PM,,3:37:07 PM,,,
10/6/2025 12:00:00 AM,Lakewood Middle School,990,Johnson T,LAK01 PM,3:10:00 PM,3:35:33 PM,,3:35:33 PM,,,
10/6/2025 12:00:00 AM,Lakewood Middle School,991,Moore A,LAK02 PM,3:10:00 PM,3:16:38 PM,,3:16:38 PM,,,
10/6/2025 12:00:00 AM,Lakewood Middle School,992,Johnson T,LAK03 PM,3:10:00 PM,3:34:18 PM,,3:34:18 PM,,,
10/6/2025 12:00:00 AM,Lakewood Middle School,993,Miller S,LAK04 PM,3:10:00 PM,4:10:41 PM,,4:10:41 PM,,,
10/6/2025 12:00:00 AM,Riverside Middle School,1000,Moore A,RIV01 PM,3:10:00 PM,3:17:41 PM,,3:17:41 PM,,,
10/6/2025 12:00:00 AM,Riverside Middle School,1001,Thomas D,RIV02 PM,3:10:00 PM,3:37:01 PM,,3:37:01 PM,,,
10/6/2025 12:00:00 AM,Riverside Middle School,1002,Anderson C,RIV03 PM,3:10:00 PM,3:38:57 PM,,3:38:57 PM,,,
10/6/2025 12:00:00 AM,Riverside Middle School,1003,Davis R,RIV04 PM,3:10:00 PM,3:25:22 PM,,3:25:22 PM,,,
10/6/2025 12:00:00 AM,Metro High School,1010,Thomas D,MET01 PM,3:55:00 PM,4:26:53 PM,,4:26:53 PM,,,
10/6/2025 12:00:00 AM,Metro High School,1011,Johnson T,MET02 PM,3:55:00 PM,4:00:24 PM,,4:00:24 PM,,,
10/6/2025 12:00:00 AM,Metro High School,1012,Wilson J,MET03 PM,3:55:00 PM,4:01:05 PM,,4:01:05 PM,,,
10/6/2025 12:00:00 AM,Northgate High School,1020,Moore A,NOR01 PM,3:55:00 PM,4:17:03 PM,,4:17:03 PM,,,
10/6/2025 12:00:00 AM,Northgate High School,1021,Johnson T,NOR02 PM,3:55:00 PM,4:19:54 PM,,4:19:54 PM,,,
10/6/2025 12:00:00 AM,Northgate High School,1022,Taylor B,NOR03 PM,3:55:00 PM,4:26:34 PM,,4:26:34 PM,,,
10/7/2025 12:00:00 AM,Anderson Elementary,900,Brown K,AND01 PM,2:40:00 PM,2:47:29 PM,,2:47:29 PM,,,
10/7/2025 12:00:00 AM,Anderson Elementary,901,Wilson J,AND02 PM,2:40:00 PM,2:54:54 PM,,2:54:54 PM,,,
10/7/2025 12:00:00 AM,Anderson Elementary,902,Brown K,AND03 PM,2:40:00 PM,2:59:03 PM,,2:59:03 PM,,,
10/7/2025 12:00:00 AM,Anderson Elementary,903,Brown K,AND04 PM,2:40:00 PM,3:38:05 PM,,3:38:05 PM,,,
10/7/2025 12:00:00 AM,Anderson Elementary,904,Brown K,AND05 PM,2:40:00 PM,2:50:57 PM,,2:50:57 PM,,,
10/7/2025 12:00:00 AM,Bammel Elementary,910,Williams M,BAM01 PM,2:40:00 PM,2:49:01 PM,,2:49:01 PM,,,
10/7/2025 12:00:00 AM,Bammel Elementary,911,Anderson C,BAM02 PM,2:40:00 PM,2:57:24 PM,,2:57:24 PM,,,
10/7/2025 12:00:00 AM,Bammel Elementary,912,Johnson T,BAM03 PM,2:40:00 PM,2:52:37 PM,,2:52:37 PM,,,
10/7/2025 12:00:00 AM,Bammel Elementary,913,Anderson C,BAM04 PM,2:40:00 PM,3:06:37 PM,,3:06:37 PM,,,
10/7/2025 12:00:00 AM,Bammel Elementary,914,Davis R,BAM05 PM,2:40:00 PM,2:45:03 PM,,2:45:03 PM,,,
10/7/2025 12:00:00 AM,Cooper Elementary,920,Thomas D,COO01 PM,2:40:00 PM,3:07:45 PM,,3:07:45 PM,,,
10/7/2025 12:00:00 AM,Cooper Elementary,921,Anderson C,COO02 PM,2:40:00 PM,3:36:57 PM,,3:36:57 PM,,,
10/7/2025 12:00:00 AM,Cooper Elementary,922,Wilson J,COO03 PM,2:40:00 PM,2:59:29 PM,,2:59:29 PM,,,
10/7/2025 12:00:00 AM,Cooper Elementary,923,Williams M,COO04 PM,2:40:00 PM,2:45:50 PM,,2:45:50 PM,,,
10/7/2025 12:00:00 AM,Cooper Elementary,924,Wilson J,COO05 PM,2:40:00 PM,3:00:27 PM,,3:00:27 PM,,,
10/7/2025 12:00:00 AM,Heritage Elementary,930,Johnson T,HER01 PM,2:40:00 PM,3:03:10 PM,,3:03:10 PM,,,
10/7/2025 12:00:00 AM,Heritage Elementary,931,Anderson C,HER02 PM,2:40:00 PM,2:47:43 PM,,2:47:43 PM,,,
10/7/2025 12:00:00 AM,Heritage Elementary,932,Anderson C,HER03 PM,2:40:00 PM,2:55:15 PM,,2:55:15 PM,,,
10/7/2025 12:00:00 AM,Heritage Elementary,933,Taylor B,HER04 PM,2:40:00 PM,3:27:46 PM,,3:27:46 PM,,,
10/7/2025 12:00:00 AM,Heritage Elementary,934,Moore A,HER05 PM,2:40:00 PM,,,2:44:29 PM,,,
10/7/2025 12:00:00 AM,Jenkins Elementary,940,Wilson J,JEN01 PM,2:40:00 PM,2:52:44 PM,,2:52:44 PM,,,
10/7/2025 12:00:00 AM,Jenkins Elementary,941,Miller S,JEN02 PM,2:40:00 PM,2:49:30 PM,,2:49:30 PM,,,
10/7/2025 12:00:00 AM,Jenkins Elementary,942,Miller S,JEN03 PM,2:40:00 PM,2:47:56 PM,,2:47:56 PM,,,
10/7/2025 12:00:00 AM,Jenkins Elementary,943,Anderson C,JEN04 PM,2:40:00 PM,2:56:10 PM,,2:56:10 PM,,,
10/7/2025 12:00:00 AM,Jenkins Elementary,944,Brown K,JEN05 PM,2:40:00 PM,2:50:17 PM,,2:50:17 PM,,,
10/7/2025 12:00:00 AM,Lewis Elementary,950,Davis R,LEW01 PM,2:40:00 PM,2:58:16 PM,,2:58:16 PM,,,
10/7/2025 12:00:00 AM,Lewis Elementary,951,Thomas D,LEW02 PM,2:40:00 PM,2:48:01 PM,,2:48:01 PM,,,
10/7/2025 12:00:00 AM,Lewis Elementary,952,Johnson T,LEW03 PM,2:40:00 PM,2:55:54 PM,,2:55:54 PM,,,
10/7/2025 12:00:00 AM,Lewis Elementary,953,Moore A,LEW04 PM,2:40:00 PM,2:52:47 PM,,2:52:47 PM,,,
10/7/2025 12:00:00 AM,Lewis Elementary,954,Taylor B,LEW05 PM,2:40:00 PM,2:49:36 PM,,2:49:36 PM,,,
10/7/2025 12:00:00 AM,Marshall Elementary,960,Wilson J,MAR01 PM,2:40:00 PM,3:02:54 PM,,3:02:54 PM,,,
10/7/2025 12:00:00 AM,Marshall Elementary,961,Wilson J,MAR02 PM,2:40:00 PM,3:01:18 PM,,3:01:18 PM,,,
10/7/2025 12:00:00 AM,Marshall Elementary,962,Johnson T,MAR03 PM,2:40:00 PM,3:06:53 PM,,3:06:53 PM,,,
10/7/2025 12:00:00 AM,Marshall Elementary,963,Davis R,MAR04 PM,2:40:00 PM,3:07:17 PM,,3:07:17 PM,,,
10/7/2025 12:00:00 AM,Marshall Elementary,964,Moore A,MAR05 PM,2:40:00 PM,2:49:54 PM,,2:49:54 PM,,,
10/7/2025 12:00:00 AM,Reynolds Elementary,970,Davis R,REY01 PM,2:40:00 PM,2:46:57 PM,,2:46:57 PM,,,
10/7/2025 12:00:00 AM,Reynolds Elementary,971,Anderson C,REY02 PM,2:40:00 PM,2:51:27 PM,,2:51:27 PM,,,
10/7/2025 12:00:00 AM,Reynolds Elementary,972,Johnson T,REY03 PM,2:40:00 PM,3:08:47 PM,,3:08:47 PM,,,
10/7/2025 12:00:00 AM,Reynolds Elementary,973,Johnson T,REY04 PM,2:40:00 PM,,,3:04:58 PM,,,
10/7/2025 12:00:00 AM,Reynolds Elementary,974,Moore A,REY05 PM,2:40:00 PM,2:47:58 PM,,2:47:58 PM,,,
10/7/2025 12:00:00 AM,Westfield Middle School,980,Johnson T,WES01 PM,3:10:00 PM,3:27:07 PM,,3:27:07 PM,,,
10/7/2025 12:00:00 AM,Westfield Middle School,981,Johnson T,WES02 PM,3:10:00 PM,,,3:38:40 PM,,,
10/7/2025 12:00:00 AM,Westfield Middle School,982,Williams M,WES03 PM,3:10:00 PM,3:31:21 PM,,3:31:21 PM,,,
10/7/2025 12:00:00 AM,Westfield Middle School,983,Wilson J,WES04 PM,3:10:00 PM,3:24:29 PM,,3:24:29 PM,,,
10/7/2025 12:00:00 AM,Lakewood Middle School,990,Davis R,LAK01 PM,3:10:00 PM,3:53:18 PM,,3:53:18 PM,,,
10/7/2025 12:00:00 AM,Lakewood Middle School,991,Taylor B,LAK02 PM,3:10:00 PM,3:29:50 PM,,3:29:50 PM,,,
10/7/2025 12:00:00 AM,Lakewood Middle School,992,Thomas D,LAK03 PM,3:10:00 PM,3:17:06 PM,,3:17:06 PM,,,
10/7/2025 12:00:00 AM,Lakewood Middle School,993,Anderson C,LAK04 PM,3:10:00 PM,3:55:22 PM,,3:55:22 PM,,,
10/7/2025 12:00:00 AM,Riverside Middle School,1000,Davis R,RIV01 PM,3:10:00 PM,3:32:13 PM,,3:32:13 PM,,,
10/7/2025 12:00:00 AM,Riverside Middle School,1001,Anderson C,RIV02 PM,3:10:00 PM,3:26:15 PM,,3:26:15 PM,,,
10/7/2025 12:00:00 AM,Riverside Middle School,1002,Thomas D,RIV03 PM,3:10:00 PM,3:18:29 PM,,3:18:29 PM,,,
10/7/2025 12:00:00 AM,Riverside Middle School,1003,Anderson C,RIV04 PM,3:10:00 PM,3:34:55 PM,,3:34:55 PM,,,
10/7/2025 12:00:00 AM,Metro High School,1010,Brown K,MET01 PM,3:55:00 PM,4:12:27 PM,,4:12:27 PM,,,
10/7/2025 12:00:00 AM,Metro High School,1011,Wilson J,MET02 PM,3:55:00 PM,4:16:23 PM,,4:16:23 PM,,,
10/7/2025 12:00:00 AM,Metro High School,1012,Davis R,MET03 PM,3:55:00 PM,4:55:30 PM,,4:55:30 PM,,,
10/7/2025 12:00:00 AM,Northgate High School,1020,Taylor B,NOR01 PM,3:55:00 PM,4:15:29 PM,,4:15:29 PM,,,
10/7/2025 12:00:00 AM,Northgate High School,1021,Anderson C,NOR02 PM,3:55:00 PM,,,4:14:03 PM,,,
10/7/2025 12:00:00 AM,Northgate High School,1022,Johnson T,NOR03 PM,3:55:00 PM,4:30:12 PM,,4:30:12 PM,,,
10/8/2025 12:00:00 AM,Anderson Elementary,900,Davis R,AND01 PM,2:40:00 PM,3:32:28 PM,,3:32:28 PM,,,
10/8/2025 12:00:00 AM,Anderson Elementary,901,Thomas D,AND02 PM,2:40:00 PM,2:48:24 PM,,2:48:24 PM,,,
10/8/2025 12:00:00 AM,Anderson Elementary,902,Wilson J,AND03 PM,2:40:00 PM,3:08:43 PM,,3:08:43 PM,,,
10/8/2025 12:00:00 AM,Anderson Elementary,903,Miller S,AND04 PM,2:40:00 PM,2:54:08 PM,,2:54:08 PM,,,
10/8/2025 12:00:00 AM,Anderson Elementary,904,Wilson J,AND05 PM,2:40:00 PM,3:29:04 PM,,3:29:04 PM,,,
10/8/2025 12:00:00 AM,Bammel Elementary,910,Johnson T,BAM01 PM,2:40:00 PM,2:48:21 PM,,2:48:21 PM,,,
10/8/2025 12:00:00 AM,Bammel Elementary,911,Williams M,BAM02 PM,2:40:00 PM,3:07:53 PM,,3:07:53 PM,,,
10/8/2025 12:00:00 AM,Bammel Elementary,912,Johnson T,BAM03 PM,2:40:00 PM,2:53:54 PM,,2:53:54 PM,,,
10/8/2025 12:00:00 AM,Bammel Elementary,913,Taylor B,BAM04 PM,2:40:00 PM,3:07:13 PM,,3:07:13 PM,,,
10/8/2025 12:00:00 AM,Bammel Elementary,914,Brown K,BAM05 PM,2:40:00 PM,2:52:57 PM,,2:52:57 PM,,,
10/8/2025 12:00:00 AM,Cooper Elementary,920,Moore A,COO01 PM,2:40:00 PM,3:26:44 PM,,3:26:44 PM,,,
10/8/2025 12:00:00 AM,Cooper Elementary,921,Wilson J,COO02 PM,2:40:00 PM,3:03:57 PM,,3:03:57 PM,,,
10/8/2025 12:00:00 AM,Cooper Elementary,922,Brown K,COO03 PM,2:40:00 PM,3:06:03 PM,,3:06:03 PM,,,
10/8/2025 12:00:00 AM,Cooper Elementary,923,Johnson T,COO04 PM,2:40:00 PM,2:49:31 PM,,2:49:31 PM,,,
10/8/2025 12:00:00 AM,Cooper Elementary,924,Davis R,COO05 PM,2:40:00 PM,3:38:41 PM,,3:38:41 PM,,,
10/8/2025 12:00:00 AM,Heritage Elementary,930,Davis R,HER01 PM,2:40:00 PM,3:04:37 PM,,3:04:37 PM,,,
10/8/2025 12:00:00 AM,Heritage Elementary,931,Anderson C,HER02 PM,2:40:00 PM,3:05:14 PM,,3:05:14 PM,,,
10/8/2025 12:00:00 AM,Heritage Elementary,932,Wilson J,HER03 PM,2:40:00 PM,2:46:59 PM,,2:46:59 PM,,,
10/8/2025 12:00:00 AM,Heritage Elementary,933,Taylor B,HER04 PM,2:40:00 PM,3:05:01 PM,,3:05:01 PM,,,
10/8/2025 12:00:00 AM,Heritage Elementary,934,Brown K,HER05 PM,2:40:00 PM,3:39:44 PM,,3:39:44 PM,,,
10/8/2025 12:00:00 AM,Jenkins Elementary,940,Johnson T,JEN01 PM,2:40:00 PM,3:32:35 PM,,3:32:35 PM,,,
10/8/2025 12:00:00 AM,Jenkins Elementary,941,Thomas D,JEN02 PM,2:40:00 PM,3:14:35 PM,,3:14:35 PM,,,
10/8/2025 12:00:00 AM,Jenkins Elementary,942,Miller S,JEN03 PM,2:40:00 PM,3:31:01 PM,,3:31:01 PM,,,
10/8/2025 12:00:00 AM,Jenkins Elementary,943,Taylor B,JEN04 PM,2:40:00 PM,3:32:33 PM,,3:32:33 PM,,,
10/8/2025 12:00:00 AM,Jenkins Elementary,944,Davis R,JEN05 PM,2:40:00 PM,3:05:25 PM,,3:05:25 PM,,,
10/8/2025 12:00:00 AM,Lewis Elementary,950,Moore A,LEW01 PM,2:40:00 PM,,,3:06:28 PM,,,
10/8/2025 12:00:00 AM,Lewis Elementary,951,Moore A,LEW02 PM,2:40:00 PM,3:30:43 PM,,3:30:43 PM,,,
10/8/2025 12:00:00 AM,Lewis Elementary,952,Johnson T,LEW03 PM,2:40:00 PM,2:49:20 PM,,2:49:20 PM,,,
10/8/2025 12:00:00 AM,Lewis Elementary,953,Taylor B,LEW04 PM,2:40:00 PM,2:51:58 PM,,2:51:58 PM,,,
10/8/2025 12:00:00 AM,Lewis Elementary,954,Wilson J,LEW05 PM,2:40:00 PM,2:48:57 PM,,2:48:57 PM,,,
10/8/2025 12:00:00 AM,Marshall Elementary,960,Taylor B,MAR01 PM,2:40:00 PM,3:38:22 PM,,3:38:22 PM,,,
10/8/2025 12:00:00 AM,Marshall Elementary,961,Williams M,MAR02 PM,2:40:00 PM,2:46:55 PM,,2:46:55 PM,,,
10/8/2025 12:00:00 AM,Marshall Elementary,962,Thomas D,MAR03 PM,2:40:00 PM,3:28:53 PM,,3:28:53 PM,,,
10/8/2025 12:00:00 AM,Marshall Elementary,963,Taylor B,MAR04 PM,2:40:00 PM,2:48:06 PM,,2:48:06 PM,,,
10/8/2025 12:00:00 AM,Marshall Elementary,964,Johnson T,MAR05 PM,2:40:00 PM,3:03:48 PM,,3:03:48 PM,,,
10/8/2025 12:00:00 AM,Reynolds Elementary,970,Thomas D,REY01 PM,2:40:00 PM,2:48:40 PM,,2:48:40 PM,,,
10/8/2025 12:00:00 AM,Reynolds Elementary,971,Johnson T,REY02 PM,2:40:00 PM,2:50:57 PM,,2:50:57 PM,,,
10/8/2025 12:00:00 AM,Reynolds Elementary,972,Miller S,REY03 PM,2:40:00 PM,2:54:01 PM,,2:54:01 PM,,,
10/8/2025 12:00:00 AM,Reynolds Elementary,973,Williams M,REY04 PM,2:40:00 PM,3:32:49 PM,,3:32:49 PM,,,
10/8/2025 12:00:00 AM,Reynolds Elementary,974,Moore A,REY05 PM,2:40:00 PM,3:18:16 PM,,3:18:16 PM,,,
10/8/2025 12:00:00 AM,Westfield Middle School,980,Moore A,WES01 PM,3:10:00 PM,3:57:12 PM,,3:57:12 PM,,,
10/8/2025 12:00:00 AM,Westfield Middle School,981,Davis R,WES02 PM,3:10:00 PM,3:28:40 PM,,3:28:40 PM,,,
10/8/2025 12:00:00 AM,Westfield Middle School,982,Taylor B,WES03 PM,3:10:00 PM,3:36:51 PM,,3:36:51 PM,,,
10/8/2025 12:00:00 AM,Westfield Middle School,983,Taylor B,WES04 PM,3:10:00 PM,3:35:26 PM,,3:35:26 PM,,,
10/8/2025 12:00:00 AM,Lakewood Middle School,990,Davis R,LAK01 PM,3:10:00 PM,3:32:02 PM,,3:32:02 PM,,,
10/8/2025 12:00:00 AM,Lakewood Middle School,991,Johnson T,LAK02 PM,3:10:00 PM,,,3:39:12 PM,,,
10/8/2025 12:00:00 AM,Lakewood Middle School,992,Miller S,LAK03 PM,3:10:00 PM,3:22:58 PM,,3:22:58 PM,,,
10/8/2025 12:00:00 AM,Lakewood Middle School,993,Thomas D,LAK04 PM,3:10:00 PM,3:15:04 PM,,3:15:04 PM,,,
10/8/2025 12:00:00 AM,Riverside Middle School,1000,Wilson J,RIV01 PM,3:10:00 PM,3:41:42 PM,,3:41:42 PM,,,
10/8/2025 12:00:00 AM,Riverside Middle School,1001,Miller S,RIV02 PM,3:10:00 PM,3:36:43 PM,,3:36:43 PM,,,
10/8/2025 12:00:00 AM,Riverside Middle School,1002,Davis R,RIV03 PM,3:10:00 PM,3:38:46 PM,,3:38:46 PM,,,
10/8/2025 12:00:00 AM,Riverside Middle School,1003,Davis R,RIV04 PM,3:10:00 PM,3:29:52 PM,,3:29:52 PM,,,
10/8/2025 12:00:00 AM,Metro High School,1010,Moore A,MET01 PM,3:55:00 PM,4:07:33 PM,,4:07:33 PM,,,
10/8/2025 12:00:00 AM,Metro High School,1011,Miller S,MET02 PM,3:55:00 PM,4:52:58 PM,,4:52:58 PM,,,
10/8/2025 12:00:00 AM,Metro High School,1012,Wilson J,MET03 PM,3:55:00 PM,4:36:48 PM,,4:36:48 PM,,,
10/8/2025 12:00:00 AM,Northgate High School,1020,Johnson T,NOR01 PM,3:55:00 PM,4:14:12 PM,,4:14:12 PM,,,
10/8/2025 12:00:00 AM,Northgate High School,1021,Williams M,NOR02 PM,3:55:00 PM,4:13:46 PM,,4:13:46 PM,,,
10/8/2025 12:00:00 AM,Northgate High School,1022,Moore A,NOR03 PM,3:55:00 PM,4:03:32 PM,,4:03:32 PM,,,
10/9/2025 12:00:00 AM,Anderson Elementary,900,Brown K,AND01 PM,2:40:00 PM,,,2:57:59 PM,,,
10/9/2025 12:00:00 AM,Anderson Elementary,901,Thomas D,AND02 PM,2:40:00 PM,3:07:21 PM,,3:07:21 PM,,,
10/9/2025 12:00:00 AM,Anderson Elementary,902,Brown K,AND03 PM,2:40:00 PM,2:48:11 PM,,2:48:11 PM,,,
10/9/2025 12:00:00 AM,Anderson Elementary,903,Davis R,AND04 PM,2:40:00 PM,2:47:42 PM,,2:47:42 PM,,,
10/9/2025 12:00:00 AM,Anderson Elementary,904,Brown K,AND05 PM,2:40:00 PM,3:02:11 PM,,3:02:11 PM,,,
10/9/2025 12:00:00 AM,Bammel Elementary,910,Davis R,BAM01 PM,2:40:00 PM,3:04:39 PM,,3:04:39 PM,,,
10/9/2025 12:00:00 AM,Bammel Elementary,911,Thomas D,BAM02 PM,2:40:00 PM,3:17:41 PM,,3:17:41 PM,,,
10/9/2025 12:00:00 AM,Bammel Elementary,912,Thomas D,BAM03 PM,2:40:00 PM,3:26:30 PM,,3:26:30 PM,,,
10/9/2025 12:00:00 AM,Bammel Elementary,913,Johnson T,BAM04 PM,2:40:00 PM,2:55:51 PM,,2:55:51 PM,,,
10/9/2025 12:00:00 AM,Bammel Elementary,914,Brown K,BAM05 PM,2:40:00 PM,3:01:31 PM,,3:01:31 PM,,,
10/9/2025 12:00:00 AM,Cooper Elementary,920,Brown K,COO01 PM,2:40:00 PM,2:51:43 PM,,2:51:43 PM,,,
10/9/2025 12:00:00 AM,Cooper Elementary,921,Johnson T,COO02 PM,2:40:00 PM,2:54:22 PM,,2:54:22 PM,,,
10/9/2025 12:00:00 AM,Cooper Elementary,922,Williams M,COO03 PM,2:40:00 PM,2:50:00 PM,,2:50:00 PM,,,
10/9/2025 12:00:00 AM,Cooper Elementary,923,Anderson C,COO04 PM,2:40:00 PM,3:31:22 PM,,3:31:22 PM,,,
10/9/2025 12:00:00 AM,Cooper Elementary,924,Wilson J,COO05 PM,2:40:00 PM,2:53:00 PM,,2:53:00 PM,,,
10/9/2025 12:00:00 AM,Heritage Elementary,930,Moore A,HER01 PM,2:40:00 PM,2:49:15 PM,,2:49:15 PM,,,
10/9/2025 12:00:00 AM,Heritage Elementary,931,Williams M,HER02 PM,2:40:00 PM,2:46:55 PM,,2:46:55 PM,,,
10/9/2025 12:00:00 AM,Heritage Elementary,932,Davis R,HER03 PM,2:40:00 PM,2:52:34 PM,,2:52:34 PM,,,
10/9/2025 12:00:00 AM,Heritage Elementary,933,Davis R,HER04 PM,2:40:00 PM,2:57:33 PM,,2:57:33 PM,,,
10/9/2025 12:00:00 AM,Heritage Elementary,934,Moore A,HER05 PM,2:40:00 PM,3:26:15 PM,,3:26:15 PM,,,
10/9/2025 12:00:00 AM,Jenkins Elementary,940,Taylor B,JEN01 PM,2:40:00 PM,,,2:45:05 PM,,,
10/9/2025 12:00:00 AM,Jenkins Elementary,941,Miller S,JEN02 PM,2:40:00 PM,2:48:27 PM,,2:48:27 PM,,,
10/9/2025 12:00:00 AM,Jenkins Elementary,942,Johnson T,JEN03 PM,2:40:00 PM,2:45:33 PM,,2:45:33 PM,,,
10/9/2025 12:00:00 AM,Jenkins Elementary,943,Thomas D,JEN04 PM,2:40:00 PM,2:56:26 PM,,2:56:26 PM,,,
10/9/2025 12:00:00 AM,Jenkins Elementary,944,Moore A,JEN05 PM,2:40:00 PM,2:47:15 PM,,2:47:15 PM,,,
10/9/2025 12:00:00 AM,Lewis Elementary,950,Anderson C,LEW01 PM,2:40:00 PM,2:49:47 PM,,2:49:47 PM,,,
10/9/2025 12:00:00 AM,Lewis Elementary,951,Taylor B,LEW02 PM,2:40:00 PM,3:02:54 PM,,3:02:54 PM,,,
10/9/2025 12:00:00 AM,Lewis Elementary,952,Miller S,LEW03 PM,2:40:00 PM,3:07:48 PM,,3:07:48 PM,,,
10/9/2025 12:00:00 AM,Lewis Elementary,953,Miller S,LEW04 PM,2:40:00 PM,2:51:00 PM,,2:51:00 PM,,,
10/9/2025 12:00:00 AM,Lewis Elementary,954,Taylor B,LEW05 PM,2:40:00 PM,3:01:14 PM,,3:01:14 PM,,,
10/9/2025 12:00:00 AM,Marshall Elementary,960,Moore A,MAR01 PM,2:40:00 PM,3:02:36 PM,,3:02:36 PM,,,
10/9/2025 12:00:00 AM,Marshall Elementary,961,Taylor B,MAR02 PM,2:40:00 PM,3:02:14 PM,,3:02:14 PM,,,
10/9/2025 12:00:00 AM,Marshall Elementary,962,Davis R,MAR03 PM,2:40:00 PM,3:34:09 PM,,3:34:09 PM,,,
10/9/2025 12:00:00 AM,Marshall Elementary,963,Brown K,MAR04 PM,2:40:00 PM,2:53:03 PM,,2:53:03 PM,,,
10/9/2025 12:00:00 AM,Marshall Elementary,964,Williams M,MAR05 PM,2:40:00 PM,,,3:03:07 PM,,,
10/9/2025 12:00:00 AM,Reynolds Elementary,970,Taylor B,REY01 PM,2:40:00 PM,3:01:39 PM,,3:01:39 PM,,,
10/9/2025 12:00:00 AM,Reynolds Elementary,971,Miller S,REY02 PM,2:40:00 PM,2:46:20 PM,,2:46:20 PM,,,
10/9/2025 12:00:00 AM,Reynolds Elementary,972,Taylor B,REY03 PM,2:40:00 PM,3:08:06 PM,,3:08:06 PM,,,
10/9/2025 12:00:00 AM,Reynolds Elementary,973,Williams M,REY04 PM,2:40:00 PM,3:06:54 PM,,3:06:54 PM,,,
10/9/2025 12:00:00 AM,Reynolds Elementary,974,Davis R,REY05 PM,2:40:00 PM,2:56:53 PM,,2:56:53 PM,,,
10/9/2025 12:00:00 AM,Westfield Middle School,980,Moore A,WES01 PM,3:10:00 PM,3:57:04 PM,,3:57:04 PM,,,
10/9/2025 12:00:00 AM,Westfield Middle School,981,Thomas D,WES02 PM,3:10:00 PM,3:21:41 PM,,3:21:41 PM,,,
10/9/2025 12:00:00 AM,Westfield Middle School,982,Moore A,WES03 PM,3:10:00 PM,3:37:12 PM,,3:37:12 PM,,,
10/9/2025 12:00:00 AM,Westfield Middle School,983,Davis R,WES04 PM,3:10:00 PM,3:16:19 PM,,3:16:19 PM,,,
10/9/2025 12:00:00 AM,Lakewood Middle School,990,Taylor B,LAK01 PM,3:10:00 PM,3:57:14 PM,,3:57:14 PM,,,
10/9/2025 12:00:00 AM,Lakewood Middle School,991,Davis R,LAK02 PM,3:10:00 PM,3:23:46 PM,,3:23:46 PM,,,
10/9/2025 12:00:00 AM,Lakewood Middle School,992,Wilson J,LAK03 PM,3:10:00 PM,4:03:47 PM,,4:03:47 PM,,,
10/9/2025 12:00:00 AM,Lakewood Middle School,993,Williams M,LAK04 PM,3:10:00 PM,3:18:52 PM,,3:18:52 PM,,,
10/9/2025 12:00:00 AM,Riverside Middle School,1000,Davis R,RIV01 PM,3:10:00 PM,3:23:22 PM,,3:23:22 PM,,,
10/9/2025 12:00:00 AM,Riverside Middle School,1001,Anderson C,RIV02 PM,3:10:00 PM,3:22:00 PM,,3:22:00 PM,,,
10/9/2025 12:00:00 AM,Riverside Middle School,1002,Moore A,RIV03 PM,3:10:00 PM,3:37:42 PM,,3:37:42 PM,,,
10/9/2025 12:00:00 AM,Riverside Middle School,1003,Taylor B,RIV04 PM,3:10:00 PM,3:20:44 PM,,3:20:44 PM,,,
10/9/2025 12:00:00 AM,Metro High School,1010,Davis R,MET01 PM,3:55:00 PM,4:32:39 PM,,4:32:39 PM,,,
10/9/2025 12:00:00 AM,Metro High School,1011,Johnson T,MET02 PM,3:55:00 PM,4:00:45 PM,,4:00:45 PM,,,
10/9/2025 12:00:00 AM,Metro High School,1012,Brown K,MET03 PM,3:55:00 PM,4:49:14 PM,,4:49:14 PM,,,
10/9/2025 12:00:00 AM,Northgate High School,1020,Davis R,NOR01 PM,3:55:00 PM,4:29:41 PM,,4:29:41 PM,,,
10/9/2025 12:00:00 AM,Northgate High School,1021,Brown K,NOR02 PM,3:55:00 PM,4:26:10 PM,,4:26:10 PM,,,
10/9/2025 12:00:00 AM,Northgate High School,1022,Wilson J,NOR03 PM,3:55:00 PM,4:28:07 PM,,4:28:07 PM,,,
10/10/2025 12:00:00 AM,Anderson Elementary,900,Williams M,AND01 PM,2:40:00 PM,3:00:22 PM,,3:00:22 PM,,,
10/10/2025 12:00:00 AM,Anderson Elementary,901,Williams M,AND02 PM,2:40:00 PM,3:13:43 PM,,3:13:43 PM,,,
10/10/2025 12:00:00 AM,Anderson Elementary,902,Brown K,AND03 PM,2:40:00 PM,2:55:24 PM,,2:55:24 PM,,,
10/10/2025 12:00:00 AM,Anderson Elementary,903,Thomas D,AND04 PM,2:40:00 PM,3:07:24 PM,,3:07:24 PM,,,
10/10/2025 12:00:00 AM,Anderson Elementary,904,Brown K,AND05 PM,2:40:00 PM,2:53:05 PM,,2:53:05 PM,,,
10/10/2025 12:00:00 AM,Bammel Elementary,910,Davis R,BAM01 PM,2:40:00 PM,3:15:17 PM,,3:15:17 PM,,,
10/10/2025 12:00:00 AM,Bammel Elementary,911,Johnson T,BAM02 PM,2:40:00 PM,2:54:43 PM,,2:54:43 PM,,,
10/10/2025 12:00:00 AM,Bammel Elementary,912,Davis R,BAM03 PM,2:40:00 PM,3:04:16 PM,,3:04:16 PM,,,
10/10/2025 12:00:00 AM,Bammel Elementary,913,Wilson J,BAM04 PM,2:40:00 PM,3:04:08 PM,,3:04:08 PM,,,
10/10/2025 12:00:00 AM,Bammel Elementary,914,Taylor B,BAM05 PM,2:40:00 PM,3:02:40 PM,,3:02:40 PM,,,
10/10/2025 12:00:00 AM,Cooper Elementary,920,Thomas D,COO01 PM,2:40:00 PM,2:45:15 PM,,2:45:15 PM,,,
10/10/2025 12:00:00 AM,Cooper Elementary,921,Moore A,COO02 PM,2:40:00 PM,2:53:29 PM,,2:53:29 PM,,,
10/10/2025 12:00:00 AM,Cooper Elementary,922,Davis R,COO03 PM,2:40:00 PM,2:59:13 PM,,2:59:13 PM,,,
10/10/2025 12:00:00 AM,Cooper Elementary,923,Thomas D,COO04 PM,2:40:00 PM,3:04:37 PM,,3:04:37 PM,,,
10/10/2025 12:00:00 AM,Cooper Elementary,924,Williams M,COO05 PM,2:40:00 PM,2:53:39 PM,,2:53:39 PM,,,
10/10/2025 12:00:00 AM,Heritage Elementary,930,Johnson T,HER01 PM,2:40:00 PM,3:00:53 PM,,3:00:53 PM,,,
10/10/2025 12:00:00 AM,Heritage Elementary,931,Wilson J,HER02 PM,2:40:00 PM,3:32:06 PM,,3:32:06 PM,,,
10/10/2025 12:00:00 AM,Heritage Elementary,932,Thomas D,HER03 PM,2:40:00 PM,3:05:27 PM,,3:05:27 PM,,,
10/10/2025 12:00:00 AM,Heritage Elementary,933,Miller S,HER04 PM,2:40:00 PM,3:29:50 PM,,3:29:50 PM,,,
10/10/2025 12:00:00 AM,Heritage Elementary,934,Miller S,HER05 PM,2:40:00 PM,3:07:34 PM,,3:07:34 PM,,,
10/10/2025 12:00:00 AM,Jenkins Elementary,940,Taylor B,JEN01 PM,2:40:00 PM,2:52:34 PM,,2:52:34 PM,,,
10/10/2025 12:00:00 AM,Jenkins Elementary,941,Brown K,JEN02 PM,2:40:00 PM,2:52:33 PM,,2:52:33 PM,,,
10/10/2025 12:00:00 AM,Jenkins Elementary,942,Moore A,JEN03 PM,2:40:00 PM,2:52:01 PM,,2:52:01 PM,,,
10/10/2025 12:00:00 AM,Jenkins Elementary,943,Williams M,JEN04 PM,2:40:00 PM,3:04:41 PM,,3:04:41 PM,,,
10/10/2025 12:00:00 AM,Jenkins Elementary,944,Anderson C,JEN05 PM,2:40:00 PM,2:57:48 PM,,2:57:48 PM,,,
10/10/2025 12:00:00 AM,Lewis Elementary,950,Wilson J,LEW01 PM,2:40:00 PM,2:54:13 PM,,2:54:13 PM,,,
10/10/2025 12:00:00 AM,Lewis Elementary,951,Anderson C,LEW02 PM,2:40:00 PM,2:47:43 PM,,2:47:43 PM,,,
10/10/2025 12:00:00 AM,Lewis Elementary,952,Wilson J,LEW03 PM,2:40:00 PM,3:37:07 PM,,3:37:07 PM,,,
10/10/2025 12:00:00 AM,Lewis Elementary,953,Wilson J,LEW04 PM,2:40:00 PM,2:57:28 PM,,2:57:28 PM,,,
10/10/2025 12:00:00 AM,Lewis Elementary,954,Thomas D,LEW05 PM,2:40:00 PM,3:00:49 PM,,3:00:49 PM,,,
10/10/2025 12:00:00 AM,Marshall Elementary,960,Miller S,MAR01 PM,2:40:00 PM,2:51:28 PM,,2:51:28 PM,,,
10/10/2025 12:00:00 AM,Marshall Elementary,961,Johnson T,MAR02 PM,2:40:00 PM,2:54:01 PM,,2:54:01 PM,,,
10/10/2025 12:00:00 AM,Marshall Elementary,962,Taylor B,MAR03 PM,2:40:00 PM,2:47:04 PM,,2:47:04 PM,,,
10/10/2025 12:00:00 AM,Marshall Elementary,963,Davis R,MAR04 PM,2:40:00 PM,3:07:02 PM,,3:07:02 PM,,,
10/10/2025 12:00:00 AM,Marshall Elementary,964,Johnson T,MAR05 PM,2:40:00 PM,2:54:46 PM,,2:54:46 PM,,,
10/10/2025 12:00:00 AM,Reynolds Elementary,970,Wilson J,REY01 PM,2:40:00 PM,3:06:08 PM,,3:06:08 PM,,,
10/10/2025 12:00:00 AM,Reynolds Elementary,971,Johnson T,REY02 PM,2:40:00 PM,2:46:47 PM,,2:46:47 PM,,,
10/10/2025 12:00:00 AM,Reynolds Elementary,972,Wilson J,REY03 PM,2:40:00 PM,3:08:25 PM,,3:08:25 PM,,,
10/10/2025 12:00:00 AM,Reynolds Elementary,973,Anderson C,REY04 PM,2:40:00 PM,3:23:27 PM,,3:23:27 PM,,,
10/10/2025 12:00:00 AM,Reynolds Elementary,974,Taylor B,REY05 PM,2:40:00 PM,2:45:17 PM,,2:45:17 PM,,,
10/10/2025 12:00:00 AM,Westfield Middle School,980,Moore A,WES01 PM,3:10:00 PM,3:37:08 PM,,3:37:08 PM,,,
10/10/2025 12:00:00 AM,Westfield Middle School,981,Thomas D,WES02 PM,3:10:00 PM,3:22:44 PM,,3:22:44 PM,,,
10/10/2025 12:00:00 AM,Westfield Middle School,982,Brown K,WES03 PM,3:10:00 PM,3:22:39 PM,,3:22:39 PM,,,
10/10/2025 12:00:00 AM,Westfield Middle School,983,Brown K,WES04 PM,3:10:00 PM,3:16:19 PM,,3:16:19 PM,,,
10/10/2025 12:00:00 AM,Lakewood Middle School,990,Davis R,LAK01 PM,3:10:00 PM,3:25:10 PM,,3:25:10 PM,,,
10/10/2025 12:00:00 AM,Lakewood Middle School,991,Miller S,LAK02 PM,3:10:00 PM,3:38:55 PM,,3:38:55 PM,,,
10/10/2025 12:00:00 AM,Lakewood Middle School,992,Anderson C,LAK03 PM,3:10:00 PM,4:02:44 PM,,4:02:44 PM,,,
10/10/2025 12:00:00 AM,Lakewood Middle School,993,Miller S,LAK04 PM,3:10:00 PM,3:21:58 PM,,3:21:58 PM,,,
10/10/2025 12:00:00 AM,Riverside Middle School,1000,Davis R,RIV01 PM,3:10:00 PM,3:54:49 PM,,3:54:49 PM,,,
10/10/2025 12:00:00 AM,Riverside Middle School,1001,Davis R,RIV02 PM,3:10:00 PM,3:18:31 PM,,3:18:31 PM,,,
10/10/2025 12:00:00 AM,Riverside Middle School,1002,Thomas D,RIV03 PM,3:10:00 PM,4:06:04 PM,,4:06:04 PM,,,
10/10/2025 12:00:00 AM,Riverside Middle School,1003,Wilson J,RIV04 PM,3:10:00 PM,3:34:11 PM,,3:34:11 PM,,,
10/10/2025 12:00:00 AM,Metro High School,1010,Williams M,MET01 PM,3:55:00 PM,4:22:48 PM,,4:22:48 PM,,,
10/10/2025 12:00:00 AM,Metro High School,1011,Anderson C,MET02 PM,3:55:00 PM,4:05:19 PM,,4:05:19 PM,,,
10/10/2025 12:00:00 AM,Metro High School,1012,Thomas D,MET03 PM,3:55:00 PM,4:52:37 PM,,4:52:37 PM,,,
10/10/2025 12:00:00 AM,Northgate High School,1020,Williams M,NOR01 PM,3:55:00 PM,4:35:46 PM,,4:35:46 PM,,,
10/10/2025 12:00:00 AM,Northgate High School,1021,Williams M,NOR02 PM,3:55:00 PM,4:01:12 PM,,4:01:12 PM,,,
10/10/2025 12:00:00 AM,Northgate High School,1022,Johnson T,NOR03 PM,3:55:00 PM,4:23:26 PM,,4:23:26 PM,,,
10/13/2025 12:00:00 AM,Anderson Elementary,900,Wilson J,AND01 PM,2:40:00 PM,2:54:20 PM,,2:54:20 PM,,,
10/13/2025 12:00:00 AM,Anderson Elementary,901,Anderson C,AND02 PM,2:40:00 PM,3:38:57 PM,,3:38:57 PM,,,
10/13/2025 12:00:00 AM,Anderson Elementary,902,Johnson T,AND03 PM,2:40:00 PM,2:48:58 PM,,2:48:58 PM,,,
10/13/2025 12:00:00 AM,Anderson Elementary,903,Moore A,AND04 PM,2:40:00 PM,3:06:16 PM,,3:06:16 PM,,,
10/13/2025 12:00:00 AM,Anderson Elementary,904,Anderson C,AND05 PM,2:40:00 PM,3:22:59 PM,,3:22:59 PM,,,
10/13/2025 12:00:00 AM,Bammel Elementary,910,Moore A,BAM01 PM,2:40:00 PM,3:05:17 PM,,3:05:17 PM,,,
10/13/2025 12:00:00 AM,Bammel Elementary,911,Johnson T,BAM02 PM,2:40:00 PM,2:49:35 PM,,2:49:35 PM,,,
10/13/2025 12:00:00 AM,Bammel Elementary,912,Davis R,BAM03 PM,2:40:00 PM,3:28:21 PM,,3:28:21 PM,,,
10/13/2025 12:00:00 AM,Bammel Elementary,913,Davis R,BAM04 PM,2:40:00 PM,3:07:51 PM,,3:07:51 PM,,,
10/13/2025 12:00:00 AM,Bammel Elementary,914,Johnson T,BAM05 PM,2:40:00 PM,2:57:02 PM,,2:57:02 PM,,,
10/13/2025 12:00:00 AM,Cooper Elementary,920,Brown K,COO01 PM,2:40:00 PM,2:59:51 PM,,2:59:51 PM,,,
10/13/2025 12:00:00 AM,Cooper Elementary,921,Johnson T,COO02 PM,2:40:00 PM,2:55:27 PM,,2:55:27 PM,,,
10/13/2025 12:00:00 AM,Cooper Elementary,922,Johnson T,COO03 PM,2:40:00 PM,2:52:32 PM,,2:52:32 PM,,,
10/13/2025 12:00:00 AM,Cooper Elementary,923,Anderson C,COO04 PM,2:40:00 PM,2:47:13 PM,,2:47:13 PM,,,
10/13/2025 12:00:00 AM,Cooper Elementary,924,Brown K,COO05 PM,2:40:00 PM,2:51:35 PM,,2:51:35 PM,,,
10/13/2025 12:00:00 AM,Heritage Elementary,930,Thomas D,HER01 PM,2:40:00 PM,3:01:01 PM,,3:01:01 PM,,,
10/13/2025 12:00:00 AM,Heritage Elementary,931,Miller S,HER02 PM,2:40:00 PM,2:50:45 PM,,2:50:45 PM,,,
10/13/2025 12:00:00 AM,Heritage Elementary,932,Thomas D,HER03 PM,2:40:00 PM,2:56:14 PM,,2:56:14 PM,,,
10/13/2025 12:00:00 AM,Heritage Elementary,933,Davis R,HER04 PM,2:40:00 PM,3:03:21 PM,,3:03:21 PM,,,
10/13/2025 12:00:00 AM,Heritage Elementary,934,Moore A,HER05 PM,2:40:00 PM,3:27:47 PM,,3:27:47 PM,,,
10/13/2025 12:00:00 AM,Jenkins Elementary,940,Brown K,JEN01 PM,2:40:00 PM,2:50:33 PM,,2:50:33 PM,,,
10/13/2025 12:00:00 AM,Jenkins Elementary,941,Johnson T,JEN02 PM,2:40:00 PM,2:58:57 PM,,2:58:57 PM,,,
10/13/2025 12:00:00 AM,Jenkins Elementary,942,Anderson C,JEN03 PM,2:40:00 PM,2:57:17 PM,,2:57:17 PM,,,
10/13/2025 12:00:00 AM,Jenkins Elementary,943,Taylor B,JEN04 PM,2:40:00 PM,2:47:14 PM,,2:47:14 PM,,,
10/13/2025 12:00:00 AM,Jenkins Elementary,944,Taylor B,JEN05 PM,2:40:00 PM,3:01:44 PM,,3:01:44 PM,,,
10/13/2025 12:00:00 AM,Lewis Elementary,950,Taylor B,LEW01 PM,2:40:00 PM,2:50:27 PM,,2:50:27 PM,,,
10/13/2025 12:00:00 AM,Lewis Elementary,951,Williams M,LEW02 PM,2:40:00 PM,2:58:22 PM,,2:58:22 PM,,,
10/13/2025 12:00:00 AM,Lewis Elementary,952,Wilson J,LEW03 PM,2:40:00 PM,3:04:27 PM,,3:04:27 PM,,,
10/13/2025 12:00:00 AM,Lewis Elementary,953,Johnson T,LEW04 PM,2:40:00 PM,2:57:50 PM,,2:57:50 PM,,,
10/13/2025 12:00:00 AM,Lewis Elementary,954,Wilson J,LEW05 PM,2:40:00 PM,2:53:48 PM,,2:53:48 PM,,,
10/13/2025 12:00:00 AM,Marshall Elementary,960,Thomas D,MAR01 PM,2:40:00 PM,2:53:27 PM,,2:53:27 PM,,,
10/13/2025 12:00:00 AM,Marshall Elementary,961,Anderson C,MAR02 PM,2:40:00 PM,2:45:04 PM,,2:45:04 PM,,,
10/13/2025 12:00:00 AM,Marshall Elementary,962,Davis R,MAR03 PM,2:40:00 PM,3:08:31 PM,,3:08:31 PM,,,
10/13/2025 12:00:00 AM,Marshall Elementary,963,Miller S,MAR04 PM,2:40:00 PM,3:04:56 PM,,3:04:56 PM,,,
10/13/2025 12:00:00 AM,Marshall Elementary,964,Moore A,MAR05 PM,2:40:00 PM,3:07:54 PM,,3:07:54 PM,,,
10/13/2025 12:00:00 AM,Reynolds Elementary,970,Williams M,REY01 PM,2:40:00 PM,3:05:59 PM,,3:05:59 PM,,,
10/13/2025 12:00:00 AM,Reynolds Elementary,971,Johnson T,REY02 PM,2:40:00 PM,3:05:53 PM,,3:05:53 PM,,,
10/13/2025 12:00:00 AM,Reynolds Elementary,972,Johnson T,REY03 PM,2:40:00 PM,2:50:24 PM,,2:50:24 PM,,,
10/13/2025 12:00:00 AM,Reynolds Elementary,973,Thomas D,REY04 PM,2:40:00 PM,2:59:35 PM,,2:59:35 PM,,,
10/13/2025 12:00:00 AM,Reynolds Elementary,974,Taylor B,REY05 PM,2:40:00 PM,2:48:38 PM,,2:48:38 PM,,,
10/13/2025 12:00:00 AM,Westfield Middle School,980,Wilson J,WES01 PM,3:10:00 PM,3:24:38 PM,,3:24:38 PM,,,
10/13/2025 12:00:00 AM,Westfield Middle School,981,Williams M,WES02 PM,3:10:00 PM,3:22:33 PM,,3:22:33 PM,,,
10/13/2025 12:00:00 AM,Westfield Middle School,982,Thomas D,WES03 PM,3:10:00 PM,,,3:16:19 PM,,,
10/13/2025 12:00:00 AM,Westfield Middle School,983,Thomas D,WES04 PM,3:10:00 PM,3:30:42 PM,,3:30:42 PM,,,
10/13/2025 12:00:00 AM,Lakewood Middle School,990,Moore A,LAK01 PM,3:10:00 PM,4:08:57 PM,,4:08:57 PM,,,
10/13/2025 12:00:00 AM,Lakewood Middle School,991,Davis R,LAK02 PM,3:10:00 PM,3:16:42 PM,,3:16:42 PM,,,
10/13/2025 12:00:00 AM,Lakewood Middle School,992,Miller S,LAK03 PM,3:10:00 PM,3:36:16 PM,,3:36:16 PM,,,
10/13/2025 12:00:00 AM,Lakewood Middle School,993,Brown K,LAK04 PM,3:10:00 PM,3:22:21 PM,,3:22:21 PM,,,
10/13/2025 12:00:00 AM,Riverside Middle School,1000,Williams M,RIV01 PM,3:10:00 PM,3:25:09 PM,,3:25:09 PM,,,
10/13/2025 12:00:00 AM,Riverside Middle School,1001,Wilson J,RIV02 PM,3:10:00 PM,3:52:31 PM,,3:52:31 PM,,,
10/13/2025 12:00:00 AM,Riverside Middle School,1002,Taylor B,RIV03 PM,3:10:00 PM,3:31:49 PM,,3:31:49 PM,,,
10/13/2025 12:00:00 AM,Riverside Middle School,1003,Davis R,RIV04 PM,3:10:00 PM,3:15:29 PM,,3:15:29 PM,,,
10/13/2025 12:00:00 AM,Metro High School,1010,Thomas D,MET01 PM,3:55:00 PM,4:47:37 PM,,4:47:37 PM,,,
10/13/2025 12:00:00 AM,Metro High School,1011,Williams M,MET02 PM,3:55:00 PM,4:15:18 PM,,4:15:18 PM,,,
10/13/2025 12:00:00 AM,Metro High School,1012,Williams M,MET03 PM,3:55:00 PM,4:11:39 PM,,4:11:39 PM,,,
10/13/2025 12:00:00 AM,Northgate High School,1020,Williams M,NOR01 PM,3:55:00 PM,4:17:27 PM,,4:17:27 PM,,,
10/13/2025 12:00:00 AM,Northgate High School,1021,Wilson J,NOR02 PM,3:55:00 PM,4:11:37 PM,,4:11:37 PM,,,
10/13/2025 12:00:00 AM,Northgate High School,1022,Anderson C,NOR03 PM,3:55:00 PM,4:51:27 PM,,4:51:27 PM,,,
10/14/2025 12:00:00 AM,Anderson Elementary,900,Wilson J,AND01 PM,2:40:00 PM,3:02:34 PM,,3:02:34 PM,,,
10/14/2025 12:00:00 AM,Anderson Elementary,901,Davis R,AND02 PM,2:40:00 PM,2:46:38 PM,,2:46:38 PM,,,
10/14/2025 12:00:00 AM,Anderson Elementary,902,Taylor B,AND03 PM,2:40:00 PM,3:08:36 PM,,3:08:36 PM,,,
10/14/2025 12:00:00 AM,Anderson Elementary,903,Miller S,AND04 PM,2:40:00 PM,2:59:43 PM,,2:59:43 PM,,,
10/14/2025 12:00:00 AM,Anderson Elementary,904,Moore A,AND05 PM,2:40:00 PM,2:55:11 PM,,2:55:11 PM,,,
10/14/2025 12:00:00 AM,Bammel Elementary,910,Taylor B,BAM01 PM,2:40:00 PM,3:38:48 PM,,3:38:48 PM,,,
10/14/2025 12:00:00 AM,Bammel Elementary,911,Williams M,BAM02 PM,2:40:00 PM,3:13:16 PM,,3:13:16 PM,,,
10/14/2025 12:00:00 AM,Bammel Elementary,912,Brown K,BAM03 PM,2:40:00 PM,3:03:51 PM,,3:03:51 PM,,,
10/14/2025 12:00:00 AM,Bammel Elementary,913,Thomas D,BAM04 PM,2:40:00 PM,2:53:24 PM,,2:53:24 PM,,,
10/14/2025 12:00:00 AM,Bammel Elementary,914,Wilson J,BAM05 PM,2:40:00 PM,3:07:34 PM,,3:07:34 PM,,,
10/14/2025 12:00:00 AM,Cooper Elementary,920,Davis R,COO01 PM,2:40:00 PM,2:46:13 PM,,2:46:13 PM,,,
10/14/2025 12:00:00 AM,Cooper Elementary,921,Thomas D,COO02 PM,2:40:00 PM,2:53:55 PM,,2:53:55 PM,,,
10/14/2025 12:00:00 AM,Cooper Elementary,922,Moore A,COO03 PM,2:40:00 PM,2:51:15 PM,,2:51:15 PM,,,
10/14/2025 12:00:00 AM,Cooper Elementary,923,Williams M,COO04 PM,2:40:00 PM,3:01:30 PM,,3:01:30 PM,,,
10/14/2025 12:00:00 AM,Cooper Elementary,924,Miller S,COO05 PM,2:40:00 PM,3:00:27 PM,,3:00:27 PM,,,
10/14/2025 12:00:00 AM,Heritage Elementary,930,Taylor B,HER01 PM,2:40:00 PM,2:47:40 PM,,2:47:40 PM,,,
10/14/2025 12:00:00 AM,Heritage Elementary,931,Brown K,HER02 PM,2:40:00 PM,2:54:06 PM,,2:54:06 PM,,,
10/14/2025 12:00:00 AM,Heritage Elementary,932,Johnson T,HER03 PM,2:40:00 PM,3:04:27 PM,,3:04:27 PM,,,
10/14/2025 12:00:00 AM,Heritage Elementary,933,Thomas D,HER04 PM,2:40:00 PM,2:57:50 PM,,2:57:50 PM,,,
10/14/2025 12:00:00 AM,Heritage Elementary,934,Thomas D,HER05 PM,2:40:00 PM,3:06:07 PM,,3:06:07 PM,,,
10/14/2025 12:00:00 AM,Jenkins Elementary,940,Johnson T,JEN01 PM,2:40:00 PM,2:57:34 PM,,2:57:34 PM,,,
10/14/2025 12:00:00 AM,Jenkins Elementary,941,Johnson T,JEN02 PM,2:40:00 PM,3:05:57 PM,,3:05:57 PM,,,
10/14/2025 12:00:00 AM,Jenkins Elementary,942,Wilson J,JEN03 PM,2:40:00 PM,3:08:59 PM,,3:08:59 PM,,,
10/14/2025 12:00:00 AM,Jenkins Elementary,943,Anderson C,JEN04 PM,2:40:00 PM,2:56:34 PM,,2:56:34 PM,,,
10/14/2025 12:00:00 AM,Jenkins Elementary,944,Miller S,JEN05 PM,2:40:00 PM,2:55:54 PM,,2:55:54 PM,,,
10/14/2025 12:00:00 AM,Lewis Elementary,950,Miller S,LEW01 PM,2:40:00 PM,2:50:47 PM,,2:50:47 PM,,,
10/14/2025 12:00:00 AM,Lewis Elementary,951,Williams M,LEW02 PM,2:40:00 PM,3:05:37 PM,,3:05:37 PM,,,
10/14/2025 12:00:00 AM,Lewis Elementary,952,Johnson T,LEW03 PM,2:40:00 PM,3:00:05 PM,,3:00:05 PM,,,
10/14/2025 12:00:00 AM,Lewis Elementary,953,Johnson T,LEW04 PM,2:40:00 PM,2:53:58 PM,,2:53:58 PM,,,
10/14/2025 12:00:00 AM,Lewis Elementary,954,Wilson J,LEW05 PM,2:40:00 PM,3:02:37 PM,,3:02:37 PM,,,
10/14/2025 12:00:00 AM,Marshall Elementary,960,Moore A,MAR01 PM,2:40:00 PM,3:06:27 PM,,3:06:27 PM,,,
10/14/2025 12:00:00 AM,Marshall Elementary,961,Miller S,MAR02 PM,2:40:00 PM,3:06:40 PM,,3:06:40 PM,,,
10/14/2025 12:00:00 AM,Marshall Elementary,962,Williams M,MAR03 PM,2:40:00 PM,3:03:50 PM,,3:03:50 PM,,,
10/14/2025 12:00:00 AM,Marshall Elementary,963,Taylor B,MAR04 PM,2:40:00 PM,3:02:54 PM,,3:02:54 PM,,,
10/14/2025 12:00:00 AM,Marshall Elementary,964,Taylor B,MAR05 PM,2:40:00 PM,2:55:54 PM,,2:55:54 PM,,,
10/14/2025 12:00:00 AM,Reynolds Elementary,970,Taylor B,REY01 PM,2:40:00 PM,3:36:30 PM,,3:36:30 PM,,,
10/14/2025 12:00:00 AM,Reynolds Elementary,971,Williams M,REY02 PM,2:40:00 PM,3:08:22 PM,,3:08:22 PM,,,
10/14/2025 12:00:00 AM,Reynolds Elementary,972,Anderson C,REY03 PM,2:40:00 PM,2:55:17 PM,,2:55:17 PM,,,
10/14/2025 12:00:00 AM,Reynolds Elementary,973,Davis R,REY04 PM,2:40:00 PM,,,3:35:24 PM,,,
10/14/2025 12:00:00 AM,Reynolds Elementary,974,Thomas D,REY05 PM,2:40:00 PM,2:49:59 PM,,2:49:59 PM,,,
10/14/2025 12:00:00 AM,Westfield Middle School,980,Johnson T,WES01 PM,3:10:00 PM,3:29:02 PM,,3:29:02 PM,,,
10/14/2025 12:00:00 AM,Westfield Middle School,981,Thomas D,WES02 PM,3:10:00 PM,3:38:51 PM,,3:38:51 PM,,,
10/14/2025 12:00:00 AM,Westfield Middle School,982,Williams M,WES03 PM,3:10:00 PM,3:34:26 PM,,3:34:26 PM,,,
10/14/2025 12:00:00 AM,Westfield Middle School,983,Anderson C,WES04 PM,3:10:00 PM,3:36:49 PM,,3:36:49 PM,,,
10/14/2025 12:00:00 AM,Lakewood Middle School,990,Thomas D,LAK01 PM,3:10:00 PM,,,3:38:36 PM,,,
10/14/2025 12:00:00 AM,Lakewood Middle School,991,Miller S,LAK02 PM,3:10:00 PM,3:32:56 PM,,3:32:56 PM,,,
10/14/2025 12:00:00 AM,Lakewood Middle School,992,Miller S,LAK03 PM,3:10:00 PM,4:08:16 PM,,4:08:16 PM,,,
10/14/2025 12:00:00 AM,Lakewood Middle School,993,Miller S,LAK04 PM,3:10:00 PM,4:06:33 PM,,4:06:33 PM,,,
10/14/2025 12:00:00 AM,Riverside Middle School,1000,Wilson J,RIV01 PM,3:10:00 PM,3:29:26 PM,,3:29:26 PM,,,
10/14/2025 12:00:00 AM,Riverside Middle School,1001,Wilson J,RIV02 PM,3:10:00 PM,3:29:34 PM,,3:29:34 PM,,,
10/14/2025 12:00:00 AM,Riverside Middle School,1002,Davis R,RIV03 PM,3:10:00 PM,3:17:39 PM,,3:17:39 PM,,,
10/14/2025 12:00:00 AM,Riverside Middle School,1003,Moore A,RIV04 PM,3:10:00 PM,3:30:36 PM,,3:30:36 PM,,,
10/14/2025 12:00:00 AM,Metro High School,1010,Anderson C,MET01 PM,3:55:00 PM,4:13:11 PM,,4:13:11 PM,,,
10/14/2025 12:00:00 AM,Metro High School,1011,Thomas D,MET02 PM,3:55:00 PM,4:17:35 PM,,4:17:35 PM,,,
10/14/2025 12:00:00 AM,Metro High School,1012,Johnson T,MET03 PM,3:55:00 PM,4:04:01 PM,,4:04:01 PM,,,
10/14/2025 12:00:00 AM,Northgate High School,1020,Johnson T,NOR01 PM,3:55:00 PM,4:16:31 PM,,4:16:31 PM,,,
10/14/2025 12:00:00 AM,Northgate High School,1021,Miller S,NOR02 PM,3:55:00 PM,4:05:25 PM,,4:05:25 PM,,,
10/14/2025 12:00:00 AM,Northgate High School,1022,Miller S,NOR03 PM,3:55:00 PM,4:10:18 PM,,4:10:18 PM,,,
10/15/2025 12:00:00 AM,Anderson Elementary,900,Johnson T,AND01 PM,2:40:00 PM,3:02:13 PM,,3:02:13 PM,,,
10/15/2025 12:00:00 AM,Anderson Elementary,901,Johnson T,AND02 PM,2:40:00 PM,2:57:31 PM,,2:57:31 PM,,,
10/15/2025 12:00:00 AM,Anderson Elementary,902,Anderson C,AND03 PM,2:40:00 PM,2:48:36 PM,,2:48:36 PM,,,
10/15/2025 12:00:00 AM,Anderson Elementary,903,Taylor B,AND04 PM,2:40:00 PM,2:48:54 PM,,2:48:54 PM,,,
10/15/2025 12:00:00 AM,Anderson Elementary,904,Wilson J,AND05 PM,2:40:00 PM,3:37:17 PM,,3:37:17 PM,,,
10/15/2025 12:00:00 AM,Bammel Elementary,910,Taylor B,BAM01 PM,2:40:00 PM,3:05:58 PM,,3:05:58 PM,,,
10/15/2025 12:00:00 AM,Bammel Elementary,911,Williams M,BAM02 PM,2:40:00 PM,2:50:01 PM,,2:50:01 PM,,,
10/15/2025 12:00:00 AM,Bammel Elementary,912,Taylor B,BAM03 PM,2:40:00 PM,2:59:52 PM,,2:59:52 PM,,,
10/15/2025 12:00:00 AM,Bammel Elementary,913,Moore A,BAM04 PM,2:40:00 PM,2:50:19 PM,,2:50:19 PM,,,
10/15/2025 12:00:00 AM,Bammel Elementary,914,Taylor B,BAM05 PM,2:40:00 PM,2:53:19 PM,,2:53:19 PM,,,
10/15/2025 12:00:00 AM,Cooper Elementary,920,Wilson J,COO01 PM,2:40:00 PM,2:57:23 PM,,2:57:23 PM,,,
10/15/2025 12:00:00 AM,Cooper Elementary,921,Moore A,COO02 PM,2:40:00 PM,3:03:03 PM,,3:03:03 PM,,,
10/15/2025 12:00:00 AM,Cooper Elementary,922,Anderson C,COO03 PM,2:40:00 PM,,,2:44:36 PM,,,
10/15/2025 12:00:00 AM,Cooper Elementary,923,Miller S,COO04 PM,2:40:00 PM,2:49:18 PM,,2:49:18 PM,,,
10/15/2025 12:00:00 AM,Cooper Elementary,924,Brown K,COO05 PM,2:40:00 PM,3:04:14 PM,,3:04:14 PM,,,
10/15/2025 12:00:00 AM,Heritage Elementary,930,Miller S,HER01 PM,2:40:00 PM,2:48:45 PM,,2:48:45 PM,,,
10/15/2025 12:00:00 AM,Heritage Elementary,931,Brown K,HER02 PM,2:40:00 PM,,,2:43:33 PM,,,
10/15/2025 12:00:00 AM,Heritage Elementary,932,Miller S,HER03 PM,2:40:00 PM,3:08:17 PM,,3:08:17 PM,,,
10/15/2025 12:00:00 AM,Heritage Elementary,933,Brown K,HER04 PM,2:40:00 PM,2:58:58 PM,,2:58:58 PM,,,
10/15/2025 12:00:00 AM,Heritage Elementary,934,Williams M,HER05 PM,2:40:00 PM,2:50:47 PM,,2:50:47 PM,,,
10/15/2025 12:00:00 AM,Jenkins Elementary,940,Wilson J,JEN01 PM,2:40:00 PM,3:05:03 PM,,3:05:03 PM,,,
10/15/2025 12:00:00 AM,Jenkins Elementary,941,Williams M,JEN02 PM,2:40:00 PM,3:08:45 PM,,3:08:45 PM,,,
10/15/2025 12:00:00 AM,Jenkins Elementary,942,Johnson T,JEN03 PM,2:40:00 PM,3:04:09 PM,,3:04:09 PM,,,
10/15/2025 12:00:00 AM,Jenkins Elementary,943,Moore A,JEN04 PM,2:40:00 PM,2:54:14 PM,,2:54:14 PM,,,
10/15/2025 12:00:00 AM,Jenkins Elementary,944,Johnson T,JEN05 PM,2:40:00 PM,3:07:22 PM,,3:07:22 PM,,,
10/15/2025 12:00:00 AM,Lewis Elementary,950,Davis R,LEW01 PM,2:40:00 PM,3:18:01 PM,,3:18:01 PM,,,
10/15/2025 12:00:00 AM,Lewis Elementary,951,Wilson J,LEW02 PM,2:40:00 PM,2:50:09 PM,,2:50:09 PM,,,
10/15/2025 12:00:00 AM,Lewis Elementary,952,Miller S,LEW03 PM,2:40:00 PM,2:52:22 PM,,2:52:22 PM,,,
10/15/2025 12:00:00 AM,Lewis Elementary,953,Johnson T,LEW04 PM,2:40:00 PM,2:56:22 PM,,2:56:22 PM,,,
10/15/2025 12:00:00 AM,Lewis Elementary,954,Thomas D,LEW05 PM,2:40:00 PM,3:05:52 PM,,3:05:52 PM,,,
10/15/2025 12:00:00 AM,Marshall Elementary,960,Moore A,MAR01 PM,2:40:00 PM,2:47:08 PM,,2:47:08 PM,,,
10/15/2025 12:00:00 AM,Marshall Elementary,961,Johnson T,MAR02 PM,2:40:00 PM,3:08:56 PM,,3:08:56 PM,,,
10/15/2025 12:00:00 AM,Marshall Elementary,962,Davis R,MAR03 PM,2:40:00 PM,3:00:07 PM,,3:00:07 PM,,,
10/15/2025 12:00:00 AM,Marshall Elementary,963,Wilson J,MAR04 PM,2:40:00 PM,3:01:40 PM,,3:01:40 PM,,,
10/15/2025 12:00:00 AM,Marshall Elementary,964,Davis R,MAR05 PM,2:40:00 PM,3:32:42 PM,,3:32:42 PM,,,
10/15/2025 12:00:00 AM,Reynolds Elementary,970,Moore A,REY01 PM,2:40:00 PM,2:47:20 PM,,2:47:20 PM,,,
10/15/2025 12:00:00 AM,Reynolds Elementary,971,Wilson J,REY02 PM,2:40:00 PM,2:47:19 PM,,2:47:19 PM,,,
10/15/2025 12:00:00 AM,Reynolds Elementary,972,Moore A,REY03 PM,2:40:00 PM,2:47:58 PM,,2:47:58 PM,,,
10/15/2025 12:00:00 AM,Reynolds Elementary,973,Williams M,REY04 PM,2:40:00 PM,2:48:34 PM,,2:48:34 PM,,,
10/15/2025 12:00:00 AM,Reynolds Elementary,974,Moore A,REY05 PM,2:40:00 PM,3:26:45 PM,,3:26:45 PM,,,
10/15/2025 12:00:00 AM,Westfield Middle School,980,Anderson C,WES01 PM,3:10:00 PM,4:01:02 PM,,4:01:02 PM,,,
10/15/2025 12:00:00 AM,Westfield Middle School,981,Moore A,WES02 PM,3:10:00 PM,3:15:30 PM,,3:15:30 PM,,,
10/15/2025 12:00:00 AM,Westfield Middle School,982,Johnson T,WES03 PM,3:10:00 PM,3:21:29 PM,,3:21:29 PM,,,
10/15/2025 12:00:00 AM,Westfield Middle School,983,Johnson T,WES04 PM,3:10:00 PM,3:27:38 PM,,3:27:38 PM,,,
10/15/2025 12:00:00 AM,Lakewood Middle School,990,Thomas D,LAK01 PM,3:10:00 PM,4:00:35 PM,,4:00:35 PM,,,
10/15/2025 12:00:00 AM,Lakewood Middle School,991,Williams M,LAK02 PM,3:10:00 PM,3:38:26 PM,,3:38:26 PM,,,
10/15/2025 12:00:00 AM,Lakewood Middle School,992,Anderson C,LAK03 PM,3:10:00 PM,3:16:22 PM,,3:16:22 PM,,,
10/15/2025 12:00:00 AM,Lakewood Middle School,993,Moore A,LAK04 PM,3:10:00 PM,3:35:41 PM,,3:35:41 PM,,,
10/15/2025 12:00:00 AM,Riverside Middle School,1000,Brown K,RIV01 PM,3:10:00 PM,3:21:15 PM,,3:21:15 PM,,,
10/15/2025 12:00:00 AM,Riverside Middle School,1001,Davis R,RIV02 PM,3:10:00 PM,3:20:53 PM,,3:20:53 PM,,,
10/15/2025 12:00:00 AM,Riverside Middle School,1002,Anderson C,RIV03 PM,3:10:00 PM,3:19:23 PM,,3:19:23 PM,,,
10/15/2025 12:00:00 AM,Riverside Middle School,1003,Wilson J,RIV04 PM,3:10:00 PM,4:04:02 PM,,4:04:02 PM,,,
10/15/2025 12:00:00 AM,Metro High School,1010,Anderson C,MET01 PM,3:55:00 PM,4:15:08 PM,,4:15:08 PM,,,
10/15/2025 12:00:00 AM,Metro High School,1011,Davis R,MET02 PM,3:55:00 PM,4:02:18 PM,,4:02:18 PM,,,
10/15/2025 12:00:00 AM,Metro High School,1012,Miller S,MET03 PM,3:55:00 PM,4:18:36 PM,,4:18:36 PM,,,
10/15/2025 12:00:00 AM,Northgate High School,1020,Miller S,NOR01 PM,3:55:00 PM,4:03:33 PM,,4:03:33 PM,,,
10/15/2025 12:00:00 AM,Northgate High School,1021,Brown K,NOR02 PM,3:55:00 PM,,,4:03:57 PM,,,
10/15/2025 12:00:00 AM,Northgate High School,1022,Miller S,NOR03 PM,3:55:00 PM,4:21:23 PM,,4:21:23 PM,,,
10/16/2025 12:00:00 AM,Anderson Elementary,900,Miller S,AND01 PM,2:40:00 PM,3:21:04 PM,,3:21:04 PM,,,
10/16/2025 12:00:00 AM,Anderson Elementary,901,Anderson C,AND02 PM,2:40:00 PM,2:53:31 PM,,2:53:31 PM,,,
10/16/2025 12:00:00 AM,Anderson Elementary,902,Anderson C,AND03 PM,2:40:00 PM,2:55:53 PM,,2:55:53 PM,,,
10/16/2025 12:00:00 AM,Anderson Elementary,903,Miller S,AND04 PM,2:40:00 PM,2:53:34 PM,,2:53:34 PM,,,
10/16/2025 12:00:00 AM,Anderson Elementary,904,Williams M,AND05 PM,2:40:00 PM,2:47:53 PM,,2:47:53 PM,,,
10/16/2025 12:00:00 AM,Bammel Elementary,910,Anderson C,BAM01 PM,2:40:00 PM,2:53:50 PM,,2:53:50 PM,,,
10/16/2025 12:00:00 AM,Bammel Elementary,911,Thomas D,BAM02 PM,2:40:00 PM,2:47:55 PM,,2:47:55 PM,,,
10/16/2025 12:00:00 AM,Bammel Elementary,912,Williams M,BAM03 PM,2:40:00 PM,3:32:43 PM,,3:32:43 PM,,,
10/16/2025 12:00:00 AM,Bammel Elementary,913,Taylor B,BAM04 PM,2:40:00 PM,3:18:16 PM,,3:18:16 PM,,,
10/16/2025 12:00:00 AM,Bammel Elementary,914,Williams M,BAM05 PM,2:40:00 PM,2:45:21 PM,,2:45:21 PM,,,
10/16/2025 12:00:00 AM,Cooper Elementary,920,Wilson J,COO01 PM,2:40:00 PM,2:46:32 PM,,2:46:32 PM,,,
10/16/2025 12:00:00 AM,Cooper Elementary,921,Miller S,COO02 PM,2:40:00 PM,2:47:01 PM,,2:47:01 PM,,,
10/16/2025 12:00:00 AM,Cooper Elementary,922,Wilson J,COO03 PM,2:40:00 PM,2:55:42 PM,,2:55:42 PM,,,
10/16/2025 12:00:00 AM,Cooper Elementary,923,Johnson T,COO04 PM,2:40:00 PM,3:05:37 PM,,3:05:37 PM,,,
10/16/2025 12:00:00 AM,Cooper Elementary,924,Johnson T,COO05 PM,2:40:00 PM,3:04:18 PM,,3:04:18 PM,,,
10/16/2025 12:00:00 AM,Heritage Elementary,930,Williams M,HER01 PM,2:40:00 PM,3:22:14 PM,,3:22:14 PM,,,
10/16/2025 12:00:00 AM,Heritage Elementary,931,Wilson J,HER02 PM,2:40:00 PM,3:02:38 PM,,3:02:38 PM,,,
10/16/2025 12:00:00 AM,Heritage Elementary,932,Moore A,HER03 PM,2:40:00 PM,3:11:03 PM,,3:11:03 PM,,,
10/16/2025 12:00:00 AM,Heritage Elementary,933,Moore A,HER04 PM,2:40:00 PM,2:53:32 PM,,2:53:32 PM,,,
10/16/2025 12:00:00 AM,Heritage Elementary,934,Johnson T,HER05 PM,2:40:00 PM,3:25:51 PM,,3:25:51 PM,,,
10/16/2025 12:00:00 AM,Jenkins Elementary,940,Taylor B,JEN01 PM,2:40:00 PM,2:54:38 PM,,2:54:38 PM,,,
10/16/2025 12:00:00 AM,Jenkins Elementary,941,Johnson T,JEN02 PM,2:40:00 PM,3:07:48 PM,,3:07:48 PM,,,
10/16/2025 12:00:00 AM,Jenkins Elementary,942,Miller S,JEN03 PM,2:40:00 PM,2:56:21 PM,,2:56:21 PM,,,
10/16/2025 12:00:00 AM,Jenkins Elementary,943,Miller S,JEN04 PM,2:40:00 PM,2:58:44 PM,,2:58:44 PM,,,
10/16/2025 12:00:00 AM,Jenkins Elementary,944,Davis R,JEN05 PM,2:40:00 PM,2:52:23 PM,,2:52:23 PM,,,
10/16/2025 12:00:00 AM,Lewis Elementary,950,Johnson T,LEW01 PM,2:40:00 PM,2:57:45 PM,,2:57:45 PM,,,
10/16/2025 12:00:00 AM,Lewis Elementary,951,Taylor B,LEW02 PM,2:40:00 PM,2:49:17 PM,,2:49:17 PM,,,
10/16/2025 12:00:00 AM,Lewis Elementary,952,Davis R,LEW03 PM,2:40:00 PM,3:32:15 PM,,3:32:15 PM,,,
10/16/2025 12:00:00 AM,Lewis Elementary,953,Taylor B,LEW04 PM,2:40:00 PM,2:52:17 PM,,2:52:17 PM,,,
10/16/2025 12:00:00 AM,Lewis Elementary,954,Taylor B,LEW05 PM,2:40:00 PM,3:02:41 PM,,3:02:41 PM,,,
10/16/2025 12:00:00 AM,Marshall Elementary,960,Wilson J,MAR01 PM,2:40:00 PM,2:45:25 PM,,2:45:25 PM,,,
10/16/2025 12:00:00 AM,Marshall Elementary,961,Thomas D,MAR02 PM,2:40:00 PM,3:03:34 PM,,3:03:34 PM,,,
10/16/2025 12:00:00 AM,Marshall Elementary,962,Williams M,MAR03 PM,2:40:00 PM,2:52:38 PM,,2:52:38 PM,,,
10/16/2025 12:00:00 AM,Marshall Elementary,963,Brown K,MAR04 PM,2:40:00 PM,3:29:09 PM,,3:29:09 PM,,,
10/16/2025 12:00:00 AM,Marshall Elementary,964,Johnson T,MAR05 PM,2:40:00 PM,2:47:50 PM,,2:47:50 PM,,,
10/16/2025 12:00:00 AM,Reynolds Elementary,970,Johnson T,REY01 PM,2:40:00 PM,2:51:35 PM,,2:51:35 PM,,,
10/16/2025 12:00:00 AM,Reynolds Elementary,971,Thomas D,REY02 PM,2:40:00 PM,3:08:35 PM,,3:08:35 PM,,,
10/16/2025 12:00:00 AM,Reynolds Elementary,972,Miller S,REY03 PM,2:40:00 PM,3:07:52 PM,,3:07:52 PM,,,
10/16/2025 12:00:00 AM,Reynolds Elementary,973,Brown K,REY04 PM,2:40:00 PM,3:06:56 PM,,3:06:56 PM,,,
10/16/2025 12:00:00 AM,Reynolds Elementary,974,Davis R,REY05 PM,2:40:00 PM,2:47:38 PM,,2:47:38 PM,,,
10/16/2025 12:00:00 AM,Westfield Middle School,980,Anderson C,WES01 PM,3:10:00 PM,3:27:52 PM,,3:27:52 PM,,,
10/16/2025 12:00:00 AM,Westfield Middle School,981,Williams M,WES02 PM,3:10:00 PM,3:23:48 PM,,3:23:48 PM,,,
10/16/2025 12:00:00 AM,Westfield Middle School,982,Davis R,WES03 PM,3:10:00 PM,3:29:27 PM,,3:29:27 PM,,,
10/16/2025 12:00:00 AM,Westfield Middle School,983,Davis R,WES04 PM,3:10:00 PM,3:25:08 PM,,3:25:08 PM,,,
10/16/2025 12:00:00 AM,Lakewood Middle School,990,Moore A,LAK01 PM,3:10:00 PM,3:23:38 PM,,3:23:38 PM,,,
10/16/2025 12:00:00 AM,Lakewood Middle School,991,Brown K,LAK02 PM,3:10:00 PM,3:24:43 PM,,3:24:43 PM,,,
10/16/2025 12:00:00 AM,Lakewood Middle School,992,Moore A,LAK03 PM,3:10:00 PM,3:22:14 PM,,3:22:14 PM,,,
10/16/2025 12:00:00 AM,Lakewood Middle School,993,Thomas D,LAK04 PM,3:10:00 PM,3:51:44 PM,,3:51:44 PM,,,
10/16/2025 12:00:00 AM,Riverside Middle School,1000,Moore A,RIV01 PM,3:10:00 PM,3:20:59 PM,,3:20:59 PM,,,
10/16/2025 12:00:00 AM,Riverside Middle School,1001,Brown K,RIV02 PM,3:10:00 PM,3:20:56 PM,,3:20:56 PM,,,
10/16/2025 12:00:00 AM,Riverside Middle School,1002,Johnson T,RIV03 PM,3:10:00 PM,3:20:39 PM,,3:20:39 PM,,,
10/16/2025 12:00:00 AM,Riverside Middle School,1003,Thomas D,RIV04 PM,3:10:00 PM,3:21:38 PM,,3:21:38 PM,,,
10/16/2025 12:00:00 AM,Metro High School,1010,Thomas D,MET01 PM,3:55:00 PM,4:08:43 PM,,4:08:43 PM,,,
10/16/2025 12:00:00 AM,Metro High School,1011,Davis R,MET02 PM,3:55:00 PM,4:11:25 PM,,4:11:25 PM,,,
10/16/2025 12:00:00 AM,Metro High School,1012,Moore A,MET03 PM,3:55:00 PM,,,4:30:34 PM,,,
10/16/2025 12:00:00 AM,Northgate High School,1020,Johnson T,NOR01 PM,3:55:00 PM,4:05:40 PM,,4:05:40 PM,,,
10/16/2025 12:00:00 AM,Northgate High School,1021,Anderson C,NOR02 PM,3:55:00 PM,4:16:12 PM,,4:16:12 PM,,,
10/16/2025 12:00:00 AM,Northgate High School,1022,Moore A,NOR03 PM,3:55:00 PM,,,4:17:28 PM,,,
10/17/2025 12:00:00 AM,Anderson Elementary,900,Johnson T,AND01 PM,2:40:00 PM,2:50:31 PM,,2:50:31 PM,,,
10/17/2025 12:00:00 AM,Anderson Elementary,901,Davis R,AND02 PM,2:40:00 PM,,,3:06:56 PM,,,
10/17/2025 12:00:00 AM,Anderson Elementary,902,Williams M,AND03 PM,2:40:00 PM,2:49:08 PM,,2:49:08 PM,,,
10/17/2025 12:00:00 AM,Anderson Elementary,903,Johnson T,AND04 PM,2:40:00 PM,2:46:09 PM,,2:46:09 PM,,,
10/17/2025 12:00:00 AM,Anderson Elementary,904,Johnson T,AND05 PM,2:40:00 PM,3:19:12 PM,,3:19:12 PM,,,
10/17/2025 12:00:00 AM,Bammel Elementary,910,Davis R,BAM01 PM,2:40:00 PM,3:14:55 PM,,3:14:55 PM,,,
10/17/2025 12:00:00 AM,Bammel Elementary,911,Williams M,BAM02 PM,2:40:00 PM,2:54:00 PM,,2:54:00 PM,,,
10/17/2025 12:00:00 AM,Bammel Elementary,912,Wilson J,BAM03 PM,2:40:00 PM,2:53:37 PM,,2:53:37 PM,,,
10/17/2025 12:00:00 AM,Bammel Elementary,913,Anderson C,BAM04 PM,2:40:00 PM,3:00:26 PM,,3:00:26 PM,,,
10/17/2025 12:00:00 AM,Bammel Elementary,914,Brown K,BAM05 PM,2:40:00 PM,2:45:41 PM,,2:45:41 PM,,,
10/17/2025 12:00:00 AM,Cooper Elementary,920,Thomas D,COO01 PM,2:40:00 PM,2:50:45 PM,,2:50:45 PM,,,
10/17/2025 12:00:00 AM,Cooper Elementary,921,Davis R,COO02 PM,2:40:00 PM,3:01:53 PM,,3:01:53 PM,,,
10/17/2025 12:00:00 AM,Cooper Elementary,922,Taylor B,COO03 PM,2:40:00 PM,2:54:31 PM,,2:54:31 PM,,,
10/17/2025 12:00:00 AM,Cooper Elementary,923,Davis R,COO04 PM,2:40:00 PM,2:50:52 PM,,2:50:52 PM,,,
10/17/2025 12:00:00 AM,Cooper Elementary,924,Moore A,COO05 PM,2:40:00 PM,2:46:14 PM,,2:46:14 PM,,,
10/17/2025 12:00:00 AM,Heritage Elementary,930,Anderson C,HER01 PM,2:40:00 PM,3:39:51 PM,,3:39:51 PM,,,
10/17/2025 12:00:00 AM,Heritage Elementary,931,Williams M,HER02 PM,2:40:00 PM,3:16:38 PM,,3:16:38 PM,,,
10/17/2025 12:00:00 AM,Heritage Elementary,932,Wilson J,HER03 PM,2:40:00 PM,3:12:20 PM,,3:12:20 PM,,,
10/17/2025 12:00:00 AM,Heritage Elementary,933,Moore A,HER04 PM,2:40:00 PM,2:59:37 PM,,2:59:37 PM,,,
10/17/2025 12:00:00 AM,Heritage Elementary,934,Miller S,HER05 PM,2:40:00 PM,3:06:06 PM,,3:06:06 PM,,,
10/17/2025 12:00:00 AM,Jenkins Elementary,940,Anderson C,JEN01 PM,2:40:00 PM,2:56:42 PM,,2:56:42 PM,,,
10/17/2025 12:00:00 AM,Jenkins Elementary,941,Williams M,JEN02 PM,2:40:00 PM,2:45:58 PM,,2:45:58 PM,,,
10/17/2025 12:00:00 AM,Jenkins Elementary,942,Moore A,JEN03 PM,2:40:00 PM,3:04:46 PM,,3:04:46 PM,,,
10/17/2025 12:00:00 AM,Jenkins Elementary,943,Moore A,JEN04 PM,2:40:00 PM,3:00:36 PM,,3:00:36 PM,,,
10/17/2025 12:00:00 AM,Jenkins Elementary,944,Taylor B,JEN05 PM,2:40:00 PM,3:38:14 PM,,3:38:14 PM,,,
10/17/2025 12:00:00 AM,Lewis Elementary,950,Anderson C,LEW01 PM,2:40:00 PM,3:05:35 PM,,3:05:35 PM,,,
10/17/2025 12:00:00 AM,Lewis Elementary,951,Anderson C,LEW02 PM,2:40:00 PM,3:07:15 PM,,3:07:15 PM,,,
10/17/2025 12:00:00 AM,Lewis Elementary,952,Johnson T,LEW03 PM,2:40:00 PM,3:34:41 PM,,3:34:41 PM,,,
10/17/2025 12:00:00 AM,Lewis Elementary,953,Taylor B,LEW04 PM,2:40:00 PM,2:46:28 PM,,2:46:28 PM,,,
10/17/2025 12:00:00 AM,Lewis Elementary,954,Moore A,LEW05 PM,2:40:00 PM,2:59:53 PM,,2:59:53 PM,,,
10/17/2025 12:00:00 AM,Marshall Elementary,960,Moore A,MAR01 PM,2:40:00 PM,3:27:21 PM,,3:27:21 PM,,,
10/17/2025 12:00:00 AM,Marshall Elementary,961,Johnson T,MAR02 PM,2:40:00 PM,2:55:28 PM,,2:55:28 PM,,,
10/17/2025 12:00:00 AM,Marshall Elementary,962,Taylor B,MAR03 PM,2:40:00 PM,3:17:19 PM,,3:17:19 PM,,,
10/17/2025 12:00:00 AM,Marshall Elementary,963,Davis R,MAR04 PM,2:40:00 PM,3:14:56 PM,,3:14:56 PM,,,
10/17/2025 12:00:00 AM,Marshall Elementary,964,Johnson T,MAR05 PM,2:40:00 PM,2:49:12 PM,,2:49:12 PM,,,
10/17/2025 12:00:00 AM,Reynolds Elementary,970,Miller S,REY01 PM,2:40:00 PM,3:02:21 PM,,3:02:21 PM,,,
10/17/2025 12:00:00 AM,Reynolds Elementary,971,Brown K,REY02 PM,2:40:00 PM,2:59:15 PM,,2:59:15 PM,,,
10/17/2025 12:00:00 AM,Reynolds Elementary,972,Williams M,REY03 PM,2:40:00 PM,2:49:15 PM,,2:49:15 PM,,,
10/17/2025 12:00:00 AM,Reynolds Elementary,973,Miller S,REY04 PM,2:40:00 PM,2:55:23 PM,,2:55:23 PM,,,
10/17/2025 12:00:00 AM,Reynolds Elementary,974,Brown K,REY05 PM,2:40:00 PM,2:54:16 PM,,2:54:16 PM,,,
10/17/2025 12:00:00 AM,Westfield Middle School,980,Miller S,WES01 PM,3:10:00 PM,3:22:59 PM,,3:22:59 PM,,,
10/17/2025 12:00:00 AM,Westfield Middle School,981,Brown K,WES02 PM,3:10:00 PM,3:18:57 PM,,3:18:57 PM,,,
10/17/2025 12:00:00 AM,Westfield Middle School,982,Anderson C,WES03 PM,3:10:00 PM,3:28:35 PM,,3:28:35 PM,,,
10/17/2025 12:00:00 AM,Westfield Middle School,983,Johnson T,WES04 PM,3:10:00 PM,3:19:26 PM,,3:19:26 PM,,,
10/17/2025 12:00:00 AM,Lakewood Middle School,990,Johnson T,LAK01 PM,3:10:00 PM,3:48:41 PM,,3:48:41 PM,,,
10/17/2025 12:00:00 AM,Lakewood Middle School,991,Davis R,LAK02 PM,3:10:00 PM,3:20:44 PM,,3:20:44 PM,,,
10/17/2025 12:00:00 AM,Lakewood Middle School,992,Thomas D,LAK03 PM,3:10:00 PM,3:36:11 PM,,3:36:11 PM,,,
10/17/2025 12:00:00 AM,Lakewood Middle School,993,Wilson J,LAK04 PM,3:10:00 PM,3:28:41 PM,,3:28:41 PM,,,
10/17/2025 12:00:00 AM,Riverside Middle School,1000,Williams M,RIV01 PM,3:10:00 PM,3:21:16 PM,,3:21:16 PM,,,
10/17/2025 12:00:00 AM,Riverside Middle School,1001,Moore A,RIV02 PM,3:10:00 PM,3:35:12 PM,,3:35:12 PM,,,
10/17/2025 12:00:00 AM,Riverside Middle School,1002,Williams M,RIV03 PM,3:10:00 PM,,,3:23:10 PM,,,
10/17/2025 12:00:00 AM,Riverside Middle School,1003,Brown K,RIV04 PM,3:10:00 PM,3:57:14 PM,,3:57:14 PM,,,
10/17/2025 12:00:00 AM,Metro High School,1010,Miller S,MET01 PM,3:55:00 PM,4:17:34 PM,,4:17:34 PM,,,
10/17/2025 12:00:00 AM,Metro High School,1011,Anderson C,MET02 PM,3:55:00 PM,4:22:47 PM,,4:22:47 PM,,,
10/17/2025 12:00:00 AM,Metro High School,1012,Moore A,MET03 PM,3:55:00 PM,4:11:32 PM,,4:11:32 PM,,,
10/17/2025 12:00:00 AM,Northgate High School,1020,Miller S,NOR01 PM,3:55:00 PM,4:08:28 PM,,4:08:28 PM,,,
10/17/2025 12:00:00 AM,Northgate High School,1021,Wilson J,NOR02 PM,3:55:00 PM,4:15:35 PM,,4:15:35 PM,,,
10/17/2025 12:00:00 AM,Northgate High School,1022,Taylor B,NOR03 PM,3:55:00 PM,4:01:27 PM,,4:01:27 PM,,,
10/20/2025 12:00:00 AM,Anderson Elementary,900,Anderson C,AND01 PM,2:40:00 PM,3:04:08 PM,,3:04:08 PM,,,
10/20/2025 12:00:00 AM,Anderson Elementary,901,Moore A,AND02 PM,2:40:00 PM,2:45:00 PM,,2:45:00 PM,,,
10/20/2025 12:00:00 AM,Anderson Elementary,902,Anderson C,AND03 PM,2:40:00 PM,2:51:04 PM,,2:51:04 PM,,,
10/20/2025 12:00:00 AM,Anderson Elementary,903,Miller S,AND04 PM,2:40:00 PM,3:01:12 PM,,3:01:12 PM,,,
10/20/2025 12:00:00 AM,Anderson Elementary,904,Miller S,AND05 PM,2:40:00 PM,3:36:01 PM,,3:36:01 PM,,,
10/20/2025 12:00:00 AM,Bammel Elementary,910,Thomas D,BAM01 PM,2:40:00 PM,,,3:16:49 PM,,,
10/20/2025 12:00:00 AM,Bammel Elementary,911,Moore A,BAM02 PM,2:40:00 PM,3:08:03 PM,,3:08:03 PM,,,
10/20/2025 12:00:00 AM,Bammel Elementary,912,Miller S,BAM03 PM,2:40:00 PM,3:07:09 PM,,3:07:09 PM,,,
10/20/2025 12:00:00 AM,Bammel Elementary,913,Williams M,BAM04 PM,2:40:00 PM,3:06:30 PM,,3:06:30 PM,,,
10/20/2025 12:00:00 AM,Bammel Elementary,914,Anderson C,BAM05 PM,2:40:00 PM,3:06:18 PM,,3:06:18 PM,,,
10/20/2025 12:00:00 AM,Cooper Elementary,920,Davis R,COO01 PM,2:40:00 PM,3:00:23 PM,,3:00:23 PM,,,
10/20/2025 12:00:00 AM,Cooper Elementary,921,Miller S,COO02 PM,2:40:00 PM,3:04:27 PM,,3:04:27 PM,,,
10/20/2025 12:00:00 AM,Cooper Elementary,922,Miller S,COO03 PM,2:40:00 PM,3:06:41 PM,,3:06:41 PM,,,
10/20/2025 12:00:00 AM,Cooper Elementary,923,Moore A,COO04 PM,2:40:00 PM,3:06:54 PM,,3:06:54 PM,,,
10/20/2025 12:00:00 AM,Cooper Elementary,924,Taylor B,COO05 PM,2:40:00 PM,2:57:47 PM,,2:57:47 PM,,,
10/20/2025 12:00:00 AM,Heritage Elementary,930,Moore A,HER01 PM,2:40:00 PM,2:47:51 PM,,2:47:51 PM,,,
10/20/2025 12:00:00 AM,Heritage Elementary,931,Johnson T,HER02 PM,2:40:00 PM,2:53:17 PM,,2:53:17 PM,,,
10/20/2025 12:00:00 AM,Heritage Elementary,932,Johnson T,HER03 PM,2:40:00 PM,2:56:28 PM,,2:56:28 PM,,,
10/20/2025 12:00:00 AM,Heritage Elementary,933,Thomas D,HER04 PM,2:40:00 PM,2:55:09 PM,,2:55:09 PM,,,
10/20/2025 12:00:00 AM,Heritage Elementary,934,Williams M,HER05 PM,2:40:00 PM,3:38:04 PM,,3:38:04 PM,,,
10/20/2025 12:00:00 AM,Jenkins Elementary,940,Moore A,JEN01 PM,2:40:00 PM,2:50:04 PM,,2:50:04 PM,,,
10/20/2025 12:00:00 AM,Jenkins Elementary,941,Williams M,JEN02 PM,2:40:00 PM,3:05:17 PM,,3:05:17 PM,,,
10/20/2025 12:00:00 AM,Jenkins Elementary,942,Johnson T,JEN03 PM,2:40:00 PM,3:00:42 PM,,3:00:42 PM,,,
10/20/2025 12:00:00 AM,Jenkins Elementary,943,Wilson J,JEN04 PM,2:40:00 PM,3:38:06 PM,,3:38:06 PM,,,
10/20/2025 12:00:00 AM,Jenkins Elementary,944,Miller S,JEN05 PM,2:40:00 PM,2:45:18 PM,,2:45:18 PM,,,
10/20/2025 12:00:00 AM,Lewis Elementary,950,Taylor B,LEW01 PM,2:40:00 PM,2:50:05 PM,,2:50:05 PM,,,
10/20/2025 12:00:00 AM,Lewis Elementary,951,Brown K,LEW02 PM,2:40:00 PM,2:50:27 PM,,2:50:27 PM,,,
10/20/2025 12:00:00 AM,Lewis Elementary,952,Anderson C,LEW03 PM,2:40:00 PM,3:00:21 PM,,3:00:21 PM,,,
10/20/2025 12:00:00 AM,Lewis Elementary,953,Miller S,LEW04 PM,2:40:00 PM,3:04:59 PM,,3:04:59 PM,,,
10/20/2025 12:00:00 AM,Lewis Elementary,954,Davis R,LEW05 PM,2:40:00 PM,2:59:21 PM,,2:59:21 PM,,,
10/20/2025 12:00:00 AM,Marshall Elementary,960,Thomas D,MAR01 PM,2:40:00 PM,2:53:53 PM,,2:53:53 PM,,,
10/20/2025 12:00:00 AM,Marshall Elementary,961,Miller S,MAR02 PM,2:40:00 PM,2:47:23 PM,,2:47:23 PM,,,
10/20/2025 12:00:00 AM,Marshall Elementary,962,Brown K,MAR03 PM,2:40:00 PM,2:55:39 PM,,2:55:39 PM,,,
10/20/2025 12:00:00 AM,Marshall Elementary,963,Wilson J,MAR04 PM,2:40:00 PM,2:54:15 PM,,2:54:15 PM,,,
10/20/2025 12:00:00 AM,Marshall Elementary,964,Taylor B,MAR05 PM,2:40:00 PM,3:05:41 PM,,3:05:41 PM,,,
10/20/2025 12:00:00 AM,Reynolds Elementary,970,Wilson J,REY01 PM,2:40:00 PM,,,3:04:54 PM,,,
10/20/2025 12:00:00 AM,Reynolds Elementary,971,Brown K,REY02 PM,2:40:00 PM,2:47:20 PM,,2:47:20 PM,,,
10/20/2025 12:00:00 AM,Reynolds Elementary,972,Thomas D,REY03 PM,2:40:00 PM,3:07:53 PM,,3:07:53 PM,,,
10/20/2025 12:00:00 AM,Reynolds Elementary,973,Johnson T,REY04 PM,2:40:00 PM,2:50:58 PM,,2:50:58 PM,,,
10/20/2025 12:00:00 AM,Reynolds Elementary,974,Moore A,REY05 PM,2:40:00 PM,3:07:38 PM,,3:07:38 PM,,,
10/20/2025 12:00:00 AM,Westfield Middle School,980,Anderson C,WES01 PM,3:10:00 PM,3:51:09 PM,,3:51:09 PM,,,
10/20/2025 12:00:00 AM,Westfield Middle School,981,Davis R,WES02 PM,3:10:00 PM,3:43:50 PM,,3:43:50 PM,,,
10/20/2025 12:00:00 AM,Westfield Middle School,982,Brown K,WES03 PM,3:10:00 PM,3:24:08 PM,,3:24:08 PM,,,
10/20/2025 12:00:00 AM,Westfield Middle School,983,Moore A,WES04 PM,3:10:00 PM,3:31:29 PM,,3:31:29 PM,,,
10/20/2025 12:00:00 AM,Lakewood Middle School,990,Davis R,LAK01 PM,3:10:00 PM,3:55:05 PM,,3:55:05 PM,,,
10/20/2025 12:00:00 AM,Lakewood Middle School,991,Brown K,LAK02 PM,3:10:00 PM,4:05:40 PM,,4:05:40 PM,,,
10/20/2025 12:00:00 AM,Lakewood Middle School,992,Wilson J,LAK03 PM,3:10:00 PM,4:07:28 PM,,4:07:28 PM,,,
10/20/2025 12:00:00 AM,Lakewood Middle School,993,Miller S,LAK04 PM,3:10:00 PM,3:19:49 PM,,3:19:49 PM,,,
10/20/2025 12:00:00 AM,Riverside Middle School,1000,Anderson C,RIV01 PM,3:10:00 PM,3:23:02 PM,,3:23:02 PM,,,
10/20/2025 12:00:00 AM,Riverside Middle School,1001,Wilson J,RIV02 PM,3:10:00 PM,,,3:27:06 PM,,,
10/20/2025 12:00:00 AM,Riverside Middle School,1002,Moore A,RIV03 PM,3:10:00 PM,3:28:40 PM,,3:28:40 PM,,,
10/20/2025 12:00:00 AM,Riverside Middle School,1003,Taylor B,RIV04 PM,3:10:00 PM,3:24:17 PM,,3:24:17 PM,,,
10/20/2025 12:00:00 AM,Metro High School,1010,Moore A,MET01 PM,3:55:00 PM,4:48:10 PM,,4:48:10 PM,,,
10/20/2025 12:00:00 AM,Metro High School,1011,Wilson J,MET02 PM,3:55:00 PM,4:21:39 PM,,4:21:39 PM,,,
10/20/2025 12:00:00 AM,Metro High School,1012,Thomas D,MET03 PM,3:55:00 PM,4:20:35 PM,,4:20:35 PM,,,
10/20/2025 12:00:00 AM,Northgate High School,1020,Williams M,NOR01 PM,3:55:00 PM,4:22:07 PM,,4:22:07 PM,,,
10/20/2025 12:00:00 AM,Northgate High School,1021,Williams M,NOR02 PM,3:55:00 PM,4:19:03 PM,,4:19:03 PM,,,
10/20/2025 12:00:00 AM,Northgate High School,1022,Williams M,NOR03 PM,3:55:00 PM,4:06:20 PM,,4:06:20 PM,,,
10/21/2025 12:00:00 AM,Anderson Elementary,900,Taylor B,AND01 PM,2:40:00 PM,3:04:27 PM,,3:04:27 PM,,,
10/21/2025 12:00:00 AM,Anderson Elementary,901,Thomas D,AND02 PM,2:40:00 PM,3:03:23 PM,,3:03:23 PM,,,
10/21/2025 12:00:00 AM,Anderson Elementary,902,Wilson J,AND03 PM,2:40:00 PM,3:05:05 PM,,3:05:05 PM,,,
10/21/2025 12:00:00 AM,Anderson Elementary,903,Wilson J,AND04 PM,2:40:00 PM,2:50:44 PM,,2:50:44 PM,,,
10/21/2025 12:00:00 AM,Anderson Elementary,904,Johnson T,AND05 PM,2:40:00 PM,3:13:25 PM,,3:13:25 PM,,,
10/21/2025 12:00:00 AM,Bammel Elementary,910,Williams M,BAM01 PM,2:40:00 PM,2:54:20 PM,,2:54:20 PM,,,
10/21/2025 12:00:00 AM,Bammel Elementary,911,Brown K,BAM02 PM,2:40:00 PM,3:01:46 PM,,3:01:46 PM,,,
10/21/2025 12:00:00 AM,Bammel Elementary,912,Johnson T,BAM03 PM,2:40:00 PM,3:36:10 PM,,3:36:10 PM,,,
10/21/2025 12:00:00 AM,Bammel Elementary,913,Miller S,BAM04 PM,2:40:00 PM,2:45:36 PM,,2:45:36 PM,,,
10/21/2025 12:00:00 AM,Bammel Elementary,914,Williams M,BAM05 PM,2:40:00 PM,2:55:37 PM,,2:55:37 PM,,,
10/21/2025 12:00:00 AM,Cooper Elementary,920,Taylor B,COO01 PM,2:40:00 PM,,,2:56:57 PM,,,
10/21/2025 12:00:00 AM,Cooper Elementary,921,Thomas D,COO02 PM,2:40:00 PM,3:07:23 PM,,3:07:23 PM,,,
10/21/2025 12:00:00 AM,Cooper Elementary,922,Thomas D,COO03 PM,2:40:00 PM,2:47:11 PM,,2:47:11 PM,,,
10/21/2025 12:00:00 AM,Cooper Elementary,923,Brown K,COO04 PM,2:40:00 PM,3:07:45 PM,,3:07:45 PM,,,
10/21/2025 12:00:00 AM,Cooper Elementary,924,Johnson T,COO05 PM,2:40:00 PM,3:04:03 PM,,3:04:03 PM,,,
10/21/2025 12:00:00 AM,Heritage Elementary,930,Williams M,HER01 PM,2:40:00 PM,3:03:06 PM,,3:03:06 PM,,,
10/21/2025 12:00:00 AM,Heritage Elementary,931,Anderson C,HER02 PM,2:40:00 PM,3:17:06 PM,,3:17:06 PM,,,
10/21/2025 12:00:00 AM,Heritage Elementary,932,Moore A,HER03 PM,2:40:00 PM,3:07:04 PM,,3:07:04 PM,,,
10/21/2025 12:00:00 AM,Heritage Elementary,933,Davis R,HER04 PM,2:40:00 PM,2:54:02 PM,,2:54:02 PM,,,
10/21/2025 12:00:00 AM,Heritage Elementary,934,Davis R,HER05 PM,2:40:00 PM,3:19:37 PM,,3:19:37 PM,,,
10/21/2025 12:00:00 AM,Jenkins Elementary,940,Williams M,JEN01 PM,2:40:00 PM,3:26:29 PM,,3:26:29 PM,,,
10/21/2025 12:00:00 AM,Jenkins Elementary,941,Taylor B,JEN02 PM,2:40:00 PM,2:51:42 PM,,2:51:42 PM,,,
10/21/2025 12:00:00 AM,Jenkins Elementary,942,Williams M,JEN03 PM,2:40:00 PM,3:17:48 PM,,3:17:48 PM,,,
10/21/2025 12:00:00 AM,Jenkins Elementary,943,Davis R,JEN04 PM,2:40:00 PM,2:53:25 PM,,2:53:25 PM,,,
10/21/2025 12:00:00 AM,Jenkins Elementary,944,Thomas D,JEN05 PM,2:40:00 PM,2:48:47 PM,,2:48:47 PM,,,
10/21/2025 12:00:00 AM,Lewis Elementary,950,Johnson T,LEW01 PM,2:40:00 PM,3:02:26 PM,,3:02:26 PM,,,
10/21/2025 12:00:00 AM,Lewis Elementary,951,Miller S,LEW02 PM,2:40:00 PM,3:00:18 PM,,3:00:18 PM,,,
10/21/2025 12:00:00 AM,Lewis Elementary,952,Anderson C,LEW03 PM,2:40:00 PM,3:08:00 PM,,3:08:00 PM,,,
10/21/2025 12:00:00 AM,Lewis Elementary,953,Brown K,LEW04 PM,2:40:00 PM,2:55:47 PM,,2:55:47 PM,,,
10/21/2025 12:00:00 AM,Lewis Elementary,954,Williams M,LEW05 PM,2:40:00 PM,2:51:58 PM,,2:51:58 PM,,,
10/21/2025 12:00:00 AM,Marshall Elementary,960,Davis R,MAR01 PM,2:40:00 PM,2:57:56 PM,,2:57:56 PM,,,
10/21/2025 12:00:00 AM,Marshall Elementary,961,Davis R,MAR02 PM,2:40:00 PM,3:01:19 PM,,3:01:19 PM,,,
10/21/2025 12:00:00 AM,Marshall Elementary,962,Moore A,MAR03 PM,2:40:00 PM,2:49:02 PM,,2:49:02 PM,,,
10/21/2025 12:00:00 AM,Marshall Elementary,963,Wilson J,MAR04 PM,2:40:00 PM,2:56:32 PM,,2:56:32 PM,,,
10/21/2025 12:00:00 AM,Marshall Elementary,964,Williams M,MAR05 PM,2:40:00 PM,2:48:45 PM,,2:48:45 PM,,,
10/21/2025 12:00:00 AM,Reynolds Elementary,970,Moore A,REY01 PM,2:40:00 PM,2:45:55 PM,,2:45:55 PM,,,
10/21/2025 12:00:00 AM,Reynolds Elementary,971,Williams M,REY02 PM,2:40:00 PM,2:55:45 PM,,2:55:45 PM,,,
10/21/2025 12:00:00 AM,Reynolds Elementary,972,Miller S,REY03 PM,2:40:00 PM,2:52:31 PM,,2:52:31 PM,,,
10/21/2025 12:00:00 AM,Reynolds Elementary,973,Johnson T,REY04 PM,2:40:00 PM,2:56:43 PM,,2:56:43 PM,,,
10/21/2025 12:00:00 AM,Reynolds Elementary,974,Johnson T,REY05 PM,2:40:00 PM,2:49:09 PM,,2:49:09 PM,,,
10/21/2025 12:00:00 AM,Westfield Middle School,980,Anderson C,WES01 PM,3:10:00 PM,3:38:49 PM,,3:38:49 PM,,,
10/21/2025 12:00:00 AM,Westfield Middle School,981,Anderson C,WES02 PM,3:10:00 PM,3:36:40 PM,,3:36:40 PM,,,
10/21/2025 12:00:00 AM,Westfield Middle School,982,Miller S,WES03 PM,3:10:00 PM,3:17:12 PM,,3:17:12 PM,,,
10/21/2025 12:00:00 AM,Westfield Middle School,983,Johnson T,WES04 PM,3:10:00 PM,3:56:52 PM,,3:56:52 PM,,,
10/21/2025 12:00:00 AM,Lakewood Middle School,990,Moore A,LAK01 PM,3:10:00 PM,3:44:19 PM,,3:44:19 PM,,,
10/21/2025 12:00:00 AM,Lakewood Middle School,991,Miller S,LAK02 PM,3:10:00 PM,4:04:48 PM,,4:04:48 PM,,,
10/21/2025 12:00:00 AM,Lakewood Middle School,992,Moore A,LAK03 PM,3:10:00 PM,3:38:56 PM,,3:38:56 PM,,,
10/21/2025 12:00:00 AM,Lakewood Middle School,993,Taylor B,LAK04 PM,3:10:00 PM,3:59:11 PM,,3:59:11 PM,,,
10/21/2025 12:00:00 AM,Riverside Middle School,1000,Moore A,RIV01 PM,3:10:00 PM,3:57:38 PM,,3:57:38 PM,,,
10/21/2025 12:00:00 AM,Riverside Middle School,1001,Johnson T,RIV02 PM,3:10:00 PM,3:34:18 PM,,3:34:18 PM,,,
10/21/2025 12:00:00 AM,Riverside Middle School,1002,Moore A,RIV03 PM,3:10:00 PM,3:59:19 PM,,3:59:19 PM,,,
10/21/2025 12:00:00 AM,Riverside Middle School,1003,Miller S,RIV04 PM,3:10:00 PM,3:19:50 PM,,3:19:50 PM,,,
10/21/2025 12:00:00 AM,Metro High School,1010,Davis R,MET01 PM,3:55:00 PM,4:15:36 PM,,4:15:36 PM,,,
10/21/2025 12:00:00 AM,Metro High School,1011,Davis R,MET02 PM,3:55:00 PM,4:22:30 PM,,4:22:30 PM,,,
10/21/2025 12:00:00 AM,Metro High School,1012,Anderson C,MET03 PM,3:55:00 PM,4:16:50 PM,,4:16:50 PM,,,
10/21/2025 12:00:00 AM,Northgate High School,1020,Johnson T,NOR01 PM,3:55:00 PM,4:12:16 PM,,4:12:16 PM,,,
10/21/2025 12:00:00 AM,Northgate High School,1021,Thomas D,NOR02 PM,3:55:00 PM,4:05:46 PM,,4:05:46 PM,,,
10/21/2025 12:00:00 AM,Northgate High School,1022,Anderson C,NOR03 PM,3:55:00 PM,4:23:42 PM,,4:23:42 PM,,,
10/22/2025 12:00:00 AM,Anderson Elementary,900,Taylor B,AND01 PM,2:40:00 PM,2:52:11 PM,,2:52:11 PM,,,
10/22/2025 12:00:00 AM,Anderson Elementary,901,Williams M,AND02 PM,2:40:00 PM,3:00:36 PM,,3:00:36 PM,,,
10/22/2025 12:00:00 AM,Anderson Elementary,902,Moore A,AND03 PM,2:40:00 PM,3:08:53 PM,,3:08:53 PM,,,
10/22/2025 12:00:00 AM,Anderson Elementary,903,Thomas D,AND04 PM,2:40:00 PM,3:32:33 PM,,3:32:33 PM,,,
10/22/2025 12:00:00 AM,Anderson Elementary,904,Johnson T,AND05 PM,2:40:00 PM,3:34:37 PM,,3:34:37 PM,,,
10/22/2025 12:00:00 AM,Bammel Elementary,910,Johnson T,BAM01 PM,2:40:00 PM,3:08:26 PM,,3:08:26 PM,,,
10/22/2025 12:00:00 AM,Bammel Elementary,911,Thomas D,BAM02 PM,2:40:00 PM,3:39:32 PM,,3:39:32 PM,,,
10/22/2025 12:00:00 AM,Bammel Elementary,912,Thomas D,BAM03 PM,2:40:00 PM,3:40:43 PM,,3:40:43 PM,,,
10/22/2025 12:00:00 AM,Bammel Elementary,913,Johnson T,BAM04 PM,2:40:00 PM,2:55:28 PM,,2:55:28 PM,,,
10/22/2025 12:00:00 AM,Bammel Elementary,914,Wilson J,BAM05 PM,2:40:00 PM,3:03:17 PM,,3:03:17 PM,,,
10/22/2025 12:00:00 AM,Cooper Elementary,920,Johnson T,COO01 PM,2:40:00 PM,2:50:27 PM,,2:50:27 PM,,,
10/22/2025 12:00:00 AM,Cooper Elementary,921,Davis R,COO02 PM,2:40:00 PM,2:56:28 PM,,2:56:28 PM,,,
10/22/2025 12:00:00 AM,Cooper Elementary,922,Johnson T,COO03 PM,2:40:00 PM,3:08:24 PM,,3:08:24 PM,,,
10/22/2025 12:00:00 AM,Cooper Elementary,923,Anderson C,COO04 PM,2:40:00 PM,2:48:08 PM,,2:48:08 PM,,,
10/22/2025 12:00:00 AM,Cooper Elementary,924,Taylor B,COO05 PM,2:40:00 PM,2:51:25 PM,,2:51:25 PM,,,
10/22/2025 12:00:00 AM,Heritage Elementary,930,Davis R,HER01 PM,2:40:00 PM,2:56:44 PM,,2:56:44 PM,,,
10/22/2025 12:00:00 AM,Heritage Elementary,931,Taylor B,HER02 PM,2:40:00 PM,,,2:50:45 PM,,,
10/22/2025 12:00:00 AM,Heritage Elementary,932,Taylor B,HER03 PM,2:40:00 PM,2:51:16 PM,,2:51:16 PM,,,
10/22/2025 12:00:00 AM,Heritage Elementary,933,Taylor B,HER04 PM,2:40:00 PM,3:05:34 PM,,3:05:34 PM,,,
10/22/2025 12:00:00 AM,Heritage Elementary,934,Anderson C,HER05 PM,2:40:00 PM,3:00:57 PM,,3:00:57 PM,,,
10/22/2025 12:00:00 AM,Jenkins Elementary,940,Taylor B,JEN01 PM,2:40:00 PM,3:32:07 PM,,3:32:07 PM,,,
10/22/2025 12:00:00 AM,Jenkins Elementary,941,Moore A,JEN02 PM,2:40:00 PM,2:54:19 PM,,2:54:19 PM,,,
10/22/2025 12:00:00 AM,Jenkins Elementary,942,Wilson J,JEN03 PM,2:40:00 PM,2:54:01 PM,,2:54:01 PM,,,
10/22/2025 12:00:00 AM,Jenkins Elementary,943,Taylor B,JEN04 PM,2:40:00 PM,3:08:08 PM,,3:08:08 PM,,,
10/22/2025 12:00:00 AM,Jenkins Elementary,944,Thomas D,JEN05 PM,2:40:00 PM,3:32:43 PM,,3:32:43 PM,,,
10/22/2025 12:00:00 AM,Lewis Elementary,950,Davis R,LEW01 PM,2:40:00 PM,3:03:52 PM,,3:03:52 PM,,,
10/22/2025 12:00:00 AM,Lewis Elementary,951,Wilson J,LEW02 PM,2:40:00 PM,2:58:27 PM,,2:58:27 PM,,,
10/22/2025 12:00:00 AM,Lewis Elementary,952,Johnson T,LEW03 PM,2:40:00 PM,2:54:53 PM,,2:54:53 PM,,,
10/22/2025 12:00:00 AM,Lewis Elementary,953,Davis R,LEW04 PM,2:40:00 PM,2:52:33 PM,,2:52:33 PM,,,
10/22/2025 12:00:00 AM,Lewis Elementary,954,Taylor B,LEW05 PM,2:40:00 PM,3:06:28 PM,,3:06:28 PM,,,
10/22/2025 12:00:00 AM,Marshall Elementary,960,Moore A,MAR01 PM,2:40:00 PM,3:02:36 PM,,3:02:36 PM,,,
10/22/2025 12:00:00 AM,Marshall Elementary,961,Wilson J,MAR02 PM,2:40:00 PM,2:51:02 PM,,2:51:02 PM,,,
10/22/2025 12:00:00 AM,Marshall Elementary,962,Brown K,MAR03 PM,2:40:00 PM,2:50:22 PM,,2:50:22 PM,,,
10/22/2025 12:00:00 AM,Marshall Elementary,963,Brown K,MAR04 PM,2:40:00 PM,3:04:04 PM,,3:04:04 PM,,,
10/22/2025 12:00:00 AM,Marshall Elementary,964,Williams M,MAR05 PM,2:40:00 PM,,,3:09:13 PM,,,
10/22/2025 12:00:00 AM,Reynolds Elementary,970,Brown K,REY01 PM,2:40:00 PM,3:07:12 PM,,3:07:12 PM,,,
10/22/2025 12:00:00 AM,Reynolds Elementary,971,Thomas D,REY02 PM,2:40:00 PM,,,3:03:31 PM,,,
10/22/2025 12:00:00 AM,Reynolds Elementary,972,Williams M,REY03 PM,2:40:00 PM,3:14:00 PM,,3:14:00 PM,,,
10/22/2025 12:00:00 AM,Reynolds Elementary,973,Davis R,REY04 PM,2:40:00 PM,3:36:13 PM,,3:36:13 PM,,,
10/22/2025 12:00:00 AM,Reynolds Elementary,974,Taylor B,REY05 PM,2:40:00 PM,3:03:01 PM,,3:03:01 PM,,,
10/22/2025 12:00:00 AM,Westfield Middle School,980,Wilson J,WES01 PM,3:10:00 PM,4:04:28 PM,,4:04:28 PM,,,
10/22/2025 12:00:00 AM,Westfield Middle School,981,Anderson C,WES02 PM,3:10:00 PM,3:27:32 PM,,3:27:32 PM,,,
10/22/2025 12:00:00 AM,Westfield Middle School,982,Johnson T,WES03 PM,3:10:00 PM,4:01:37 PM,,4:01:37 PM,,,
10/22/2025 12:00:00 AM,Westfield Middle School,983,Moore A,WES04 PM,3:10:00 PM,3:22:22 PM,,3:22:22 PM,,,
10/22/2025 12:00:00 AM,Lakewood Middle School,990,Wilson J,LAK01 PM,3:10:00 PM,3:22:32 PM,,3:22:32 PM,,,
10/22/2025 12:00:00 AM,Lakewood Middle School,991,Anderson C,LAK02 PM,3:10:00 PM,3:15:57 PM,,3:15:57 PM,,,
10/22/2025 12:00:00 AM,Lakewood Middle School,992,Taylor B,LAK03 PM,3:10:00 PM,3:17:27 PM,,3:17:27 PM,,,
10/22/2025 12:00:00 AM,Lakewood Middle School,993,Wilson J,LAK04 PM,3:10:00 PM,3:26:35 PM,,3:26:35 PM,,,
10/22/2025 12:00:00 AM,Riverside Middle School,1000,Williams M,RIV01 PM,3:10:00 PM,3:34:14 PM,,3:34:14 PM,,,
10/22/2025 12:00:00 AM,Riverside Middle School,1001,Anderson C,RIV02 PM,3:10:00 PM,3:38:00 PM,,3:38:00 PM,,,
10/22/2025 12:00:00 AM,Riverside Middle School,1002,Thomas D,RIV03 PM,3:10:00 PM,4:09:01 PM,,4:09:01 PM,,,
10/22/2025 12:00:00 AM,Riverside Middle School,1003,Wilson J,RIV04 PM,3:10:00 PM,3:38:58 PM,,3:38:58 PM,,,
10/22/2025 12:00:00 AM,Metro High School,1010,Miller S,MET01 PM,3:55:00 PM,4:37:02 PM,,4:37:02 PM,,,
10/22/2025 12:00:00 AM,Metro High School,1011,Thomas D,MET02 PM,3:55:00 PM,4:02:32 PM,,4:02:32 PM,,,
10/22/2025 12:00:00 AM,Metro High School,1012,Taylor B,MET03 PM,3:55:00 PM,4:48:10 PM,,4:48:10 PM,,,
10/22/2025 12:00:00 AM,Northgate High School,1020,Wilson J,NOR01 PM,3:55:00 PM,4:04:04 PM,,4:04:04 PM,,,
10/22/2025 12:00:00 AM,Northgate High School,1021,Wilson J,NOR02 PM,3:55:00 PM,4:06:30 PM,,4:06:30 PM,,,
10/22/2025 12:00:00 AM,Northgate High School,1022,Taylor B,NOR03 PM,3:55:00 PM,4:17:00 PM,,4:17:00 PM,,,
10/23/2025 12:00:00 AM,Anderson Elementary,900,Brown K,AND01 PM,2:40:00 PM,2:46:24 PM,,2:46:24 PM,,,
10/23/2025 12:00:00 AM,Anderson Elementary,901,Moore A,AND02 PM,2:40:00 PM,3:05:04 PM,,3:05:04 PM,,,
10/23/2025 12:00:00 AM,Anderson Elementary,902,Brown K,AND03 PM,2:40:00 PM,2:52:12 PM,,2:52:12 PM,,,
10/23/2025 12:00:00 AM,Anderson Elementary,903,Thomas D,AND04 PM,2:40:00 PM,2:49:14 PM,,2:49:14 PM,,,
10/23/2025 12:00:00 AM,Anderson Elementary,904,Wilson J,AND05 PM,2:40:00 PM,3:38:01 PM,,3:38:01 PM,,,
10/23/2025 12:00:00 AM,Bammel Elementary,910,Williams M,BAM01 PM,2:40:00 PM,2:50:05 PM,,2:50:05 PM,,,
10/23/2025 12:00:00 AM,Bammel Elementary,911,Davis R,BAM02 PM,2:40:00 PM,3:07:56 PM,,3:07:56 PM,,,
10/23/2025 12:00:00 AM,Bammel Elementary,912,Miller S,BAM03 PM,2:40:00 PM,3:04:31 PM,,3:04:31 PM,,,
10/23/2025 12:00:00 AM,Bammel Elementary,913,Anderson C,BAM04 PM,2:40:00 PM,2:56:01 PM,,2:56:01 PM,,,
10/23/2025 12:00:00 AM,Bammel Elementary,914,Wilson J,BAM05 PM,2:40:00 PM,3:19:21 PM,,3:19:21 PM,,,
10/23/2025 12:00:00 AM,Cooper Elementary,920,Davis R,COO01 PM,2:40:00 PM,3:00:16 PM,,3:00:16 PM,,,
10/23/2025 12:00:00 AM,Cooper Elementary,921,Miller S,COO02 PM,2:40:00 PM,3:05:28 PM,,3:05:28 PM,,,
10/23/2025 12:00:00 AM,Cooper Elementary,922,Davis R,COO03 PM,2:40:00 PM,2:47:56 PM,,2:47:56 PM,,,
10/23/2025 12:00:00 AM,Cooper Elementary,923,Johnson T,COO04 PM,2:40:00 PM,2:54:43 PM,,2:54:43 PM,,,
10/23/2025 12:00:00 AM,Cooper Elementary,924,Thomas D,COO05 PM,2:40:00 PM,2:59:24 PM,,2:59:24 PM,,,
10/23/2025 12:00:00 AM,Heritage Elementary,930,Brown K,HER01 PM,2:40:00 PM,2:49:17 PM,,2:49:17 PM,,,
10/23/2025 12:00:00 AM,Heritage Elementary,931,Anderson C,HER02 PM,2:40:00 PM,2:57:23 PM,,2:57:23 PM,,,
10/23/2025 12:00:00 AM,Heritage Elementary,932,Taylor B,HER03 PM,2:40:00 PM,3:15:13 PM,,3:15:13 PM,,,
10/23/2025 12:00:00 AM,Heritage Elementary,933,Brown K,HER04 PM,2:40:00 PM,3:01:20 PM,,3:01:20 PM,,,
10/23/2025 12:00:00 AM,Heritage Elementary,934,Thomas D,HER05 PM,2:40:00 PM,2:46:21 PM,,2:46:21 PM,,,
10/23/2025 12:00:00 AM,Jenkins Elementary,940,Wilson J,JEN01 PM,2:40:00 PM,3:01:17 PM,,3:01:17 PM,,,
10/23/2025 12:00:00 AM,Jenkins Elementary,941,Wilson J,JEN02 PM,2:40:00 PM,3:08:45 PM,,3:08:45 PM,,,
10/23/2025 12:00:00 AM,Jenkins Elementary,942,Williams M,JEN03 PM,2:40:00 PM,3:08:06 PM,,3:08:06 PM,,,
10/23/2025 12:00:00 AM,Jenkins Elementary,943,Williams M,JEN04 PM,2:40:00 PM,3:07:58 PM,,3:07:58 PM,,,
10/23/2025 12:00:00 AM,Jenkins Elementary,944,Taylor B,JEN05 PM,2:40:00 PM,3:12:48 PM,,3:12:48 PM,,,
10/23/2025 12:00:00 AM,Lewis Elementary,950,Anderson C,LEW01 PM,2:40:00 PM,3:08:33 PM,,3:08:33 PM,,,
10/23/2025 12:00:00 AM,Lewis Elementary,951,Johnson T,LEW02 PM,2:40:00 PM,2:58:22 PM,,2:58:22 PM,,,
10/23/2025 12:00:00 AM,Lewis Elementary,952,Thomas D,LEW03 PM,2:40:00 PM,2:59:18 PM,,2:59:18 PM,,,
10/23/2025 12:00:00 AM,Lewis Elementary,953,Brown K,LEW04 PM,2:40:00 PM,3:00:52 PM,,3:00:52 PM,,,
10/23/2025 12:00:00 AM,Lewis Elementary,954,Miller S,LEW05 PM,2:40:00 PM,2:59:33 PM,,2:59:33 PM,,,
10/23/2025 12:00:00 AM,Marshall Elementary,960,Johnson T,MAR01 PM,2:40:00 PM,2:50:32 PM,,2:50:32 PM,,,
10/23/2025 12:00:00 AM,Marshall Elementary,961,Miller S,MAR02 PM,2:40:00 PM,2:49:34 PM,,2:49:34 PM,,,
10/23/2025 12:00:00 AM,Marshall Elementary,962,Wilson J,MAR03 PM,2:40:00 PM,2:55:13 PM,,2:55:13 PM,,,
10/23/2025 12:00:00 AM,Marshall Elementary,963,Moore A,MAR04 PM,2:40:00 PM,,,3:06:45 PM,,,
10/23/2025 12:00:00 AM,Marshall Elementary,964,Williams M,MAR05 PM,2:40:00 PM,3:13:17 PM,,3:13:17 PM,,,
10/23/2025 12:00:00 AM,Reynolds Elementary,970,Thomas D,REY01 PM,2:40:00 PM,2:53:59 PM,,2:53:59 PM,,,
10/23/2025 12:00:00 AM,Reynolds Elementary,971,Thomas D,REY02 PM,2:40:00 PM,2:52:56 PM,,2:52:56 PM,,,
10/23/2025 12:00:00 AM,Reynolds Elementary,972,Taylor B,REY03 PM,2:40:00 PM,2:46:47 PM,,2:46:47 PM,,,
10/23/2025 12:00:00 AM,Reynolds Elementary,973,Miller S,REY04 PM,2:40:00 PM,3:02:45 PM,,3:02:45 PM,,,
10/23/2025 12:00:00 AM,Reynolds Elementary,974,Anderson C,REY05 PM,2:40:00 PM,3:07:59 PM,,3:07:59 PM,,,
10/23/2025 12:00:00 AM,Westfield Middle School,980,Wilson J,WES01 PM,3:10:00 PM,3:22:32 PM,,3:22:32 PM,,,
10/23/2025 12:00:00 AM,Westfield Middle School,981,Johnson T,WES02 PM,3:10:00 PM,3:34:20 PM,,3:34:20 PM,,,
10/23/2025 12:00:00 AM,Westfield Middle School,982,Taylor B,WES03 PM,3:10:00 PM,4:04:56 PM,,4:04:56 PM,,,
10/23/2025 12:00:00 AM,Westfield Middle School,983,Moore A,WES04 PM,3:10:00 PM,3:15:14 PM,,3:15:14 PM,,,
10/23/2025 12:00:00 AM,Lakewood Middle School,990,Wilson J,LAK01 PM,3:10:00 PM,3:32:54 PM,,3:32:54 PM,,,
10/23/2025 12:00:00 AM,Lakewood Middle School,991,Anderson C,LAK02 PM,3:10:00 PM,3:58:10 PM,,3:58:10 PM,,,
10/23/2025 12:00:00 AM,Lakewood Middle School,992,Taylor B,LAK03 PM,3:10:00 PM,3:15:58 PM,,3:15:58 PM,,,
10/23/2025 12:00:00 AM,Lakewood Middle School,993,Thomas D,LAK04 PM,3:10:00 PM,,,3:36:34 PM,,,
10/23/2025 12:00:00 AM,Riverside Middle School,1000,Wilson J,RIV01 PM,3:10:00 PM,3:57:51 PM,,3:57:51 PM,,,
10/23/2025 12:00:00 AM,Riverside Middle School,1001,Anderson C,RIV02 PM,3:10:00 PM,3:23:11 PM,,3:23:11 PM,,,
10/23/2025 12:00:00 AM,Riverside Middle School,1002,Davis R,RIV03 PM,3:10:00 PM,3:38:14 PM,,3:38:14 PM,,,
10/23/2025 12:00:00 AM,Riverside Middle School,1003,Anderson C,RIV04 PM,3:10:00 PM,3:32:51 PM,,3:32:51 PM,,,
10/23/2025 12:00:00 AM,Metro High School,1010,Miller S,MET01 PM,3:55:00 PM,4:13:12 PM,,4:13:12 PM,,,
10/23/2025 12:00:00 AM,Metro High School,1011,Thomas D,MET02 PM,3:55:00 PM,4:11:36 PM,,4:11:36 PM,,,
10/23/2025 12:00:00 AM,Metro High School,1012,Williams M,MET03 PM,3:55:00 PM,4:07:49 PM,,4:07:49 PM,,,
10/23/2025 12:00:00 AM,Northgate High School,1020,Anderson C,NOR01 PM,3:55:00 PM,4:06:38 PM,,4:06:38 PM,,,
10/23/2025 12:00:00 AM,Northgate High School,1021,Moore A,NOR02 PM,3:55:00 PM,4:10:19 PM,,4:10:19 PM,,,
10/23/2025 12:00:00 AM,Northgate High School,1022,Miller S,NOR03 PM,3:55:00 PM,4:02:16 PM,,4:02:16 PM,,,
10/24/2025 12:00:00 AM,Anderson Elementary,900,Williams M,AND01 PM,2:40:00 PM,3:37:16 PM,,3:37:16 PM,,,
10/24/2025 12:00:00 AM,Anderson Elementary,901,Miller S,AND02 PM,2:40:00 PM,3:01:42 PM,,3:01:42 PM,,,
10/24/2025 12:00:00 AM,Anderson Elementary,902,Thomas D,AND03 PM,2:40:00 PM,2:46:37 PM,,2:46:37 PM,,,
10/24/2025 12:00:00 AM,Anderson Elementary,903,Brown K,AND04 PM,2:40:00 PM,2:56:32 PM,,2:56:32 PM,,,
10/24/2025 12:00:00 AM,Anderson Elementary,904,Taylor B,AND05 PM,2:40:00 PM,3:05:23 PM,,3:05:23 PM,,,
10/24/2025 12:00:00 AM,Bammel Elementary,910,Davis R,BAM01 PM,2:40:00 PM,3:06:39 PM,,3:06:39 PM,,,
10/24/2025 12:00:00 AM,Bammel Elementary,911,Taylor B,BAM02 PM,2:40:00 PM,3:29:27 PM,,3:29:27 PM,,,
10/24/2025 12:00:00 AM,Bammel Elementary,912,Anderson C,BAM03 PM,2:40:00 PM,3:27:21 PM,,3:27:21 PM,,,
10/24/2025 12:00:00 AM,Bammel Elementary,913,Wilson J,BAM04 PM,2:40:00 PM,3:33:58 PM,,3:33:58 PM,,,
10/24/2025 12:00:00 AM,Bammel Elementary,914,Miller S,BAM05 PM,2:40:00 PM,3:00:42 PM,,3:00:42 PM,,,
10/24/2025 12:00:00 AM,Cooper Elementary,920,Moore A,COO01 PM,2:40:00 PM,2:57:39 PM,,2:57:39 PM,,,
10/24/2025 12:00:00 AM,Cooper Elementary,921,Miller S,COO02 PM,2:40:00 PM,2:53:55 PM,,2:53:55 PM,,,
10/24/2025 12:00:00 AM,Cooper Elementary,922,Brown K,COO03 PM,2:40:00 PM,3:02:46 PM,,3:02:46 PM,,,
10/24/2025 12:00:00 AM,Cooper Elementary,923,Moore A,COO04 PM,2:40:00 PM,2:59:51 PM,,2:59:51 PM,,,
10/24/2025 12:00:00 AM,Cooper Elementary,924,Johnson T,COO05 PM,2:40:00 PM,3:08:34 PM,,3:08:34 PM,,,
10/24/2025 12:00:00 AM,Heritage Elementary,930,Davis R,HER01 PM,2:40:00 PM,3:08:33 PM,,3:08:33 PM,,,
10/24/2025 12:00:00 AM,Heritage Elementary,931,Johnson T,HER02 PM,2:40:00 PM,3:08:56 PM,,3:08:56 PM,,,
10/24/2025 12:00:00 AM,Heritage Elementary,932,Miller S,HER03 PM,2:40:00 PM,2:52:55 PM,,2:52:55 PM,,,
10/24/2025 12:00:00 AM,Heritage Elementary,933,Davis R,HER04 PM,2:40:00 PM,3:07:50 PM,,3:07:50 PM,,,
10/24/2025 12:00:00 AM,Heritage Elementary,934,Moore A,HER05 PM,2:40:00 PM,3:03:39 PM,,3:03:39 PM,,,
10/24/2025 12:00:00 AM,Jenkins Elementary,940,Thomas D,JEN01 PM,2:40:00 PM,3:13:03 PM,,3:13:03 PM,,,
10/24/2025 12:00:00 AM,Jenkins Elementary,941,Taylor B,JEN02 PM,2:40:00 PM,2:54:33 PM,,2:54:33 PM,,,
10/24/2025 12:00:00 AM,Jenkins Elementary,942,Thomas D,JEN03 PM,2:40:00 PM,3:24:05 PM,,3:24:05 PM,,,
10/24/2025 12:00:00 AM,Jenkins Elementary,943,Wilson J,JEN04 PM,2:40:00 PM,2:55:01 PM,,2:55:01 PM,,,
10/24/2025 12:00:00 AM,Jenkins Elementary,944,Brown K,JEN05 PM,2:40:00 PM,2:55:27 PM,,2:55:27 PM,,,
10/24/2025 12:00:00 AM,Lewis Elementary,950,Williams M,LEW01 PM,2:40:00 PM,3:08:25 PM,,3:08:25 PM,,,
10/24/2025 12:00:00 AM,Lewis Elementary,951,Williams M,LEW02 PM,2:40:00 PM,2:54:43 PM,,2:54:43 PM,,,
10/24/2025 12:00:00 AM,Lewis Elementary,952,Davis R,LEW03 PM,2:40:00 PM,3:26:37 PM,,3:26:37 PM,,,
10/24/2025 12:00:00 AM,Lewis Elementary,953,Moore A,LEW04 PM,2:40:00 PM,2:46:29 PM,,2:46:29 PM,,,
10/24/2025 12:00:00 AM,Lewis Elementary,954,Miller S,LEW05 PM,2:40:00 PM,2:56:29 PM,,2:56:29 PM,,,
10/24/2025 12:00:00 AM,Marshall Elementary,960,Miller S,MAR01 PM,2:40:00 PM,2:50:32 PM,,2:50:32 PM,,,
10/24/2025 12:00:00 AM,Marshall Elementary,961,Williams M,MAR02 PM,2:40:00 PM,2:57:51 PM,,2:57:51 PM,,,
10/24/2025 12:00:00 AM,Marshall Elementary,962,Williams M,MAR03 PM,2:40:00 PM,2:53:17 PM,,2:53:17 PM,,,
10/24/2025 12:00:00 AM,Marshall Elementary,963,Thomas D,MAR04 PM,2:40:00 PM,3:12:29 PM,,3:12:29 PM,,,
10/24/2025 12:00:00 AM,Marshall Elementary,964,Johnson T,MAR05 PM,2:40:00 PM,2:48:47 PM,,2:48:47 PM,,,
10/24/2025 12:00:00 AM,Reynolds Elementary,970,Johnson T,REY01 PM,2:40:00 PM,2:45:38 PM,,2:45:38 PM,,,
10/24/2025 12:00:00 AM,Reynolds Elementary,971,Davis R,REY02 PM,2:40:00 PM,3:04:41 PM,,3:04:41 PM,,,
10/24/2025 12:00:00 AM,Reynolds Elementary,972,Johnson T,REY03 PM,2:40:00 PM,3:05:38 PM,,3:05:38 PM,,,
10/24/2025 12:00:00 AM,Reynolds Elementary,973,Wilson J,REY04 PM,2:40:00 PM,3:07:54 PM,,3:07:54 PM,,,
10/24/2025 12:00:00 AM,Reynolds Elementary,974,Johnson T,REY05 PM,2:40:00 PM,3:12:58 PM,,3:12:58 PM,,,
10/24/2025 12:00:00 AM,Westfield Middle School,980,Miller S,WES01 PM,3:10:00 PM,3:34:28 PM,,3:34:28 PM,,,
10/24/2025 12:00:00 AM,Westfield Middle School,981,Anderson C,WES02 PM,3:10:00 PM,3:22:33 PM,,3:22:33 PM,,,
10/24/2025 12:00:00 AM,Westfield Middle School,982,Williams M,WES03 PM,3:10:00 PM,3:19:27 PM,,3:19:27 PM,,,
10/24/2025 12:00:00 AM,Westfield Middle School,983,Wilson J,WES04 PM,3:10:00 PM,3:36:26 PM,,3:36:26 PM,,,
10/24/2025 12:00:00 AM,Lakewood Middle School,990,Williams M,LAK01 PM,3:10:00 PM,3:33:27 PM,,3:33:27 PM,,,
10/24/2025 12:00:00 AM,Lakewood Middle School,991,Miller S,LAK02 PM,3:10:00 PM,4:05:18 PM,,4:05:18 PM,,,
10/24/2025 12:00:00 AM,Lakewood Middle School,992,Williams M,LAK03 PM,3:10:00 PM,3:24:26 PM,,3:24:26 PM,,,
10/24/2025 12:00:00 AM,Lakewood Middle School,993,Wilson J,LAK04 PM,3:10:00 PM,3:37:51 PM,,3:37:51 PM,,,
10/24/2025 12:00:00 AM,Riverside Middle School,1000,Wilson J,RIV01 PM,3:10:00 PM,3:29:49 PM,,3:29:49 PM,,,
10/24/2025 12:00:00 AM,Riverside Middle School,1001,Taylor B,RIV02 PM,3:10:00 PM,3:37:07 PM,,3:37:07 PM,,,
10/24/2025 12:00:00 AM,Riverside Middle School,1002,Brown K,RIV03 PM,3:10:00 PM,3:16:01 PM,,3:16:01 PM,,,
10/24/2025 12:00:00 AM,Riverside Middle School,1003,Wilson J,RIV04 PM,3:10:00 PM,3:28:29 PM,,3:28:29 PM,,,
10/24/2025 12:00:00 AM,Metro High School,1010,Moore A,MET01 PM,3:55:00 PM,4:11:37 PM,,4:11:37 PM,,,
10/24/2025 12:00:00 AM,Metro High School,1011,Brown K,MET02 PM,3:55:00 PM,4:04:58 PM,,4:04:58 PM,,,
10/24/2025 12:00:00 AM,Metro High School,1012,Brown K,MET03 PM,3:55:00 PM,4:29:44 PM,,4:29:44 PM,,,
10/24/2025 12:00:00 AM,Northgate High School,1020,Taylor B,NOR01 PM,3:55:00 PM,4:36:35 PM,,4:36:35 PM,,,
10/24/2025 12:00:00 AM,Northgate High School,1021,Wilson J,NOR02 PM,3:55:00 PM,4:03:27 PM,,4:03:27 PM,,,
10/24/2025 12:00:00 AM,Northgate High School,1022,Wilson J,NOR03 PM,3:55:00 PM,4:17:52 PM,,4:17:52 PM,,,
10/27/2025 12:00:00 AM,Anderson Elementary,900,Johnson T,AND01 PM,2:40:00 PM,2:54:12 PM,,2:54:12 PM,,,
10/27/2025 12:00:00 AM,Anderson Elementary,901,Wilson J,AND02 PM,2:40:00 PM,2:59:37 PM,,2:59:37 PM,,,
10/27/2025 12:00:00 AM,Anderson Elementary,902,Moore A,AND03 PM,2:40:00 PM,,,3:08:56 PM,,,
10/27/2025 12:00:00 AM,Anderson Elementary,903,Anderson C,AND04 PM,2:40:00 PM,2:56:50 PM,,2:56:50 PM,,,
10/27/2025 12:00:00 AM,Anderson Elementary,904,Williams M,AND05 PM,2:40:00 PM,2:46:02 PM,,2:46:02 PM,,,
10/27/2025 12:00:00 AM,Bammel Elementary,910,Davis R,BAM01 PM,2:40:00 PM,2:45:42 PM,,2:45:42 PM,,,
10/27/2025 12:00:00 AM,Bammel Elementary,911,Anderson C,BAM02 PM,2:40:00 PM,2:51:33 PM,,2:51:33 PM,,,
10/27/2025 12:00:00 AM,Bammel Elementary,912,Williams M,BAM03 PM,2:40:00 PM,2:53:56 PM,,2:53:56 PM,,,
10/27/2025 12:00:00 AM,Bammel Elementary,913,Johnson T,BAM04 PM,2:40:00 PM,2:57:27 PM,,2:57:27 PM,,,
10/27/2025 12:00:00 AM,Bammel Elementary,914,Moore A,BAM05 PM,2:40:00 PM,2:50:48 PM,,2:50:48 PM,,,
10/27/2025 12:00:00 AM,Cooper Elementary,920,Davis R,COO01 PM,2:40:00 PM,2:54:17 PM,,2:54:17 PM,,,
10/27/2025 12:00:00 AM,Cooper Elementary,921,Moore A,COO02 PM,2:40:00 PM,2:51:50 PM,,2:51:50 PM,,,
10/27/2025 12:00:00 AM,Cooper Elementary,922,Williams M,COO03 PM,2:40:00 PM,,,3:03:40 PM,,,
10/27/2025 12:00:00 AM,Cooper Elementary,923,Moore A,COO04 PM,2:40:00 PM,2:53:49 PM,,2:53:49 PM,,,
10/27/2025 12:00:00 AM,Cooper Elementary,924,Moore A,COO05 PM,2:40:00 PM,3:16:53 PM,,3:16:53 PM,,,
10/27/2025 12:00:00 AM,Heritage Elementary,930,Brown K,HER01 PM,2:40:00 PM,2:52:31 PM,,2:52:31 PM,,,
10/27/2025 12:00:00 AM,Heritage Elementary,931,Moore A,HER02 PM,2:40:00 PM,3:01:20 PM,,3:01:20 PM,,,
10/27/2025 12:00:00 AM,Heritage Elementary,932,Miller S,HER03 PM,2:40:00 PM,3:32:25 PM,,3:32:25 PM,,,
10/27/2025 12:00:00 AM,Heritage Elementary,933,Taylor B,HER04 PM,2:40:00 PM,3:08:08 PM,,3:08:08 PM,,,
10/27/2025 12:00:00 AM,Heritage Elementary,934,Moore A,HER05 PM,2:40:00 PM,2:59:02 PM,,2:59:02 PM,,,
10/27/2025 12:00:00 AM,Jenkins Elementary,940,Moore A,JEN01 PM,2:40:00 PM,2:47:43 PM,,2:47:43 PM,,,
10/27/2025 12:00:00 AM,Jenkins Elementary,941,Taylor B,JEN02 PM,2:40:00 PM,2:47:36 PM,,2:47:36 PM,,,
10/27/2025 12:00:00 AM,Jenkins Elementary,942,Johnson T,JEN03 PM,2:40:00 PM,3:02:20 PM,,3:02:20 PM,,,
10/27/2025 12:00:00 AM,Jenkins Elementary,943,Miller S,JEN04 PM,2:40:00 PM,3:26:57 PM,,3:26:57 PM,,,
10/27/2025 12:00:00 AM,Jenkins Elementary,944,Taylor B,JEN05 PM,2:40:00 PM,2:45:25 PM,,2:45:25 PM,,,
10/27/2025 12:00:00 AM,Lewis Elementary,950,Williams M,LEW01 PM,2:40:00 PM,3:01:17 PM,,3:01:17 PM,,,
10/27/2025 12:00:00 AM,Lewis Elementary,951,Moore A,LEW02 PM,2:40:00 PM,2:50:22 PM,,2:50:22 PM,,,
10/27/2025 12:00:00 AM,Lewis Elementary,952,Williams M,LEW03 PM,2:40:00 PM,,,2:55:30 PM,,,
10/27/2025 12:00:00 AM,Lewis Elementary,953,Wilson J,LEW04 PM,2:40:00 PM,2:49:06 PM,,2:49:06 PM,,,
10/27/2025 12:00:00 AM,Lewis Elementary,954,Miller S,LEW05 PM,2:40:00 PM,2:49:02 PM,,2:49:02 PM,,,
10/27/2025 12:00:00 AM,Marshall Elementary,960,Brown K,MAR01 PM,2:40:00 PM,2:57:54 PM,,2:57:54 PM,,,
10/27/2025 12:00:00 AM,Marshall Elementary,961,Moore A,MAR02 PM,2:40:00 PM,2:53:29 PM,,2:53:29 PM,,,
10/27/2025 12:00:00 AM,Marshall Elementary,962,Moore A,MAR03 PM,2:40:00 PM,3:00:47 PM,,3:00:47 PM,,,
10/27/2025 12:00:00 AM,Marshall Elementary,963,Wilson J,MAR04 PM,2:40:00 PM,,,2:59:04 PM,,,
10/27/2025 12:00:00 AM,Marshall Elementary,964,Williams M,MAR05 PM,2:40:00 PM,3:30:12 PM,,3:30:12 PM,,,
10/27/2025 12:00:00 AM,Reynolds Elementary,970,Davis R,REY01 PM,2:40:00 PM,2:56:17 PM,,2:56:17 PM,,,
10/27/2025 12:00:00 AM,Reynolds Elementary,971,Wilson J,REY02 PM,2:40:00 PM,2:59:37 PM,,2:59:37 PM,,,
10/27/2025 12:00:00 AM,Reynolds Elementary,972,Williams M,REY03 PM,2:40:00 PM,2:58:47 PM,,2:58:47 PM,,,
10/27/2025 12:00:00 AM,Reynolds Elementary,973,Wilson J,REY04 PM,2:40:00 PM,3:05:57 PM,,3:05:57 PM,,,
10/27/2025 12:00:00 AM,Reynolds Elementary,974,Anderson C,REY05 PM,2:40:00 PM,2:56:46 PM,,2:56:46 PM,,,
10/27/2025 12:00:00 AM,Westfield Middle School,980,Davis R,WES01 PM,3:10:00 PM,3:16:00 PM,,3:16:00 PM,,,
10/27/2025 12:00:00 AM,Westfield Middle School,981,Miller S,WES02 PM,3:10:00 PM,3:19:06 PM,,3:19:06 PM,,,
10/27/2025 12:00:00 AM,Westfield Middle School,982,Miller S,WES03 PM,3:10:00 PM,3:36:53 PM,,3:36:53 PM,,,
10/27/2025 12:00:00 AM,Westfield Middle School,983,Thomas D,WES04 PM,3:10:00 PM,3:18:29 PM,,3:18:29 PM,,,
10/27/2025 12:00:00 AM,Lakewood Middle School,990,Johnson T,LAK01 PM,3:10:00 PM,3:48:01 PM,,3:48:01 PM,,,
10/27/2025 12:00:00 AM,Lakewood Middle School,991,Wilson J,LAK02 PM,3:10:00 PM,3:22:45 PM,,3:22:45 PM,,,
10/27/2025 12:00:00 AM,Lakewood Middle School,992,Davis R,LAK03 PM,3:10:00 PM,3:23:46 PM,,3:23:46 PM,,,
10/27/2025 12:00:00 AM,Lakewood Middle School,993,Miller S,LAK04 PM,3:10:00 PM,,,3:27:54 PM,,,
10/27/2025 12:00:00 AM,Riverside Middle School,1000,Moore A,RIV01 PM,3:10:00 PM,3:32:56 PM,,3:32:56 PM,,,
10/27/2025 12:00:00 AM,Riverside Middle School,1001,Brown K,RIV02 PM,3:10:00 PM,3:35:42 PM,,3:35:42 PM,,,
10/27/2025 12:00:00 AM,Riverside Middle School,1002,Anderson C,RIV03 PM,3:10:00 PM,3:48:27 PM,,3:48:27 PM,,,
10/27/2025 12:00:00 AM,Riverside Middle School,1003,Williams M,RIV04 PM,3:10:00 PM,3:16:55 PM,,3:16:55 PM,,,
10/27/2025 12:00:00 AM,Metro High School,1010,Moore A,MET01 PM,3:55:00 PM,4:15:54 PM,,4:15:54 PM,,,
10/27/2025 12:00:00 AM,Metro High School,1011,Miller S,MET02 PM,3:55:00 PM,4:29:06 PM,,4:29:06 PM,,,
10/27/2025 12:00:00 AM,Metro High School,1012,Thomas D,MET03 PM,3:55:00 PM,4:10:38 PM,,4:10:38 PM,,,
10/27/2025 12:00:00 AM,Northgate High School,1020,Williams M,NOR01 PM,3:55:00 PM,4:53:07 PM,,4:53:07 PM,,,
10/27/2025 12:00:00 AM,Northgate High School,1021,Davis R,NOR02 PM,3:55:00 PM,4:16:50 PM,,4:16:50 PM,,,
10/27/2025 12:00:00 AM,Northgate High School,1022,Johnson T,NOR03 PM,3:55:00 PM,4:42:26 PM,,4:42:26 PM,,,
10/28/2025 12:00:00 AM,Anderson Elementary,900,Anderson C,AND01 PM,2:40:00 PM,2:54:31 PM,,2:54:31 PM,,,
10/28/2025 12:00:00 AM,Anderson Elementary,901,Thomas D,AND02 PM,2:40:00 PM,2:52:23 PM,,2:52:23 PM,,,
10/28/2025 12:00:00 AM,Anderson Elementary,902,Taylor B,AND03 PM,2:40:00 PM,2:51:03 PM,,2:51:03 PM,,,
10/28/2025 12:00:00 AM,Anderson Elementary,903,Thomas D,AND04 PM,2:40:00 PM,3:03:36 PM,,3:03:36 PM,,,
10/28/2025 12:00:00 AM,Anderson Elementary,904,Johnson T,AND05 PM,2:40:00 PM,2:55:41 PM,,2:55:41 PM,,,
10/28/2025 12:00:00 AM,Bammel Elementary,910,Taylor B,BAM01 PM,2:40:00 PM,2:46:08 PM,,2:46:08 PM,,,
10/28/2025 12:00:00 AM,Bammel Elementary,911,Anderson C,BAM02 PM,2:40:00 PM,2:57:37 PM,,2:57:37 PM,,,
10/28/2025 12:00:00 AM,Bammel Elementary,912,Miller S,BAM03 PM,2:40:00 PM,3:03:14 PM,,3:03:14 PM,,,
10/28/2025 12:00:00 AM,Bammel Elementary,913,Moore A,BAM04 PM,2:40:00 PM,2:59:23 PM,,2:59:23 PM,,,
10/28/2025 12:00:00 AM,Bammel Elementary,914,Wilson J,BAM05 PM,2:40:00 PM,3:13:29 PM,,3:13:29 PM,,,
10/28/2025 12:00:00 AM,Cooper Elementary,920,Brown K,COO01 PM,2:40:00 PM,3:07:04 PM,,3:07:04 PM,,,
10/28/2025 12:00:00 AM,Cooper Elementary,921,Wilson J,COO02 PM,2:40:00 PM,,,2:52:24 PM,,,
10/28/2025 12:00:00 AM,Cooper Elementary,922,Thomas D,COO03 PM,2:40:00 PM,3:19:12 PM,,3:19:12 PM,,,
10/28/2025 12:00:00 AM,Cooper Elementary,923,Anderson C,COO04 PM,2:40:00 PM,2:57:36 PM,,2:57:36 PM,,,
10/28/2025 12:00:00 AM,Cooper Elementary,924,Thomas D,COO05 PM,2:40:00 PM,2:45:19 PM,,2:45:19 PM,,,
10/28/2025 12:00:00 AM,Heritage Elementary,930,Thomas D,HER01 PM,2:40:00 PM,2:45:06 PM,,2:45:06 PM,,,
10/28/2025 12:00:00 AM,Heritage Elementary,931,Anderson C,HER02 PM,2:40:00 PM,2:49:48 PM,,2:49:48 PM,,,
10/28/2025 12:00:00 AM,Heritage Elementary,932,Wilson J,HER03 PM,2:40:00 PM,2:48:05 PM,,2:48:05 PM,,,
10/28/2025 12:00:00 AM,Heritage Elementary,933,Davis R,HER04 PM,2:40:00 PM,3:24:18 PM,,3:24:18 PM,,,
10/28/2025 12:00:00 AM,Heritage Elementary,934,Brown K,HER05 PM,2:40:00 PM,2:50:07 PM,,2:50:07 PM,,,
10/28/2025 12:00:00 AM,Jenkins Elementary,940,Miller S,JEN01 PM,2:40:00 PM,2:54:00 PM,,2:54:00 PM,,,
10/28/2025 12:00:00 AM,Jenkins Elementary,941,Taylor B,JEN02 PM,2:40:00 PM,3:04:59 PM,,3:04:59 PM,,,
10/28/2025 12:00:00 AM,Jenkins Elementary,942,Johnson T,JEN03 PM,2:40:00 PM,2:47:03 PM,,2:47:03 PM,,,
10/28/2025 12:00:00 AM,Jenkins Elementary,943,Moore A,JEN04 PM,2:40:00 PM,2:50:10 PM,,2:50:10 PM,,,
10/28/2025 12:00:00 AM,Jenkins Elementary,944,Wilson J,JEN05 PM,2:40:00 PM,3:06:53 PM,,3:06:53 PM,,,
10/28/2025 12:00:00 AM,Lewis Elementary,950,Williams M,LEW01 PM,2:40:00 PM,3:04:51 PM,,3:04:51 PM,,,
10/28/2025 12:00:00 AM,Lewis Elementary,951,Moore A,LEW02 PM,2:40:00 PM,3:08:30 PM,,3:08:30 PM,,,
10/28/2025 12:00:00 AM,Lewis Elementary,952,Wilson J,LEW03 PM,2:40:00 PM,2:48:41 PM,,2:48:41 PM,,,
10/28/2025 12:00:00 AM,Lewis Elementary,953,Thomas D,LEW04 PM,2:40:00 PM,2:47:13 PM,,2:47:13 PM,,,
10/28/2025 12:00:00 AM,Lewis Elementary,954,Moore A,LEW05 PM,2:40:00 PM,,,2:53:53 PM,,,
10/28/2025 12:00:00 AM,Marshall Elementary,960,Brown K,MAR01 PM,2:40:00 PM,3:01:41 PM,,3:01:41 PM,,,
10/28/2025 12:00:00 AM,Marshall Elementary,961,Thomas D,MAR02 PM,2:40:00 PM,2:47:44 PM,,2:47:44 PM,,,
10/28/2025 12:00:00 AM,Marshall Elementary,962,Thomas D,MAR03 PM,2:40:00 PM,3:40:26 PM,,3:40:26 PM,,,
10/28/2025 12:00:00 AM,Marshall Elementary,963,Thomas D,MAR04 PM,2:40:00 PM,2:48:06 PM,,2:48:06 PM,,,
10/28/2025 12:00:00 AM,Marshall Elementary,964,Brown K,MAR05 PM,2:40:00 PM,2:52:18 PM,,2:52:18 PM,,,
10/28/2025 12:00:00 AM,Reynolds Elementary,970,Johnson T,REY01 PM,2:40:00 PM,2:57:30 PM,,2:57:30 PM,,,
10/28/2025 12:00:00 AM,Reynolds Elementary,971,Brown K,REY02 PM,2:40:00 PM,2:58:28 PM,,2:58:28 PM,,,
10/28/2025 12:00:00 AM,Reynolds Elementary,972,Moore A,REY03 PM,2:40:00 PM,3:40:42 PM,,3:40:42 PM,,,
10/28/2025 12:00:00 AM,Reynolds Elementary,973,Moore A,REY04 PM,2:40:00 PM,3:38:31 PM,,3:38:31 PM,,,
10/28/2025 12:00:00 AM,Reynolds Elementary,974,Johnson T,REY05 PM,2:40:00 PM,,,2:51:54 PM,,,
10/28/2025 12:00:00 AM,Westfield Middle School,980,Williams M,WES01 PM,3:10:00 PM,3:19:22 PM,,3:19:22 PM,,,
10/28/2025 12:00:00 AM,Westfield Middle School,981,Miller S,WES02 PM,3:10:00 PM,3:33:11 PM,,3:33:11 PM,,,
10/28/2025 12:00:00 AM,Westfield Middle School,982,Davis R,WES03 PM,3:10:00 PM,3:32:10 PM,,3:32:10 PM,,,
10/28/2025 12:00:00 AM,Westfield Middle School,983,Davis R,WES04 PM,3:10:00 PM,3:32:41 PM,,3:32:41 PM,,,
10/28/2025 12:00:00 AM,Lakewood Middle School,990,Johnson T,LAK01 PM,3:10:00 PM,3:17:33 PM,,3:17:33 PM,,,
10/28/2025 12:00:00 AM,Lakewood Middle School,991,Davis R,LAK02 PM,3:10:00 PM,3:17:41 PM,,3:17:41 PM,,,
10/28/2025 12:00:00 AM,Lakewood Middle School,992,Taylor B,LAK03 PM,3:10:00 PM,3:15:46 PM,,3:15:46 PM,,,
10/28/2025 12:00:00 AM,Lakewood Middle School,993,Miller S,LAK04 PM,3:10:00 PM,3:55:24 PM,,3:55:24 PM,,,
10/28/2025 12:00:00 AM,Riverside Middle School,1000,Williams M,RIV01 PM,3:10:00 PM,3:23:35 PM,,3:23:35 PM,,,
10/28/2025 12:00:00 AM,Riverside Middle School,1001,Brown K,RIV02 PM,3:10:00 PM,,,3:21:39 PM,,,
10/28/2025 12:00:00 AM,Riverside Middle School,1002,Williams M,RIV03 PM,3:10:00 PM,4:03:59 PM,,4:03:59 PM,,,
10/28/2025 12:00:00 AM,Riverside Middle School,1003,Moore A,RIV04 PM,3:10:00 PM,3:26:46 PM,,3:26:46 PM,,,
10/28/2025 12:00:00 AM,Metro High School,1010,Johnson T,MET01 PM,3:55:00 PM,4:04:26 PM,,4:04:26 PM,,,
10/28/2025 12:00:00 AM,Metro High School,1011,Anderson C,MET02 PM,3:55:00 PM,4:21:11 PM,,4:21:11 PM,,,
10/28/2025 12:00:00 AM,Metro High School,1012,Brown K,MET03 PM,3:55:00 PM,4:23:36 PM,,4:23:36 PM,,,
10/28/2025 12:00:00 AM,Northgate High School,1020,Miller S,NOR01 PM,3:55:00 PM,4:40:47 PM,,4:40:47 PM,,,
10/28/2025 12:00:00 AM,Northgate High School,1021,Davis R,NOR02 PM,3:55:00 PM,4:06:15 PM,,4:06:15 PM,,,
10/28/2025 12:00:00 AM,Northgate High School,1022,Johnson T,NOR03 PM,3:55:00 PM,4:49:49 PM,,4:49:49 PM,,,
10/29/2025 12:00:00 AM,Anderson Elementary,900,Miller S,AND01 PM,2:40:00 PM,2:45:15 PM,,2:45:15 PM,,,
10/29/2025 12:00:00 AM,Anderson Elementary,901,Wilson J,AND02 PM,2:40:00 PM,2:47:45 PM,,2:47:45 PM,,,
10/29/2025 12:00:00 AM,Anderson Elementary,902,Taylor B,AND03 PM,2:40:00 PM,3:00:34 PM,,3:00:34 PM,,,
10/29/2025 12:00:00 AM,Anderson Elementary,903,Williams M,AND04 PM,2:40:00 PM,2:45:17 PM,,2:45:17 PM,,,
10/29/2025 12:00:00 AM,Anderson Elementary,904,Taylor B,AND05 PM,2:40:00 PM,2:47:55 PM,,2:47:55 PM,,,
10/29/2025 12:00:00 AM,Bammel Elementary,910,Moore A,BAM01 PM,2:40:00 PM,2:56:21 PM,,2:56:21 PM,,,
10/29/2025 12:00:00 AM,Bammel Elementary,911,Miller S,BAM02 PM,2:40:00 PM,3:06:14 PM,,3:06:14 PM,,,
10/29/2025 12:00:00 AM,Bammel Elementary,912,Taylor B,BAM03 PM,2:40:00 PM,3:04:57 PM,,3:04:57 PM,,,
10/29/2025 12:00:00 AM,Bammel Elementary,913,Taylor B,BAM04 PM,2:40:00 PM,2:47:13 PM,,2:47:13 PM,,,
10/29/2025 12:00:00 AM,Bammel Elementary,914,Williams M,BAM05 PM,2:40:00 PM,2:59:41 PM,,2:59:41 PM,,,
10/29/2025 12:00:00 AM,Cooper Elementary,920,Miller S,COO01 PM,2:40:00 PM,2:55:47 PM,,2:55:47 PM,,,
10/29/2025 12:00:00 AM,Cooper Elementary,921,Williams M,COO02 PM,2:40:00 PM,3:06:01 PM,,3:06:01 PM,,,
10/29/2025 12:00:00 AM,Cooper Elementary,922,Moore A,COO03 PM,2:40:00 PM,3:36:20 PM,,3:36:20 PM,,,
10/29/2025 12:00:00 AM,Cooper Elementary,923,Thomas D,COO04 PM,2:40:00 PM,2:56:57 PM,,2:56:57 PM,,,
10/29/2025 12:00:00 AM,Cooper Elementary,924,Davis R,COO05 PM,2:40:00 PM,2:58:14 PM,,2:58:14 PM,,,
10/29/2025 12:00:00 AM,Heritage Elementary,930,Taylor B,HER01 PM,2:40:00 PM,2:59:35 PM,,2:59:35 PM,,,
10/29/2025 12:00:00 AM,Heritage Elementary,931,Wilson J,HER02 PM,2:40:00 PM,2:54:59 PM,,2:54:59 PM,,,
10/29/2025 12:00:00 AM,Heritage Elementary,932,Anderson C,HER03 PM,2:40:00 PM,3:03:59 PM,,3:03:59 PM,,,
10/29/2025 12:00:00 AM,Heritage Elementary,933,Williams M,HER04 PM,2:40:00 PM,2:53:01 PM,,2:53:01 PM,,,
10/29/2025 12:00:00 AM,Heritage Elementary,934,Taylor B,HER05 PM,2:40:00 PM,2:59:23 PM,,2:59:23 PM,,,
10/29/2025 12:00:00 AM,Jenkins Elementary,940,Johnson T,JEN01 PM,2:40:00 PM,3:28:27 PM,,3:28:27 PM,,,
10/29/2025 12:00:00 AM,Jenkins Elementary,941,Moore A,JEN02 PM,2:40:00 PM,3:00:03 PM,,3:00:03 PM,,,
10/29/2025 12:00:00 AM,Jenkins Elementary,942,Moore A,JEN03 PM,2:40:00 PM,2:45:14 PM,,2:45:14 PM,,,
10/29/2025 12:00:00 AM,Jenkins Elementary,943,Johnson T,JEN04 PM,2:40:00 PM,2:54:53 PM,,2:54:53 PM,,,
10/29/2025 12:00:00 AM,Jenkins Elementary,944,Anderson C,JEN05 PM,2:40:00 PM,3:32:03 PM,,3:32:03 PM,,,
10/29/2025 12:00:00 AM,Lewis Elementary,950,Davis R,LEW01 PM,2:40:00 PM,3:27:59 PM,,3:27:59 PM,,,
10/29/2025 12:00:00 AM,Lewis Elementary,951,Moore A,LEW02 PM,2:40:00 PM,2:48:59 PM,,2:48:59 PM,,,
10/29/2025 12:00:00 AM,Lewis Elementary,952,Williams M,LEW03 PM,2:40:00 PM,2:56:44 PM,,2:56:44 PM,,,
10/29/2025 12:00:00 AM,Lewis Elementary,953,Anderson C,LEW04 PM,2:40:00 PM,2:46:01 PM,,2:46:01 PM,,,
10/29/2025 12:00:00 AM,Lewis Elementary,954,Taylor B,LEW05 PM,2:40:00 PM,3:07:21 PM,,3:07:21 PM,,,
10/29/2025 12:00:00 AM,Marshall Elementary,960,Williams M,MAR01 PM,2:40:00 PM,2:48:40 PM,,2:48:40 PM,,,
10/29/2025 12:00:00 AM,Marshall Elementary,961,Johnson T,MAR02 PM,2:40:00 PM,3:05:37 PM,,3:05:37 PM,,,
10/29/2025 12:00:00 AM,Marshall Elementary,962,Brown K,MAR03 PM,2:40:00 PM,3:31:15 PM,,3:31:15 PM,,,
10/29/2025 12:00:00 AM,Marshall Elementary,963,Davis R,MAR04 PM,2:40:00 PM,3:14:43 PM,,3:14:43 PM,,,
10/29/2025 12:00:00 AM,Marshall Elementary,964,Thomas D,MAR05 PM,2:40:00 PM,2:55:20 PM,,2:55:20 PM,,,
10/29/2025 12:00:00 AM,Reynolds Elementary,970,Brown K,REY01 PM,2:40:00 PM,2:53:54 PM,,2:53:54 PM,,,
10/29/2025 12:00:00 AM,Reynolds Elementary,971,Brown K,REY02 PM,2:40:00 PM,2:56:32 PM,,2:56:32 PM,,,
10/29/2025 12:00:00 AM,Reynolds Elementary,972,Wilson J,REY03 PM,2:40:00 PM,3:26:20 PM,,3:26:20 PM,,,
10/29/2025 12:00:00 AM,Reynolds Elementary,973,Anderson C,REY04 PM,2:40:00 PM,2:54:58 PM,,2:54:58 PM,,,
10/29/2025 12:00:00 AM,Reynolds Elementary,974,Taylor B,REY05 PM,2:40:00 PM,,,3:04:18 PM,,,
10/29/2025 12:00:00 AM,Westfield Middle School,980,Johnson T,WES01 PM,3:10:00 PM,3:24:34 PM,,3:24:34 PM,,,
10/29/2025 12:00:00 AM,Westfield Middle School,981,Wilson J,WES02 PM,3:10:00 PM,4:08:18 PM,,4:08:18 PM,,,
10/29/2025 12:00:00 AM,Westfield Middle School,982,Thomas D,WES03 PM,3:10:00 PM,3:26:16 PM,,3:26:16 PM,,,
10/29/2025 12:00:00 AM,Westfield Middle School,983,Davis R,WES04 PM,3:10:00 PM,3:34:54 PM,,3:34:54 PM,,,
10/29/2025 12:00:00 AM,Lakewood Middle School,990,Miller S,LAK01 PM,3:10:00 PM,3:18:45 PM,,3:18:45 PM,,,
10/29/2025 12:00:00 AM,Lakewood Middle School,991,Moore A,LAK02 PM,3:10:00 PM,3:37:49 PM,,3:37:49 PM,,,
10/29/2025 12:00:00 AM,Lakewood Middle School,992,Thomas D,LAK03 PM,3:10:00 PM,3:26:09 PM,,3:26:09 PM,,,
10/29/2025 12:00:00 AM,Lakewood Middle School,993,Williams M,LAK04 PM,3:10:00 PM,3:25:59 PM,,3:25:59 PM,,,
10/29/2025 12:00:00 AM,Riverside Middle School,1000,Wilson J,RIV01 PM,3:10:00 PM,3:29:46 PM,,3:29:46 PM,,,
10/29/2025 12:00:00 AM,Riverside Middle School,1001,Miller S,RIV02 PM,3:10:00 PM,3:19:59 PM,,3:19:59 PM,,,
10/29/2025 12:00:00 AM,Riverside Middle School,1002,Davis R,RIV03 PM,3:10:00 PM,3:29:26 PM,,3:29:26 PM,,,
10/29/2025 12:00:00 AM,Riverside Middle School,1003,Johnson T,RIV04 PM,3:10:00 PM,3:18:05 PM,,3:18:05 PM,,,
10/29/2025 12:00:00 AM,Metro High School,1010,Anderson C,MET01 PM,3:55:00 PM,4:30:34 PM,,4:30:34 PM,,,
10/29/2025 12:00:00 AM,Metro High School,1011,Taylor B,MET02 PM,3:55:00 PM,4:16:45 PM,,4:16:45 PM,,,
10/29/2025 12:00:00 AM,Metro High School,1012,Moore A,MET03 PM,3:55:00 PM,4:06:58 PM,,4:06:58 PM,,,
10/29/2025 12:00:00 AM,Northgate High School,1020,Brown K,NOR01 PM,3:55:00 PM,4:11:07 PM,,4:11:07 PM,,,
10/29/2025 12:00:00 AM,Northgate High School,1021,Johnson T,NOR02 PM,3:55:00 PM,4:18:42 PM,,4:18:42 PM,,,
10/29/2025 12:00:00 AM,Northgate High School,1022,Taylor B,NOR03 PM,3:55:00 PM,4:17:36 PM,,4:17:36 PM,,,
10/30/2025 12:00:00 AM,Anderson Elementary,900,Taylor B,AND01 PM,2:40:00 PM,3:25:28 PM,,3:25:28 PM,,,
10/30/2025 12:00:00 AM,Anderson Elementary,901,Brown K,AND02 PM,2:40:00 PM,2:55:03 PM,,2:55:03 PM,,,
10/30/2025 12:00:00 AM,Anderson Elementary,902,Taylor B,AND03 PM,2:40:00 PM,,,3:04:03 PM,,,
10/30/2025 12:00:00 AM,Anderson Elementary,903,Taylor B,AND04 PM,2:40:00 PM,3:35:07 PM,,3:35:07 PM,,,
10/30/2025 12:00:00 AM,Anderson Elementary,904,Brown K,AND05 PM,2:40:00 PM,2:52:13 PM,,2:52:13 PM,,,
10/30/2025 12:00:00 AM,Bammel Elementary,910,Thomas D,BAM01 PM,2:40:00 PM,2:56:28 PM,,2:56:28 PM,,,
10/30/2025 12:00:00 AM,Bammel Elementary,911,Brown K,BAM02 PM,2:40:00 PM,3:04:18 PM,,3:04:18 PM,,,
10/30/2025 12:00:00 AM,Bammel Elementary,912,Johnson T,BAM03 PM,2:40:00 PM,3:05:34 PM,,3:05:34 PM,,,
10/30/2025 12:00:00 AM,Bammel Elementary,913,Taylor B,BAM04 PM,2:40:00 PM,2:48:19 PM,,2:48:19 PM,,,
10/30/2025 12:00:00 AM,Bammel Elementary,914,Taylor B,BAM05 PM,2:40:00 PM,2:59:11 PM,,2:59:11 PM,,,
10/30/2025 12:00:00 AM,Cooper Elementary,920,Anderson C,COO01 PM,2:40:00 PM,2:52:41 PM,,2:52:41 PM,,,
10/30/2025 12:00:00 AM,Cooper Elementary,921,Johnson T,COO02 PM,2:40:00 PM,3:19:42 PM,,3:19:42 PM,,,
10/30/2025 12:00:00 AM,Cooper Elementary,922,Davis R,COO03 PM,2:40:00 PM,2:46:28 PM,,2:46:28 PM,,,
10/30/2025 12:00:00 AM,Cooper Elementary,923,Moore A,COO04 PM,2:40:00 PM,2:47:03 PM,,2:47:03 PM,,,
10/30/2025 12:00:00 AM,Cooper Elementary,924,Brown K,COO05 PM,2:40:00 PM,2:59:34 PM,,2:59:34 PM,,,
10/30/2025 12:00:00 AM,Heritage Elementary,930,Taylor B,HER01 PM,2:40:00 PM,3:24:47 PM,,3:24:47 PM,,,
10/30/2025 12:00:00 AM,Heritage Elementary,931,Brown K,HER02 PM,2:40:00 PM,2:59:00 PM,,2:59:00 PM,,,
10/30/2025 12:00:00 AM,Heritage Elementary,932,Thomas D,HER03 PM,2:40:00 PM,3:03:11 PM,,3:03:11 PM,,,
10/30/2025 12:00:00 AM,Heritage Elementary,933,Johnson T,HER04 PM,2:40:00 PM,3:21:49 PM,,3:21:49 PM,,,
10/30/2025 12:00:00 AM,Heritage Elementary,934,Moore A,HER05 PM,2:40:00 PM,2:55:29 PM,,2:55:29 PM,,,
10/30/2025 12:00:00 AM,Jenkins Elementary,940,Thomas D,JEN01 PM,2:40:00 PM,,,3:25:50 PM,,,
10/30/2025 12:00:00 AM,Jenkins Elementary,941,Johnson T,JEN02 PM,2:40:00 PM,3:04:02 PM,,3:04:02 PM,,,
10/30/2025 12:00:00 AM,Jenkins Elementary,942,Davis R,JEN03 PM,2:40:00 PM,2:55:41 PM,,2:55:41 PM,,,
10/30/2025 12:00:00 AM,Jenkins Elementary,943,Wilson J,JEN04 PM,2:40:00 PM,3:08:51 PM,,3:08:51 PM,,,
10/30/2025 12:00:00 AM,Jenkins Elementary,944,Taylor B,JEN05 PM,2:40:00 PM,2:53:50 PM,,2:53:50 PM,,,
10/30/2025 12:00:00 AM,Lewis Elementary,950,Johnson T,LEW01 PM,2:40:00 PM,3:20:12 PM,,3:20:12 PM,,,
10/30/2025 12:00:00 AM,Lewis Elementary,951,Moore A,LEW02 PM,2:40:00 PM,3:00:45 PM,,3:00:45 PM,,,
10/30/2025 12:00:00 AM,Lewis Elementary,952,Johnson T,LEW03 PM,2:40:00 PM,2:49:18 PM,,2:49:18 PM,,,
10/30/2025 12:00:00 AM,Lewis Elementary,953,Williams M,LEW04 PM,2:40:00 PM,2:48:46 PM,,2:48:46 PM,,,
10/30/2025 12:00:00 AM,Lewis Elementary,954,Taylor B,LEW05 PM,2:40:00 PM,2:50:08 PM,,2:50:08 PM,,,
10/30/2025 12:00:00 AM,Marshall Elementary,960,Thomas D,MAR01 PM,2:40:00 PM,2:45:00 PM,,2:45:00 PM,,,
10/30/2025 12:00:00 AM,Marshall Elementary,961,Brown K,MAR02 PM,2:40:00 PM,3:22:26 PM,,3:22:26 PM,,,
10/30/2025 12:00:00 AM,Marshall Elementary,962,Wilson J,MAR03 PM,2:40:00 PM,2:57:00 PM,,2:57:00 PM,,,
10/30/2025 12:00:00 AM,Marshall Elementary,963,Thomas D,MAR04 PM,2:40:00 PM,3:20:23 PM,,3:20:23 PM,,,
10/30/2025 12:00:00 AM,Marshall Elementary,964,Taylor B,MAR05 PM,2:40:00 PM,2:57:55 PM,,2:57:55 PM,,,
10/30/2025 12:00:00 AM,Reynolds Elementary,970,Anderson C,REY01 PM,2:40:00 PM,3:03:27 PM,,3:03:27 PM,,,
10/30/2025 12:00:00 AM,Reynolds Elementary,971,Brown K,REY02 PM,2:40:00 PM,3:01:08 PM,,3:01:08 PM,,,
10/30/2025 12:00:00 AM,Reynolds Elementary,972,Brown K,REY03 PM,2:40:00 PM,3:06:44 PM,,3:06:44 PM,,,
10/30/2025 12:00:00 AM,Reynolds Elementary,973,Thomas D,REY04 PM,2:40:00 PM,,,3:07:51 PM,,,
10/30/2025 12:00:00 AM,Reynolds Elementary,974,Taylor B,REY05 PM,2:40:00 PM,2:50:51 PM,,2:50:51 PM,,,
10/30/2025 12:00:00 AM,Westfield Middle School,980,Johnson T,WES01 PM,3:10:00 PM,,,3:46:06 PM,,,
10/30/2025 12:00:00 AM,Westfield Middle School,981,Williams M,WES02 PM,3:10:00 PM,3:32:20 PM,,3:32:20 PM,,,
10/30/2025 12:00:00 AM,Westfield Middle School,982,Wilson J,WES03 PM,3:10:00 PM,3:23:12 PM,,3:23:12 PM,,,
10/30/2025 12:00:00 AM,Westfield Middle School,983,Miller S,WES04 PM,3:10:00 PM,3:47:41 PM,,3:47:41 PM,,,
10/30/2025 12:00:00 AM,Lakewood Middle School,990,Davis R,LAK01 PM,3:10:00 PM,3:21:51 PM,,3:21:51 PM,,,
10/30/2025 12:00:00 AM,Lakewood Middle School,991,Anderson C,LAK02 PM,3:10:00 PM,3:36:24 PM,,3:36:24 PM,,,
10/30/2025 12:00:00 AM,Lakewood Middle School,992,Thomas D,LAK03 PM,3:10:00 PM,3:28:59 PM,,3:28:59 PM,,,
10/30/2025 12:00:00 AM,Lakewood Middle School,993,Brown K,LAK04 PM,3:10:00 PM,3:31:55 PM,,3:31:55 PM,,,
10/30/2025 12:00:00 AM,Riverside Middle School,1000,Thomas D,RIV01 PM,3:10:00 PM,3:43:52 PM,,3:43:52 PM,,,
10/30/2025 12:00:00 AM,Riverside Middle School,1001,Taylor B,RIV02 PM,3:10:00 PM,3:38:43 PM,,3:38:43 PM,,,
10/30/2025 12:00:00 AM,Riverside Middle School,1002,Anderson C,RIV03 PM,3:10:00 PM,3:26:40 PM,,3:26:40 PM,,,
10/30/2025 12:00:00 AM,Riverside Middle School,1003,Miller S,RIV04 PM,3:10:00 PM,3:19:02 PM,,3:19:02 PM,,,
10/30/2025 12:00:00 AM,Metro High School,1010,Moore A,MET01 PM,3:55:00 PM,4:09:12 PM,,4:09:12 PM,,,
10/30/2025 12:00:00 AM,Metro High School,1011,Wilson J,MET02 PM,3:55:00 PM,4:15:20 PM,,4:15:20 PM,,,
10/30/2025 12:00:00 AM,Metro High School,1012,Anderson C,MET03 PM,3:55:00 PM,4:09:33 PM,,4:09:33 PM,,,
10/30/2025 12:00:00 AM,Northgate High School,1020,Taylor B,NOR01 PM,3:55:00 PM,4:07:11 PM,,4:07:11 PM,,,
10/30/2025 12:00:00 AM,Northgate High School,1021,Thomas D,NOR02 PM,3:55:00 PM,,,4:08:00 PM,,,
10/30/2025 12:00:00 AM,Northgate High School,1022,Taylor B,NOR03 PM,3:55:00 PM,4:04:48 PM,,4:04:48 PM,,,
10/31/2025 12:00:00 AM,Anderson Elementary,900,Davis R,AND01 PM,2:40:00 PM,2:59:22 PM,,2:59:22 PM,,,
10/31/2025 12:00:00 AM,Anderson Elementary,901,Wilson J,AND02 PM,2:40:00 PM,3:24:27 PM,,3:24:27 PM,,,
10/31/2025 12:00:00 AM,Anderson Elementary,902,Davis R,AND03 PM,2:40:00 PM,3:07:03 PM,,3:07:03 PM,,,
10/31/2025 12:00:00 AM,Anderson Elementary,903,Johnson T,AND04 PM,2:40:00 PM,2:46:27 PM,,2:46:27 PM,,,
10/31/2025 12:00:00 AM,Anderson Elementary,904,Anderson C,AND05 PM,2:40:00 PM,2:59:30 PM,,2:59:30 PM,,,
10/31/2025 12:00:00 AM,Bammel Elementary,910,Brown K,BAM01 PM,2:40:00 PM,3:04:07 PM,,3:04:07 PM,,,
10/31/2025 12:00:00 AM,Bammel Elementary,911,Thomas D,BAM02 PM,2:40:00 PM,3:13:50 PM,,3:13:50 PM,,,
10/31/2025 12:00:00 AM,Bammel Elementary,912,Brown K,BAM03 PM,2:40:00 PM,3:06:20 PM,,3:06:20 PM,,,
10/31/2025 12:00:00 AM,Bammel Elementary,913,Miller S,BAM04 PM,2:40:00 PM,2:53:13 PM,,2:53:13 PM,,,
10/31/2025 12:00:00 AM,Bammel Elementary,914,Moore A,BAM05 PM,2:40:00 PM,3:05:09 PM,,3:05:09 PM,,,
10/31/2025 12:00:00 AM,Cooper Elementary,920,Anderson C,COO01 PM,2:40:00 PM,3:25:58 PM,,3:25:58 PM,,,
10/31/2025 12:00:00 AM,Cooper Elementary,921,Johnson T,COO02 PM,2:40:00 PM,2:46:37 PM,,2:46:37 PM,,,
10/31/2025 12:00:00 AM,Cooper Elementary,922,Moore A,COO03 PM,2:40:00 PM,3:40:28 PM,,3:40:28 PM,,,
10/31/2025 12:00:00 AM,Cooper Elementary,923,Wilson J,COO04 PM,2:40:00 PM,2:52:18 PM,,2:52:18 PM,,,
10/31/2025 12:00:00 AM,Cooper Elementary,924,Davis R,COO05 PM,2:40:00 PM,2:54:52 PM,,2:54:52 PM,,,
10/31/2025 12:00:00 AM,Heritage Elementary,930,Moore A,HER01 PM,2:40:00 PM,2:47:52 PM,,2:47:52 PM,,,
10/31/2025 12:00:00 AM,Heritage Elementary,931,Taylor B,HER02 PM,2:40:00 PM,3:24:20 PM,,3:24:20 PM,,,
10/31/2025 12:00:00 AM,Heritage Elementary,932,Davis R,HER03 PM,2:40:00 PM,3:34:17 PM,,3:34:17 PM,,,
10/31/2025 12:00:00 AM,Heritage Elementary,933,Johnson T,HER04 PM,2:40:00 PM,2:56:30 PM,,2:56:30 PM,,,
10/31/2025 12:00:00 AM,Heritage Elementary,934,Davis R,HER05 PM,2:40:00 PM,2:54:09 PM,,2:54:09 PM,,,
10/31/2025 12:00:00 AM,Jenkins Elementary,940,Johnson T,JEN01 PM,2:40:00 PM,2:50:37 PM,,2:50:37 PM,,,
10/31/2025 12:00:00 AM,Jenkins Elementary,941,Thomas D,JEN02 PM,2:40:00 PM,3:17:38 PM,,3:17:38 PM,,,
10/31/2025 12:00:00 AM,Jenkins Elementary,942,Wilson J,JEN03 PM,2:40:00 PM,2:59:51 PM,,2:59:51 PM,,,
10/31/2025 12:00:00 AM,Jenkins Elementary,943,Wilson J,JEN04 PM,2:40:00 PM,3:06:18 PM,,3:06:18 PM,,,
10/31/2025 12:00:00 AM,Jenkins Elementary,944,Thomas D,JEN05 PM,2:40:00 PM,2:57:24 PM,,2:57:24 PM,,,
10/31/2025 12:00:00 AM,Lewis Elementary,950,Moore A,LEW01 PM,2:40:00 PM,3:01:26 PM,,3:01:26 PM,,,
10/31/2025 12:00:00 AM,Lewis Elementary,951,Johnson T,LEW02 PM,2:40:00 PM,2:50:24 PM,,2:50:24 PM,,,
10/31/2025 12:00:00 AM,Lewis Elementary,952,Brown K,LEW03 PM,2:40:00 PM,2:58:58 PM,,2:58:58 PM,,,
10/31/2025 12:00:00 AM,Lewis Elementary,953,Brown K,LEW04 PM,2:40:00 PM,3:06:43 PM,,3:06:43 PM,,,
10/31/2025 12:00:00 AM,Lewis Elementary,954,Moore A,LEW05 PM,2:40:00 PM,2:57:05 PM,,2:57:05 PM,,,
10/31/2025 12:00:00 AM,Marshall Elementary,960,Anderson C,MAR01 PM,2:40:00 PM,3:00:39 PM,,3:00:39 PM,,,
10/31/2025 12:00:00 AM,Marshall Elementary,961,Thomas D,MAR02 PM,2:40:00 PM,3:35:41 PM,,3:35:41 PM,,,
10/31/2025 12:00:00 AM,Marshall Elementary,962,Williams M,MAR03 PM,2:40:00 PM,3:06:19 PM,,3:06:19 PM,,,
10/31/2025 12:00:00 AM,Marshall Elementary,963,Davis R,MAR04 PM,2:40:00 PM,2:57:37 PM,,2:57:37 PM,,,
10/31/2025 12:00:00 AM,Marshall Elementary,964,Moore A,MAR05 PM,2:40:00 PM,3:30:50 PM,,3:30:50 PM,,,
10/31/2025 12:00:00 AM,Reynolds Elementary,970,Johnson T,REY01 PM,2:40:00 PM,2:48:32 PM,,2:48:32 PM,,,
10/31/2025 12:00:00 AM,Reynolds Elementary,971,Johnson T,REY02 PM,2:40:00 PM,2:51:15 PM,,2:51:15 PM,,,
10/31/2025 12:00:00 AM,Reynolds Elementary,972,Davis R,REY03 PM,2:40:00 PM,3:00:02 PM,,3:00:02 PM,,,
10/31/2025 12:00:00 AM,Reynolds Elementary,973,Thomas D,REY04 PM,2:40:00 PM,3:04:01 PM,,3:04:01 PM,,,
10/31/2025 12:00:00 AM,Reynolds Elementary,974,Taylor B,REY05 PM,2:40:00 PM,3:07:06 PM,,3:07:06 PM,,,
10/31/2025 12:00:00 AM,Westfield Middle School,980,Moore A,WES01 PM,3:10:00 PM,3:31:15 PM,,3:31:15 PM,,,
10/31/2025 12:00:00 AM,Westfield Middle School,981,Anderson C,WES02 PM,3:10:00 PM,3:30:19 PM,,3:30:19 PM,,,
10/31/2025 12:00:00 AM,Westfield Middle School,982,Taylor B,WES03 PM,3:10:00 PM,3:30:09 PM,,3:30:09 PM,,,
10/31/2025 12:00:00 AM,Westfield Middle School,983,Johnson T,WES04 PM,3:10:00 PM,3:58:59 PM,,3:58:59 PM,,,
10/31/2025 12:00:00 AM,Lakewood Middle School,990,Thomas D,LAK01 PM,3:10:00 PM,3:15:01 PM,,3:15:01 PM,,,
10/31/2025 12:00:00 AM,Lakewood Middle School,991,Davis R,LAK02 PM,3:10:00 PM,3:27:10 PM,,3:27:10 PM,,,
10/31/2025 12:00:00 AM,Lakewood Middle School,992,Brown K,LAK03 PM,3:10:00 PM,3:20:33 PM,,3:20:33 PM,,,
10/31/2025 12:00:00 AM,Lakewood Middle School,993,Moore A,LAK04 PM,3:10:00 PM,3:18:07 PM,,3:18:07 PM,,,
10/31/2025 12:00:00 AM,Riverside Middle School,1000,Anderson C,RIV01 PM,3:10:00 PM,3:31:25 PM,,3:31:25 PM,,,
10/31/2025 12:00:00 AM,Riverside Middle School,1001,Taylor B,RIV02 PM,3:10:00 PM,3:30:43 PM,,3:30:43 PM,,,
10/31/2025 12:00:00 AM,Riverside Middle School,1002,Johnson T,RIV03 PM,3:10:00 PM,3:17:03 PM,,3:17:03 PM,,,
10/31/2025 12:00:00 AM,Riverside Middle School,1003,Wilson J,RIV04 PM,3:10:00 PM,3:28:59 PM,,3:28:59 PM,,,
10/31/2025 12:00:00 AM,Metro High School,1010,Taylor B,MET01 PM,3:55:00 PM,4:20:46 PM,,4:20:46 PM,,,
10/31/2025 12:00:00 AM,Metro High School,1011,Taylor B,MET02 PM,3:55:00 PM,,,4:23:57 PM,,,
10/31/2025 12:00:00 AM,Metro High School,1012,Brown K,MET03 PM,3:55:00 PM,4:30:35 PM,,4:30:35 PM,,,
10/31/2025 12:00:00 AM,Northgate High School,1020,Anderson C,NOR01 PM,3:55:00 PM,,,4:05:54 PM,,,
10/31/2025 12:00:00 AM,Northgate High School,1021,Moore A,NOR02 PM,3:55:00 PM,4:09:02 PM,,4:09:02 PM,,,
10/31/2025 12:00:00 AM,Northgate High School,1022,Taylor B,NOR03 PM,3:55:00 PM,4:01:42 PM,,4:01:42 PM,,,
